鄉鎮市區,交易標的,土地位置建物門牌,土地移轉總面積平方公尺,都市土地使用分區,非都市土地使用分區,非都市土地使用編定,交易年月日,交易筆棟數,移轉層次,總樓層數,建物型態,主要用途,主要建材,建築完成年月,建物移轉總面積平方公尺,建物現況格局-房,建物現況格局-廳,建物現況格局-衛,建物現況格局-隔間,有無管理組織,總價元,單價元平方公尺,車位類別,車位移轉總面積平方公尺,車位總價元,備註,編號,主建物面積,附屬建物面積,陽台面積,電梯,移轉編號
The villages and towns urban district,transaction sign,land sector position building sector house number plate,land shifting total area square meter,the use zoning or compiles and checks,the non-metropolis land use district,non-metropolis land use,transaction year month and day,transaction pen number,shifting level,total floor number,building state,main use,main building materials,construction to complete the years,building shifting total area,Building present situation pattern - room,building present situation pattern - hall,building present situation pattern - health,building present situation pattern - compartmented,Whether there is manages the organization,total price NTD,the unit price (NTD / square meter),the berth category,berth shifting total area square meter,the berth total price NTD,the note,serial number,main building area,auxiliary building area,balcony area,elevator,transaction number
后里區,土地,文德段456地號,84.58,都市：其他:道路用地,,,1150901,土地1建物0車位0,,,其他,,,,0.0,0,0,0,無,無,850000,10050,,0.0,0,包含公共設施保留地用地；,RPSNMLOJRHLGFDB48DA,0.0,0.0,0.0,無,0001
中區,房地(土地+建物),臺中市中區光復路１５１號６樓之９,3.76,都市：其他:第二種商業區,,,1150810,土地6建物1車位0,六層,十一層,住宅大樓(11層含以上有電梯),住商用,鋼筋混凝土造,0701118,42.269999999999996,1,1,1,有,有,2500000,59144,,0.0,0,,RPRQMLMKQHLGFAB18DA,33.93,0.0,3.69,有,0002
南區,房地(土地+建物),臺中市南區學府路１８９號９樓之１１,2.23,都市：其他:第一種商業區,,,1150816,土地2建物1車位0,九層,十五層,住宅大樓(11層含以上有電梯),住家用,鋼筋混凝土造,0831207,28.64,1,0,1,有,有,2700000,94274,,0.0,0,,RPVOMLRKQHLGFAB88DA,16.65,0.0,2.97,有,
南區,房地(土地+建物),臺中市南區崇倫街５０巷２８號二樓之１,26.7,都市：其他:第二種住宅區,,,1150813,土地2建物1車位0,二層,五層,公寓(5樓含以下無電梯),住家用,鋼筋混凝土造,0701104,95.68,3,2,2,有,無,4880000,51003,,0.0,0,其他增建；,RPROMLSKQHLGFAB58DA,72.96,0.0,14.1,無,
中區,房地(土地+建物),臺中市中區中華路一段１８５－９號,11.2,都市：其他:第二種商業區,,,1150820,土地2建物1車位0,一層,十一層,住宅大樓(11層含以上有電梯),商業用,鋼筋混凝土造,0780920,31.29,1,0,0,有,有,2000000,63918,,0.0,0,所有權人於78年購買後未入住使用也未出租他人也無申請自來水使用,RPUQMLLLQHLGFAB48DA,16.94,0.0,0.0,有,
西區,房地(土地+建物),臺中市西區中興四巷３號,12.88,都市：其他:第二種住宅區,,,1150815,土地1建物1車位0,全,一層,透天厝,住家用,磚造,,6.47,8,4,2,有,無,3000000,463679,,0.0,0,親友、員工、共有人或其他特殊關係間之交易；,RPWNMLQLQHLGFAB88DA,6.47,0.0,0.0,無,
北屯區,房地(土地+建物)+車位,臺中市北屯區環太東路４６３號五樓之８,19.37,都市：其他:第三種住宅區。,,,1150802,土地1建物1車位1,五層,十五層,住宅大樓(11層含以上有電梯),住家用,鋼筋混凝土造,1090820,122.74,2,2,1,有,有,11000000,89620,坡道平面,23.87,0,,RPPNMLPJQHLGFBB97DA,58.4,0.0,7.29,有,
北屯區,房地(土地+建物)+車位,臺中市北屯區安順二街１１號２樓,8.55,都市：其他:第二種住宅區,,,1150803,土地1建物1車位1,二層,十四層,住宅大樓(11層含以上有電梯),住家用,鋼筋混凝土造,0840609,115.09,2,1,1,有,有,8330000,72378,坡道平面,0.0,0,,RPRNMLKLQHLGFBB87DA,65.66,2.49,9.09,有,
北區,車位,臺中市北區梅川西路四段１４７號地下三層,0.0,,,,1150817,土地0建物1車位1,地下三層,十七層,其他,停車空間，防空避難室,鋼筋混凝土造,0831122,12.3,0,0,0,無,有,400000,,坡道機械,0.0,400000,建物坐落地號：東義段40地號；僅車位交易；,RPPRMLLLQHLGFBB18DA,0.0,0.0,0.0,有,0003
北區,房地(土地+建物),臺中市北區梅亭東街４８號,32.77,都市：其他:第二種住宅區,,,1150806,土地1建物1車位0,一層，二層，騎樓,五層,公寓(5樓含以下無電梯),住商用,鋼筋混凝土造,0740810,109.36,2,3,2,有,無,12000000,109729,,0.0,0,陽台外推；,RPTOMLOLQHLGFBB58DA,97.25,2.51,2.84,無,
西屯區,土地,民安段1791-2地號,2.95,都市：其他:道路用地,,,1150803,土地1建物0車位0,,,其他,,,,0.0,0,0,0,無,無,312956,106087,,0.0,0,包含公共設施保留地用地；,RPUNMLRKQHLGFCB88DA,0.0,0.0,0.0,無,0004
西屯區,土地,下石碑段1298地號,4.58,都市：其他:第二種住宅區,,,1150820,土地1建物0車位0,,,其他,,,,0.0,0,0,0,無,無,415433,90706,,0.0,0,含土地增值稅或其他稅費；含仲介費；含地政士服務費；其他；親友、員工、共有人或其他特殊關係間之交易；未登記建物；農作物；,RPWUMLQLQHLGFCB17DA,0.0,0.0,0.0,無,0005
大甲區,房地(土地+建物),臺中市大甲區水源路７０６巷２０６號,84.38,,鄉村區,乙種建築用地,1150801,土地1建物1車位0,全,二層,透天厝,住家用,鋼筋混凝土加強磚造,0681211,100.8,4,2,2,有,無,5600000,55556,,0.0,0,其他增建；,RPQNMLOKQHLGFEB38DA,100.8,0.0,0.0,無,
大甲區,土地,義和段154-4地號,515.4,,特定農業區,農牧用地,1150817,土地2建物0車位0,,,其他,,,,0.0,0,0,0,無,無,1700000,3298,,0.0,0,親友、員工、共有人或其他特殊關係間之交易；,RPSOMLRKQHLGFEB98DA,0.0,0.0,0.0,無,
大甲區,土地,義和段311-1地號,843.78,,特定農業區,農牧用地,1150817,土地2建物0車位0,,,其他,,,,0.0,0,0,0,無,無,2900000,3437,,0.0,0,親友、員工、共有人或其他特殊關係間之交易；,RPTOMLRKQHLGFEB09DA,0.0,0.0,0.0,無,
清水區,土地,楊厝段1373地號,11584.89,都市：其他:乙種工業區,,,1150806,土地1建物0車位0,,,其他,,,,0.0,0,0,0,無,無,140177169,12100,,0.0,0,雙方約訂地上農舍，併同交付買方使用管理，嗣日後變更為，賣方再配合辦理買賣過戶登記於買受人。,RPOPMLOJQHLGFFB38DA,0.0,0.0,0.0,無,
烏日區,房地(土地+建物)+車位,臺中市烏日區信義街５６號十二樓之１,28.67,都市：其他:第三種住宅區。,,,1150809,土地1建物1車位1,十二層,十四層,住宅大樓(11層含以上有電梯),住家用,鋼筋混凝土造,1100510,156.57999999999998,3,2,2,有,有,18900000,120705,坡道平面,28.97,0,,RPXNMLLKQHLGFIB56DA,75.6,1.44,9.17,有,0006
大肚區,房地(土地+建物)+車位,臺中市大肚區永順路７８巷６號,102.0,,,,1150805,土地5建物1車位1,全,四層,透天厝,住家用,鋼筋混凝土造,1150323,164.62,4,3,3,有,無,15980000,99441,一樓平面,18.0,1400000,,RPSNMLRLQHLGFKB96DA,157.92,0.0,6.41,無,
中區,房地(土地+建物),臺中市中區中華路一段１２１號１４樓之２０,1.65,都市：其他:第一種商業區,,,1150803,土地1建物1車位0,十四層,十九層,住宅大樓(11層含以上有電梯),住家用,鋼骨鋼筋混凝土造,0850520,34.08,1,1,2,有,有,1900000,55751,,0.0,0,陽台外推；夾層；,RPPNMLQLQHLGFAB28EA,20.21,1.48,1.98,有,0007
西屯區,建物,臺中市西屯區中清路二段１８９巷２１號,0.0,,,,1150807,土地0建物1車位0,全,三層,透天厝,住商用,鋼筋混凝土造,0891230,2.32,6,2,5,有,無,50000,21552,,0.0,0,建物坐落地號：下石碑段582地號；含租約；,RPRNMLOLQHLGFCB48EA,2.14,0.0,0.18,無,
中區,房地(土地+建物),臺中市中區民權路１６４號２１樓之１７,1.93,都市：其他:第二種商業區,,,1150805,土地2建物1車位0,二十一層,二十八層,住宅大樓(11層含以上有電梯),住家用,鋼骨造,0860131,37.39,1,1,1,有,有,2860000,76491,,0.0,0,,RPWNMLOKQHLGFAB58DA,22.18,0.0,3.12,有,0008
西區,房地(土地+建物),臺中市西區中山路４７０號四樓之８,11.41,都市：其他:第二種商業區,,,1150816,土地2建物1車位0,四層,七層,華廈(10層含以下有電梯),住家用,鋼筋混凝土造,1060125,63.07000000000001,1,1,1,有,有,7880000,124941,,0.0,0,夾層；,RPRNMLQLQHLGFAB38DA,36.35,1.73,3.12,有,0009
西區,房地(土地+建物),臺中市西區忠仁街８０號五樓,24.0,都市：其他:第二種住宅區,,,1150810,土地1建物1車位0,五層,五層,公寓(5樓含以下無電梯),住家用,鋼筋混凝土造,0760527,93.3,1,1,1,有,無,1600000,17149,,0.0,0,親友、員工、共有人或其他特殊關係間之交易；,RPQNMLSLQHLGFAB48DA,81.43,2.22,9.65,無,
北區,車位,臺中市北區進化北路３６７號地下一層停車場等公共設施,0.0,,,,1150805,土地0建物1車位1,,,其他,,,,9.84,0,0,0,無,有,550000,,坡道機械,9.84,550000,建物坐落地號：賴厝段442地號；僅車位交易；,RPPUNLOKQHLGFBB78DA,0.0,0.0,0.0,有,0010
北區,車位,臺中市北區進化北路３６７號地下一層停車場等公共設施,0.0,,,,1150805,土地0建物1車位1,,,其他,,,,9.84,0,0,0,無,有,550000,,坡道機械,9.84,550000,建物坐落地號：賴厝段442地號；僅車位交易；,RPTUNLOKQHLGFBB56DA,0.0,0.0,0.0,有,0010
北屯區,房地(土地+建物),臺中市北屯區平興街１３５號７樓,10.7,都市：其他:第二種住宅區,,,1150806,土地1建物1車位0,七層,八層,華廈(10層含以下有電梯),住家用,鋼筋混凝土造,0820505,67.75,2,1,1,有,有,6000000,88561,,0.0,0,,RPTOMLTKQHLGFBB98DA,47.7,0.0,9.38,有,
西屯區,房地(土地+建物),臺中市西屯區忠義街７８之１２號,4.43,都市：其他:第一種商業區,,,1150809,土地1建物1車位0,八層,八層,華廈(10層含以下有電梯),住家用,鋼筋混凝土造,0810703,35.16,1,1,1,有,有,2650000,75370,,0.0,0,陽台外推；,RPRQNLMKQHLGFCB48DA,27.59,0.0,2.59,有,
西屯區,房地(土地+建物)+車位,臺中市西屯區臺灣大道四段１１３０號十二樓之１,32.52,都市：其他:第三之一種住宅區,,,1150801,土地2建物1車位2,十二層,十五層,住宅大樓(11層含以上有電梯),住家用,鋼筋混凝土造,0951205,330.39,2,2,2,有,有,36880000,111626,坡道平面,56.22,0,陽台外推；,RPOSMLOLQHLGFCB58DA,163.9,2.23,34.71,有,
西屯區,房地(土地+建物),臺中市西屯區黎明路三段３１６號二樓之５,3.22,都市：其他:第二種商業區,,,1150801,土地1建物1車位0,二層,十三層,住宅大樓(11層含以上有電梯),住家用,鋼筋混凝土造,0840220,24.02,1,0,1,有,有,2150000,89509,,0.0,0,其他增建；,RPWNOLQLQHLGFCB66DA,14.25,0.0,2.3,有,
神岡區,房地(土地+建物),臺中市神岡區中山路１１５１號,184.31,都市：其他:第一之二種住宅區,,,1150810,土地1建物1車位0,全,二層,透天厝,商業用,加強磚造,0540815,180.9,6,1,2,有,無,16000000,88447,,0.0,0,其他增建；未登記建物；,RPTNMLSLQHLGFDB09DA,180.9,0.0,0.0,無,
清水區,房地(土地+建物),臺中市清水區光華路２１號,111.02,都市：其他:第四種住宅區,,,1150809,土地1建物1車位0,全,三層,透天厝,住商用,鋼筋混凝土造,0740131,244.07,6,1,3,有,無,13000000,53263,,0.0,0,,RPQNMLLMQHLGFFB38DA,244.07,0.0,0.0,無,
龍井區,房地(土地+建物),臺中市龍井區學園路９８號,204.88,,一般農業區,丙種建築用地,1150818,土地1建物1車位0,全,二層,透天厝,住商用,加強磚造,0660905,182.42,7,4,3,有,無,2270000,12444,,0.0,0,本件買賣產權移轉時，所需負擔之代書費、各項稅費由買方負擔親友、員工、共有人或其他特殊關係間之交易；其他增建；,RPPNMLLLQHLGFKB68DA,182.42,0.0,0.0,無,
南區,房地(土地+建物)+車位,臺中市南區工學二街１１５巷１０號１２樓之１,18.29,都市：其他:第三種住宅區。,,,1150817,土地1建物1車位1,十二層,十三層,住宅大樓(11層含以上有電梯),住家用,鋼筋混凝土造,0870930,133.76,3,2,2,有,有,9300000,74510,坡道平面,25.05,1200000,,RPWOMLRKQHLGFAB98DA,76.17,0.0,9.06,有,
東區,房地(土地+建物)+車位,臺中市東區復興路四段２２０巷５弄７號四樓之７,24.92,都市：其他:第二種住宅區,,,1150817,土地7建物1車位1,四層,四層,公寓(5樓含以下無電梯),住家用,鋼筋混凝土造,0690422,85.9,3,2,1,有,無,6800000,79162,坡道平面,0.0,0,,RPXOMLSKQHLGFAB56DA,85.9,0.0,0.0,無,0012
西區,房地(土地+建物),臺中市西區公益路１１９號１２樓之５,3.2,都市：其他:第二種住宅區,,,1150820,土地2建物1車位0,十二層,十三層,住宅大樓(11層含以上有電梯),住家用,鋼筋混凝土造,0830714,30.89,1,0,1,有,有,2750000,89026,,0.0,0,,RPPNMLOLQHLGFAB97DA,18.11,0.0,2.21,有,
中區,房地(土地+建物),臺中市中區光復路１５１號５樓之９,3.73,都市：其他:第二種商業區,,,1150806,土地6建物1車位0,五層,十一層,住宅大樓(11層含以上有電梯),住商用,鋼筋混凝土造,0701118,45.94,1,1,1,有,有,2973900,64734,,0.0,0,,RPQNMLPLQHLGFAB18DA,33.93,0.0,3.69,有,
北屯區,房地(土地+建物)+車位,臺中市北屯區松竹路二段３４６巷８號七樓之１,24.95,都市：其他:第二種住宅區,,,1150801,土地1建物1車位1,七層,十二層,住宅大樓(11層含以上有電梯),住家用,鋼筋混凝土造,1031022,153.47,3,2,2,有,有,16180000,105428,坡道平面,25.43,0,,RPQNMLKLQHLGFBB77DA,76.21,2.39,10.53,有,
西屯區,土地,信安段852-1地號,10.78,都市：其他:道路用地,,,1150818,土地3建物0車位0,,,其他,,,,0.0,0,0,0,無,無,2000000,185529,,0.0,0,親友、員工、共有人或其他特殊關係間之交易；包含公共設施保留地用地；,RPXRMLOLQHLGFCB76DA,0.0,0.0,0.0,無,0013
后里區,土地,圳寮段106-39地號,184.0,非都市：山坡地保育區 ; 非都市編定：丙種建築用地,,,1150811,土地2建物0車位0,,,其他,,,,0.0,0,0,0,無,無,2000000,10870,,0.0,0,增值稅由買方繳納親友、員工、共有人或其他特殊關係間之交易；,RPUNMLMKQHLGFDB48DA,0.0,0.0,0.0,無,
豐原區,房地(土地+建物),臺中市豐原區南陽路２９８巷１８號四樓,33.4,都市：其他:第二種住宅區,,,1150805,土地1建物2車位0,四層,五層,公寓(5樓含以下無電梯),住家用,鋼筋混凝土造,0780928,103.68,3,2,2,有,有,4350000,41956,,0.0,0,,RPQNMLLLQHLGFDB08DA,82.15,0.0,8.44,無,
后里區,土地,里城段189地號,1601.0,,特定農業區,農牧用地,1150814,土地1建物0車位0,,,其他,,,,0.0,0,0,0,無,無,3950000,2467,,0.0,0,,RPUNMLSLQHLGFDB56DA,0.0,0.0,0.0,無,
后里區,土地,里城段190地號,1170.0,,特定農業區,農牧用地,1150814,土地1建物0車位0,,,其他,,,,0.0,0,0,0,無,無,2935000,2509,,0.0,0,,RPVNMLSLQHLGFDB66DA,0.0,0.0,0.0,無,0014
大甲區,房地(土地+建物),臺中市大甲區新政路１１６巷２９號,83.0,都市：其他:住宅區,,,1150801,土地1建物1車位0,全,二層,透天厝,住家用,鋼筋混凝土加強磚造,0570415,81.2,2,2,0,有,無,4700000,57882,,0.0,0,其他增建；未登記建物；,RPSNMLRJQHLGFEB78DA,81.2,0.0,0.0,無,0015
沙鹿區,土地,大學段1176地號,19.08,都市：其他:第二種住宅區,,,1150813,土地1建物0車位0,,,其他,,,,0.0,0,0,0,無,無,432750,22681,,0.0,0,,RPQNMLRKQHLGFFB78DA,0.0,0.0,0.0,無,0016
梧棲區,房地(土地+建物)+車位,臺中市梧棲區大同街２８８號七樓之２,19.24,都市：其他:第一種商業區,,,1150820,土地1建物1車位1,七層,十二層,住宅大樓(11層含以上有電梯),住家用,鋼筋混凝土造,1140626,133.66,3,2,2,有,有,7650000,57235,坡道平面,28.25,0,,RPROMLPLQHLGFFB88DA,61.32,0.0,8.34,有,0017
清水區,土地,銀聯段1565地號,214.12,都市：其他:第四種住宅區,,,1150825,土地2建物0車位0,,,其他,,,,0.0,0,0,0,無,無,10500000,49038,,0.0,0,,RPTOMLPLQHLGFFB09DA,0.0,0.0,0.0,無,
沙鹿區,房地(土地+建物)+車位,臺中市沙鹿區永寧路一段７８號十樓之５,14.08,都市：其他:第四種住宅區,,,1150803,土地1建物1車位1,十層,十五層,住宅大樓(11層含以上有電梯),住家用,鋼筋混凝土造,1140310,111.36,2,2,1,有,有,9200000,88358,坡道平面,24.78,1550000,,RPTPMLSLQHLGFFB86DA,53.76,0.0,4.04,有,
新社區,土地,水底寮段上水底寮小段2931地號,7730.0,,山坡地保育區,農牧用地,1150801,土地2建物0車位0,,,其他,,,,0.0,0,0,0,無,無,2500000,323,,0.0,0,,RPQNMLRKQHLGFGB88DA,0.0,0.0,0.0,無,
大雅區,土地,員寶段632地號,64.49,都市：其他:農業區,,,1150806,土地1建物0車位0,,,其他,,,,0.0,0,0,0,無,無,1501972,23290,,0.0,0,政府機關標讓售；,RPTNMLSKQHLGFHB76DA,0.0,0.0,0.0,無,
大雅區,土地,馬岡段31地號,138.94,都市：其他:道路用地,,,1150807,土地3建物0車位0,,,其他,,,,0.0,0,0,0,無,無,440000,3167,,0.0,0,包含公共設施保留地用地；,RPPNMLSLQHLGFHB09DA,0.0,0.0,0.0,無,
龍井區,土地,中山段464地號,6.93,都市：其他:農業區,,,1150816,土地1建物0車位0,,,其他,,,,0.0,0,0,0,無,無,62863,9071,,0.0,0,,RPPNMLSLQHLGFKB86EA,0.0,0.0,0.0,無,0018
南區,房地(土地+建物),臺中市南區工學五街６號３樓之１,12.87,都市：其他:第三種住宅區。,,,1150804,土地1建物1車位0,三層,十四層,住宅大樓(11層含以上有電梯),住家用,鋼筋混凝土造,0850802,117.64,2,2,2,有,有,6000000,51003,,0.0,0,其他增建；,RPQPMLOJQHLGFAB08DA,75.14,3.49,11.46,有,
中區,房地(土地+建物)+車位,臺中市中區中山路１７５巷１８號七樓之６,16.96,都市：其他:第一種商業區,,,1150802,土地1建物1車位1,七層,七層,華廈(10層含以下有電梯),住家用,鋼筋混凝土造,1080930,88.93,2,0,2,有,有,9600000,107950,升降機械,11.6,0,本案土地價款576萬元整，建物價款384萬元整。,RPVNMLTKQHLGFAB98DA,45.99,0.0,3.82,有,0019
西區,房地(土地+建物),臺中市西區中美街３０９號,80.0,都市：其他:第二種住宅區,,,1150810,土地1建物1車位0,全,四層,透天厝,住商用,鋼筋混凝土造,0821228,235.52,5,1,5,有,無,26000000,110394,,0.0,0,頂樓加蓋；其他增建；,RPPNMLLLQHLGFAB67DA,220.01,11.37,4.14,無,
南區,房地(土地+建物),臺中市南區復興北路５１５號五樓,12.39,都市：其他:第三種住宅區。,,,1150801,土地2建物1車位0,五層,十二層,住宅大樓(11層含以上有電梯),住家用,鋼筋混凝土造,0821125,88.76,3,2,2,有,有,8450000,95201,,0.0,0,包含公共設施保留地用地；,RPTQMLLLQHLGFAB38DA,68.4,0.0,8.13,有,0020
北屯區,土地,和平段336地號,537.5,都市：其他:第一種住宅區,,,1150803,土地1建物0車位0,,,其他,,,,0.0,0,0,0,無,無,100805000,187544,,0.0,0,,RPUSMLNJQHLGFBB78DA,0.0,0.0,0.0,無,
北屯區,土地,和平段336-1地號,537.51,都市：其他:第一種住宅區,,,1150815,土地1建物0車位0,,,其他,,,,0.0,0,0,0,無,無,100805000,187541,,0.0,0,,RPRNMLPKQHLGFBB28DA,0.0,0.0,0.0,無,
北區,房地(土地+建物)+車位,臺中市北區育樂街５８號十七樓之３,13.08,都市：其他:第二之一種商業區,,,1150813,土地1建物1車位1,十七層,二十二層,住宅大樓(11層含以上有電梯),住家用,鋼筋混凝土造,1080513,134.85,2,2,1,有,有,14300000,106044,坡道平面,34.66,0,,RPTQMLLLQHLGFBB48DA,64.32,0.0,5.81,有,0021
北區,房地(土地+建物),臺中市北區錦南街１０號５樓,23.18,都市：其他:第二種住宅區,,,1150812,土地9建物1車位0,五層,十二層,住宅大樓(11層含以上有電梯),住家用,鋼筋混凝土造,0740323,93.08,3,2,2,有,有,7250000,77890,,0.0,0,社區名稱 : 莒光新城,RPWNMLSLQHLGFBB56DA,80.7,2.2,10.18,有,
南屯區,土地,三富段66地號,156.95,都市：其他:第一之C種住宅區,,,1150803,土地1建物0車位0,,,其他,,,,0.0,0,0,0,無,無,38800000,247212,,0.0,0,,RPQOMLQLQHLGFCB58DA,0.0,0.0,0.0,無,0022
豐原區,土地,鐮村段309地號,1261.36,,特定農業區,農牧用地,1150805,土地1建物0車位0,,,其他,,,,0.0,0,0,0,無,無,25500000,20216,,0.0,0,未登記建物；,RPVNMLKKQHLGFDB38DA,0.0,0.0,0.0,無,
豐原區,房地(土地+建物),臺中市豐原區向陽路４８號十二樓之３,3.44,都市：其他:第二種商業區,,,1150805,土地1建物1車位0,十二層,十三層,住宅大樓(11層含以上有電梯),住家用,鋼筋混凝土造,0860602,36.1,1,0,1,有,有,3050000,84488,,0.0,0,,RPUNMLRKQHLGFDB98DA,21.41,0.0,2.26,有,
大甲區,土地,臨江段1082-4地號,73.45,都市：其他:住宅區,,,1150811,土地1建物0車位0,,,其他,,,,0.0,0,0,0,無,無,3243000,44152,,0.0,0,親友、員工、共有人或其他特殊關係間之交易；,RPRNMLMKQHLGFEB28DA,0.0,0.0,0.0,無,0023
大甲區,土地,臨江段1082-4地號,45.71,都市：其他:住宅區,,,1150811,土地1建物0車位0,,,其他,,,,0.0,0,0,0,無,無,2018000,44148,,0.0,0,親友、員工、共有人或其他特殊關係間之交易；,SPRNMLMKQHLGFEB38DA,0.0,0.0,0.0,無,0023
沙鹿區,土地,大學段1646地號,287.11,都市：其他:保護區,,,1150816,土地2建物0車位0,,,其他,,,,0.0,0,0,0,無,無,1042080,3630,,0.0,0,親友、員工、共有人或其他特殊關係間之交易；,RPQNMLNLQHLGFFB48DA,0.0,0.0,0.0,無,0025
清水區,房地(土地+建物)+車位,臺中市清水區建國路１３８號七樓之二,53.51,都市：其他:第四種住宅區,,,1150823,土地1建物1車位1,七層,十四層,住宅大樓(11層含以上有電梯),住家用,鋼筋混凝土造,0940927,179.81,3,2,2,有,有,8200000,45604,坡道平面,0.0,0,,RPPOMLOLQHLGFFB58DA,99.38,0.0,12.88,有,
梧棲區,房地(土地+建物)+車位,臺中市梧棲區八德東路６７號二十五樓之５,9.42,都市：其他:第四種商業區,,,1150808,土地1建物1車位1,二十五層,二十八層,住宅大樓(11層含以上有電梯),住家用,鋼筋混凝土造,1140606,131.05,3,2,2,有,有,7500000,57230,坡道平面,24.74,0,,RPOOMLQLQHLGFFB68DA,66.47,0.0,4.34,有,0026
石岡區,房地(土地+建物),臺中市石岡區豐勢路７７巷１５號,150.62,,鄉村區,乙種建築用地,1150806,土地1建物1車位0,全,三層,透天厝,住家用,加強磚造,0601000,176.2,4,2,1,有,無,5880000,33371,,0.0,0,其他增建；,RPRNMLTKQHLGFGB56DA,176.2,0.0,0.0,無,
潭子區,土地,大新段761地號,112.76,都市：其他:農業區,,,1150806,土地1建物0車位0,,,其他,,,,0.0,0,0,0,無,無,5200000,46116,,0.0,0,,RPUNMLQJQHLGFHB56DA,0.0,0.0,0.0,無,
潭子區,房地(土地+建物),臺中市潭子區榮興街２１巷１號,7.4,都市：其他:第一之一種住宅區,,,1150806,土地1建物1車位0,一層,十三層,住宅大樓(11層含以上有電梯),商業用,鋼筋混凝土造,0840520,36.78,0,0,0,無,有,4563000,124096,,0.0,0,親友、員工、共有人或其他特殊關係間之交易；,RPVNMLLMQHLGFHB09DA,26.53,0.0,0.0,有,0027
大肚區,土地,福和北段81地號,313.73,,山坡地保育區,丁種建築用地,1150805,土地1建物0車位0,,,其他,,,,0.0,0,0,0,無,無,9015500,28736,,0.0,0,,RPPNMLNJQHLGFKB68DA,0.0,0.0,0.0,無,
龍井區,土地,忠和段2530-11地號,6.75,都市：其他:第四種住宅區,,,1150825,土地1建物0車位0,,,其他,,,,0.0,0,0,0,無,無,244800,36267,,0.0,0,,RPRNMLLJRHLGFKB78DA,0.0,0.0,0.0,無,
北區,土地,新賴厝一段37-1地號,10.41,都市：其他:第三種住宅區。,,,1150813,土地1建物0車位0,,,其他,,,,0.0,0,0,0,無,無,2363799,227070,,0.0,0,政府機關標讓售；,RPPNMLLMQHLGFBB97EA,0.0,0.0,0.0,無,
西區,房地(土地+建物)+車位,臺中市西區精誠五街３３號６樓之６,9.6,都市：其他:第三種住宅區。,,,1150807,土地1建物1車位1,六層,十四層,住宅大樓(11層含以上有電梯),住家用,鋼筋混凝土造,0870731,102.31,2,2,1,有,有,9380000,91509,坡道平面,12.92,1200000,陽台外推；其他增建；,RPWNMLRJQHLGFAB78DA,53.46,0.0,5.33,有,
南區,土地,下橋子頭段347-30地號,13.33,都市：其他:綠地用地兼作排水道使用,,,1150814,土地1建物0車位0,,,其他,,,,0.0,0,0,0,無,無,1354580,101619,,0.0,0,包含公共設施保留地用地；,RPUQMLLMQHLGFAB58DA,0.0,0.0,0.0,無,
南區,房地(土地+建物),臺中市南區仁義街１３８號７樓,27.0,都市：其他:第二種住宅區,,,1150811,土地1建物1車位0,七層,七層,華廈(10層含以下有電梯),住家用,鋼筋混凝土造,0830516,208.47,12,0,12,有,有,12500000,59961,,0.0,0,陽台外推；頂樓加蓋；,RPSNMLMJRHLGFAB97DA,155.55,0.0,12.41,有,
北屯區,房地(土地+建物)+車位,臺中市北屯區軍福十三路６５號十五樓之５,22.35,都市：其他:第三種住宅區。,,,1150803,土地1建物1車位2,十五層,十五層,住宅大樓(11層含以上有電梯),住家用,鋼筋混凝土造,1150703,153.99,4,2,2,有,有,19500000,151456,坡道平面,51.98,4050000,預售屋、或土地及建物分件登記案件；,RPTRMLLLQHLGFBB58DA,90.31,0.0,11.6,有,
北區,房地(土地+建物),臺中市北區南京東路二段７４號３樓之２,17.69,都市：其他:第二種住宅區,,,1150823,土地1建物1車位0,三層,五層,公寓(5樓含以下無電梯),住家用,鋼筋混凝土造,0711111,56.41,2,2,1,有,無,4380000,77646,,0.0,0,,RPWNMLQLQHLGFBB98DA,43.06,0.0,7.44,無,0028
北區,房地(土地+建物)+車位,臺中市北區太原路一段５２８之１２號八樓之３,20.48,都市：其他:第二種住宅區,,,1150814,土地1建物1車位2,八層,十一層,住宅大樓(11層含以上有電梯),住家用,鋼筋混凝土造,1111028,158.4,2,1,1,有,有,13200000,83333,坡道平面,74.62,0,,RPUPMLLMQHLGFBB58DA,50.84,0.0,4.0,有,0029
北區,房地(土地+建物),臺中市北區北平二街１之１號,29.99,都市：其他:第二種住宅區,,,1150806,土地3建物1車位0,二層,七層,華廈(10層含以下有電梯),住家用,鋼筋混凝土造,0730411,86.37,3,2,1,有,有,7750000,89730,,0.0,0,,RPRPMLLJRHLGFBB08DA,80.04,0.04,6.29,有,
北屯區,房地(土地+建物)+車位,臺中市北屯區景和東街３５８號９樓之１,24.98,都市：其他:第三種住宅區。,,,1150804,土地1建物1車位1,九層,十二層,住宅大樓(11層含以上有電梯),住家用,鋼筋混凝土造,0951226,183.98000000000002,4,2,2,有,有,15000000,81531,坡道平面,33.04,0,陽台外推；,RPRNMLMJRHLGFBB97DA,97.56,2.19,9.83,有,
南屯區,土地,埔興段1325-3地號,5.58,都市：其他:第二之二種住宅區,,,1150818,土地1建物0車位0,,,其他,,,,0.0,0,0,0,無,無,287500,51523,,0.0,0,親友、員工、共有人或其他特殊關係間之交易；,RPXOMLKLQHLGFCB68DA,0.0,0.0,0.0,無,0030
西屯區,房地(土地+建物),臺中市西屯區西屯路二段湳子巷９之１１號三樓之１５,6.1,都市：其他:第三之二種住宅區,,,1150826,土地1建物1車位0,三層,六層,華廈(10層含以下有電梯),住家用,鋼筋混凝土造,0960523,33.96,1,0,1,有,有,2770000,81567,,0.0,0,,RPTRMLRLQHLGFCB66DA,14.1,1.26,0.0,有,0031
西屯區,土地,民安段1694-1地號,6.29,都市：其他:第一之一種住宅區,,,1150814,土地1建物0車位0,,,其他,,,,0.0,0,0,0,無,無,920572,146355,,0.0,0,包含公共設施保留地用地；,RPUNMLLMQHLGFCB48DA,0.0,0.0,0.0,無,0032
南屯區,房地(土地+建物)+車位,臺中市南屯區文心南路７３號二十二樓之７,15.95,都市：其他:第三種商業區,,,1150802,土地1建物1車位1,二十二層,二十四層,住宅大樓(11層含以上有電梯),住家用,鋼筋混凝土造,1120706,189.82,3,2,2,有,有,30000000,158044,坡道平面,30.65,0,,RPXNMLLMQHLGFCB78DA,94.31,1.02,8.89,有,0033
西屯區,房地(土地+建物),臺中市西屯區福聯街１５巷９號七樓之２５,3.84,都市：其他:第一之一種住宅區,,,1150825,土地1建物1車位0,七層,十三層,住宅大樓(11層含以上有電梯),住家用,鋼筋混凝土造,0830908,21.7,1,0,1,有,有,1400000,64516,,0.0,0,,RPVPMLLJRHLGFCB58DA,12.58,0.0,1.44,有,
西屯區,房地(土地+建物),臺中市西屯區福聯街１５巷９號六樓之８,3.84,都市：其他:第一之一種住宅區,,,1150825,土地1建物1車位0,六層,十三層,住宅大樓(11層含以上有電梯),住家用,鋼筋混凝土造,0830908,21.59,1,0,1,有,有,1400000,64845,,0.0,0,,RPXPMLLJRHLGFCB78DA,12.47,0.0,1.44,有,
西屯區,房地(土地+建物),臺中市西屯區福聯街７２號七樓之３２,5.84,都市：其他:第一之一種住宅區,,,1150825,土地1建物1車位0,七層,七層,華廈(10層含以下有電梯),住家用,鋼筋混凝土造,0830604,33.42,1,0,1,有,有,2300000,68821,,0.0,0,,RPOQMLLJRHLGFCB97DA,19.78,0.0,2.4,有,
豐原區,房地(土地+建物),臺中市豐原區南陽路國民新村１３之４號,72.0,都市：其他:第三種住宅區。,,,1150802,土地1建物1車位0,全,二層,透天厝,住家用,加強磚造,0640520,92.37,4,2,2,有,無,7400000,80113,,0.0,0,頂樓加蓋；其他增建；,RPXNMLPLQHLGFDB56DA,92.37,0.0,0.0,無,
豐原區,房地(土地+建物),臺中市豐原區圓環東路３６２號九樓之３,7.15,都市：其他:第三種住宅區。,,,1150801,土地1建物1車位0,九層,十四層,住宅大樓(11層含以上有電梯),住家用,鋼筋混凝土造,0901018,60.2,2,2,1,有,有,5250000,87209,,0.0,0,,RPWNMLQLQHLGFDB56DA,38.98,0.0,5.47,有,
神岡區,房地(土地+建物),臺中市神岡區中山路２４１巷１之１號,98.1,都市：其他:乙種工業區,,,1150817,土地1建物1車位0,全,三層,透天厝,工商用,見使用執照,0730426,164.22,0,0,0,無,無,4750000,28925,,0.0,0,發生火災其他增建；瑕疵物件；,RPRNMLLJRHLGFDB08DA,159.62,0.0,4.6,無,0034
沙鹿區,房地(土地+建物),臺中市沙鹿區中山路６２６號五樓之５,10.15,都市：其他:第四種住宅區,,,1150818,土地2建物1車位0,五層,七層,華廈(10層含以下有電梯),住家用,鋼筋混凝土造,1141127,38.29,1,0,1,有,無,3760000,98198,,0.0,0,其他增建；,RPPNMLTKQHLGFFB88DA,19.95,0.0,2.39,有,
大雅區,土地,六雅段1085地號,66.06,都市：其他:第二種住宅區,,,1150807,土地1建物0車位0,,,其他,,,,0.0,0,0,0,無,無,1600000,24220,,0.0,0,未登記建物；,RPPNMLLJRHLGFHB28DA,0.0,0.0,0.0,無,
霧峰區,土地,峰南段79地號,77.5,都市：其他:商業區,,,1150801,土地2建物0車位0,,,其他,,,,0.0,0,0,0,無,無,5000000,64516,,0.0,0,,RPWOMLLLQHLGFIB66DA,0.0,0.0,0.0,無,
太平區,房地(土地+建物)+車位,臺中市太平區太順路３８５號九樓之２,23.91,都市：其他:住宅區,,,1150802,土地1建物1車位1,九層,十五層,住宅大樓(11層含以上有電梯),住家用,鋼筋混凝土造,1060707,158.39,3,2,2,有,有,14100000,89021,坡道平面,25.94,0,,RPTNMLNJQHLGFJB98DA,80.4,0.0,9.55,有,0035
大安區,土地,安地段1222地號,1085.2,,鄉村區,乙種建築用地,1150809,土地2建物0車位0,,,其他,,,,0.0,0,0,0,無,無,6565400,6050,,0.0,0,未登記建物；,RPPNMLNJRHLGFEB28EA,0.0,0.0,0.0,無,
西區,房地(土地+建物),臺中市西區中華路１段１－７號１４樓之７,2.6,都市：其他:第一種商業區,,,1150827,土地1建物1車位0,十四層,二十二層,住宅大樓(11層含以上有電梯),住家用,鋼骨鋼筋混凝土造,0850119,43.370000000000005,1,1,1,有,有,2300000,53032,,0.0,0,,RPTNMLSLQHLGFAB78DA,19.94,0.0,3.91,有,
南區,土地,下橋子頭段124-559地號,15.0,都市：其他:第二種住宅區,,,1150812,土地1建物0車位0,,,其他,,,,0.0,0,0,0,無,無,2074200,138280,,0.0,0,政府機關標讓售；,RPRNMLNJRHLGFAB97DA,0.0,0.0,0.0,無,
北區,土地,文正段8-203地號,73.0,都市：其他:第一種商業區,,,1150824,土地2建物0車位0,,,其他,,,,0.0,0,0,0,無,無,8500000,116438,,0.0,0,土地價款8450000元整建物價款50000元整未登記建物；,RPSOMLOLQHLGFBB48DA,0.0,0.0,0.0,無,0036
北屯區,土地,太祥段200-4地號,3.3,都市：其他:第一種住宅區,,,1150821,土地1建物0車位0,,,其他,,,,0.0,0,0,0,無,無,400000,121212,,0.0,0,親友、員工、共有人或其他特殊關係間之交易；,RPOOMLLJRHLGFBB67DA,0.0,0.0,0.0,無,
北屯區,土地,太祥段200-5地號,5.4,都市：其他:第一種住宅區,,,1150821,土地2建物0車位0,,,其他,,,,0.0,0,0,0,無,無,400000,74074,,0.0,0,親友、員工、共有人或其他特殊關係間之交易；,RPPOMLLJRHLGFBB77DA,0.0,0.0,0.0,無,
北屯區,土地,太祥段200-2地號,3.3,都市：其他:第一種住宅區,,,1150821,土地2建物0車位0,,,其他,,,,0.0,0,0,0,無,無,400000,121212,,0.0,0,北屯區太祥段200-2地號買賣價金為286000，同段200-3地號買賣價金為114000。親友、員工、共有人或其他特殊關係間之交易；,RPQOMLLJRHLGFBB87DA,0.0,0.0,0.0,無,
西屯區,房地(土地+建物),臺中市西屯區西屯路二段上石北２巷３６號六樓之８,6.91,都市：其他:第三種商業區,,,1150808,土地1建物1車位0,六層,八層,華廈(10層含以下有電梯),住家用,鋼筋混凝土造,0831109,53.59,1,2,1,有,有,5000000,93301,,0.0,0,其他增建；,RPPQMLNKQHLGFCB28DA,30.96,0.0,7.79,有,
南屯區,房地(土地+建物)+車位,臺中市南屯區春安路１１１號八樓之７,10.66,都市：其他:第五種住宅區,,,1150822,土地1建物1車位1,八層,二十四層,住宅大樓(11層含以上有電梯),住家用,鋼筋混凝土造,1111028,121.64,2,2,1,有,有,12000000,98652,坡道平面,34.84,0,,RPTNMLPLQHLGFCB68DA,53.06,0.0,5.0,有,0037
西屯區,房地(土地+建物),臺中市西屯區福順路２５５巷２５號四樓,30.16,都市：其他:第三之一種住宅區,,,1150801,土地1建物1車位0,四層,五層,公寓(5樓含以下無電梯),住家用,鋼筋混凝土造,0690401,87.57,3,2,2,有,無,5250000,59952,,0.0,0,,RPPOMLPLQHLGFCB38DA,87.57,0.0,0.0,無,
西屯區,房地(土地+建物),臺中市西屯區櫻城二街８號五樓之１３,3.84,都市：其他:第三之二種住宅區,,,1150820,土地1建物1車位0,五層,七層,華廈(10層含以下有電梯),住家用,鋼筋混凝土造,0840424,22.46,1,0,1,有,有,2100000,93500,,0.0,0,,RPUSMLMJRHLGFCB88DA,11.6,1.28,2.23,有,
南屯區,房地(土地+建物),臺中市南屯區文心南三路５２８號十九樓之１２,4.75,都市：其他:第三種商業區,,,1150823,土地1建物1車位0,十九層,十九層,住宅大樓(11層含以上有電梯),住家用,鋼筋混凝土造,1090831,60.36,1,1,1,有,有,9380000,155401,,0.0,0,,RPPPMLNJRHLGFCB18DA,32.47,1.46,3.37,有,0038
潭子區,房地(土地+建物),臺中市潭子區民族路二段３０１巷２３弄３２號,134.3,都市：其他:農業區,,,1150812,土地4建物1車位0,全,四層,透天厝,住家用,鋼筋混凝土造,1150608,267.82,3,3,5,有,有,28580000,106713,,0.0,0,,RPRNMLQLQHLGFHB09DA,248.07,0.0,19.75,有,
大雅區,房地(土地+建物),臺中市大雅區月祥路１９３巷１３號,61.77,都市：其他:第一之二種住宅區,,,1150809,土地6建物1車位0,全,三層,透天厝,住家用,鋼筋混凝土造,1131025,128.64999999999998,4,2,3,有,有,15070000,117140,,0.0,0,其他增建；,RPQNMLNJRHLGFHB58DA,104.87,6.24,17.34,無,0039
太平區,房地(土地+建物)+車位,臺中市太平區環中東路三段２６９號四樓之５,24.77,都市：其他:住宅區,,,1150818,土地1建物1車位1,四層,十五層,住宅大樓(11層含以上有電梯),住家用,鋼筋混凝土造,1140321,154.76999999999998,3,2,2,有,有,14880000,96143,坡道平面,28.71,0,親友、員工、共有人或其他特殊關係間之交易；,RPUNMLSKQHLGFJB07DA,71.82,0.0,10.26,有,0040
太平區,土地,頭汴坑段264-1685地號,1000.0,,山坡地保育區,農牧用地,1150825,土地1建物0車位0,,,其他,,,,0.0,0,0,0,無,無,300000,300,,0.0,0,農作物；,RPPNMLSLQHLGFJB66DA,0.0,0.0,0.0,無,
龍井區,房地(土地+建物)+車位,臺中市龍井區沙田路五段３２１號七樓之６,24.24,都市：其他:第四種住宅區,,,1150818,土地1建物1車位1,七層,十二層,住宅大樓(11層含以上有電梯),住家用,鋼筋混凝土造,1121213,146.8,3,2,2,有,有,7960000,54223,坡道平面,25.83,0,親友、員工、共有人或其他特殊關係間之交易；,RPVNMLSKQHLGFKB27DA,73.93,0.0,7.12,有,0041
大肚區,土地,福德段244-6地號,93.63,,,,1150811,土地1建物0車位0,,,其他,,,,0.0,0,0,0,無,無,4248435,45375,,0.0,0,,RPQNMLLJRHLGFKB68DA,0.0,0.0,0.0,無,
西屯區,土地,下石碑段1298地號,66.86,都市：其他:第二種住宅區,,,1150805,土地1建物0車位0,,,其他,,,,0.0,0,0,0,無,無,9100000,136105,,0.0,0,未登記建物；畸零地或有合併使用效益；,RPPNMLOJRHLGFCB18EA,0.0,0.0,0.0,無,0005
沙鹿區,土地,鹿寮東段108地號,132.24,都市：其他:保護區,,,1150805,土地1建物0車位0,,,其他,,,,0.0,0,0,0,無,無,177727,1344,,0.0,0,地清或未辦繼承標售；,RPQNMLOJRHLGFFB58EA,0.0,0.0,0.0,無,
沙鹿區,土地,鹿寮東段109地號,39.67,都市：其他:保護區,,,1150805,土地1建物0車位0,,,其他,,,,0.0,0,0,0,無,無,53327,1344,,0.0,0,地清或未辦繼承標售；,RPRNMLOJRHLGFFB68EA,0.0,0.0,0.0,無,
東區,房地(土地+建物),臺中市東區富榮街７之５號十一樓,26.12,都市：其他:第二種住宅區,,,1150818,土地3建物1車位0,十一層,十二層,住宅大樓(11層含以上有電梯),住家用,鋼筋混凝土造,0890314,125.76,3,2,2,有,有,8500000,67589,,0.0,0,,RPQPMLSKQHLGFAB58DA,83.8,0.0,10.98,有,
南區,土地,下橋子頭段155-6地號,30.0,都市：其他:第二種住宅區,,,1150817,土地1建物0車位0,,,其他,,,,0.0,0,0,0,無,無,2312460,77082,,0.0,0,包含公共設施保留地用地；,RPSPMLNJRHLGFAB28DA,0.0,0.0,0.0,無,
南區,房地(土地+建物),臺中市南區三民西路２９３之１號五樓,10.83,都市：其他:第一種商業區,,,1150802,土地3建物1車位0,五層,十四層,住宅大樓(11層含以上有電梯),住家用,鋼筋混凝土造,0960703,114.41,3,2,2,有,有,11280000,98593,,0.0,0,陽台外推；,RPQNMLOJRHLGFAB97DA,68.35,1.38,9.11,有,
北屯區,房地(土地+建物),臺中市北屯區文心路四段６７２號１０樓之２５,2.73,都市：其他:第四種商業區,,,1150821,土地1建物1車位0,十層,二十四層,住宅大樓(11層含以上有電梯),住家用,鋼筋混凝土造,0841124,38.09,1,1,1,有,有,2760000,72460,,0.0,0,,RPVOMLOLQHLGFBB78DA,21.93,0.0,0.0,有,
北屯區,房地(土地+建物)+車位,臺中市北屯區松竹路二段１０７巷６６之１１號五樓,19.36,都市：其他:第二種住宅區,,,1150804,土地1建物1車位1,五層,八層,華廈(10層含以下有電梯),住家用,鋼筋混凝土造,0820803,126.05,3,2,2,有,有,9300000,73780,坡道機械,0.0,0,陽台外推；,RPUNMLLMQHLGFBB38DA,86.79,0.0,9.6,有,0043
北屯區,房地(土地+建物)+車位,臺中市北屯區大連北街４６巷５９號６樓之２,15.71,都市：其他:第二種住宅區,,,1150813,土地1建物1車位1,六層,七層,華廈(10層含以下有電梯),住家用,鋼筋混凝土造,0840821,101.86,3,2,1,有,有,7500000,73630,升降機械,0.0,0,,RPSPMLLMQHLGFBB38DA,70.95,0.0,10.24,有,0044
北屯區,房地(土地+建物),臺中市北屯區東山路一段２０８之７號,92.0,都市：其他:第三種住宅區。,,,1150803,土地1建物1車位0,全,四層,透天厝,住商用,鋼筋混凝土造,0700817,280.23,7,3,3,有,無,24350000,86893,,0.0,0,,RPPNMLMJRHLGFBB77DA,280.23,0.0,0.0,無,
北屯區,房地(土地+建物),臺中市北屯區昌平路二段３之１６號,67.0,都市：其他:第二種住宅區,,,1150802,土地2建物1車位0,全,二層,透天厝,住家用,鋼筋混凝土加強磚造,0620128,127.1,1,4,2,有,無,16580000,130448,,0.0,0,頂樓加蓋；其他增建；,RPVRMLMJRHLGFBB78DA,127.1,0.0,0.0,無,
北屯區,土地,陳平段1693-1地號,12.0,都市：其他:第五種住宅區,,,1150818,土地2建物0車位0,,,其他,,,,0.0,0,0,0,無,無,2412840,201070,,0.0,0,政府機關標讓售；,RPXPMLNJRHLGFBB88DA,0.0,0.0,0.0,無,
北區,房地(土地+建物),臺中市北區東光東街８１號十樓之１７,4.84,都市：其他:第二種住宅區,,,1150808,土地1建物1車位0,十層,十六層,住宅大樓(11層含以上有電梯),住家用,鋼筋混凝土造,0831214,38.4,1,1,1,有,有,3207800,83536,,0.0,0,,RPQQMLNJRHLGFBB28DA,24.3,0.0,3.42,有,
北屯區,房地(土地+建物)+車位,臺中市北屯區后庄六街６８號四樓之１,31.22,都市：其他:第二種住宅區,,,1150808,土地1建物1車位1,四層,十二層,住宅大樓(11層含以上有電梯),住家用,鋼筋混凝土造,1051109,154.82,3,2,2,有,有,19300000,124661,坡道平面,31.24,0,,RPPNMLRJRHLGFBB28DA,64.91,2.92,14.71,有,0045
西屯區,房地(土地+建物)+車位,臺中市西屯區福星路９號三樓之１,36.8,都市：其他:第三種住宅區。,,,1150811,土地1建物1車位2,三層,十四層,住宅大樓(11層含以上有電梯),住家用,鋼筋混凝土造,1051223,276.64,4,2,2,有,有,28200000,129163,坡道平面,89.28,4000000,,RPVOMLLKQHLGFCB48DA,110.86,0.0,11.53,有,0046
南屯區,房地(土地+建物)+車位,臺中市南屯區五權西路二段８號十三樓之３,14.38,都市：其他:第二種住宅區,,,1150813,土地1建物1車位1,十三層,十五層,住宅大樓(11層含以上有電梯),住家用,鋼筋混凝土造,0970409,160.66,3,2,2,有,有,24000000,149384,坡道平面,23.24,0,陽台外推；,RPTNMLOKQHLGFCB48DA,81.91,3.47,12.88,有,0047
西屯區,房地(土地+建物),臺中市西屯區至善路２４２號五樓之１,2.49,都市：其他:第二種住宅區,,,1150823,土地1建物1車位0,五層,十四層,住宅大樓(11層含以上有電梯),住家用,鋼筋混凝土造,0870428,27.519999999999996,1,0,1,有,有,2600000,94477,,0.0,0,,RPRRMLRLQHLGFCB09DA,13.61,0.67,2.55,有,0048
西屯區,房地(土地+建物),臺中市西屯區工業區三十八路４８號四樓之７,5.08,都市：其他:第二種住宅區,,,1150821,土地1建物1車位0,四層,七層,華廈(10層含以下有電梯),住家用,鋼筋混凝土造,0821009,30.12,1,0,1,有,有,1900000,63081,,0.0,0,,RPSUMLLJRHLGFCB78DA,18.18,0.0,4.32,有,0049
西屯區,房地(土地+建物),臺中市西屯區華美西街二段５０１巷１０號三樓,25.76,都市：其他:第二種住宅區,,,1150801,土地1建物1車位0,三層,五層,公寓(5樓含以下無電梯),住家用,鋼筋混凝土造,0731226,97.63,3,2,2,有,無,6600000,67602,,0.0,0,,RPQQMLMJRHLGFCB28DA,77.13,0.0,6.92,無,
豐原區,土地,上南坑段752-10地號,3306.0,,山坡地保育區,林業用地,1150826,土地1建物0車位0,,,其他,,,,0.0,0,0,0,無,無,2000000,605,,0.0,0,山坡地保育區不能開發，只能維持雜木林使用，故市場價格低於公告現值。,RPVNMLNJRHLGFDB68DA,0.0,0.0,0.0,無,
大甲區,土地,中山段394地號,1108.78,都市：其他:道路用地,,,1150804,土地1建物0車位0,,,其他,,,,0.0,0,0,0,無,無,9014381,8130,,0.0,0,政府機關標讓售；,RPVNMLSKQHLGFEB66DA,0.0,0.0,0.0,無,
梧棲區,土地,忠孝段632-1地號,13.33,都市：其他:第四種住宅區,,,1150825,土地2建物0車位0,,,其他,,,,0.0,0,0,0,無,無,1411655,105901,,0.0,0,親友、員工、共有人或其他特殊關係間之交易；畸零地或有合併使用效益；,RPVNMLQLQHLGFFB66DA,0.0,0.0,0.0,無,0050
沙鹿區,房地(土地+建物),臺中市沙鹿區星海路１５巷３９號九樓之１,14.55,都市：其他:第四種住宅區,,,1150801,土地2建物1車位0,九層,十二層,住宅大樓(11層含以上有電梯),住家用,鋼筋混凝土造,1080922,63.3,1,1,1,有,有,5180000,81833,,0.0,0,,RPSPMLSLQHLGFFB76DA,36.32,1.21,2.57,有,0051
東勢區,房地(土地+建物),臺中市東勢區東關路七段２４６巷６號,92.14,都市：其他:住宅區,,,1150820,土地3建物1車位0,全,四層,透天厝,住家用,鋼筋混凝土造,1140421,218.63,4,2,5,有,無,18380000,84069,,0.0,0,1.土地買賣價款新台幣6433000元正，建物買賣價款新台幣11947000元正。,RPQNMLNJRHLGFGB48DA,213.28,0.0,5.35,無,
東勢區,土地,新合作段142-5地號,227.51,都市：其他:農業區,,,1150813,土地1建物0車位0,,,其他,,,,0.0,0,0,0,無,無,1403737,6170,,0.0,0,政府機關標讓售；,RPUNMLNJRHLGFGB88DA,0.0,0.0,0.0,無,
東勢區,土地,東勢段石角小段488-48地號,22.0,,特定農業區,農牧用地,1150803,土地1建物0車位0,,,其他,,,,0.0,0,0,0,無,無,256080,11640,,0.0,0,政府機關標讓售；,RPQNMLRJRHLGFGB88DA,0.0,0.0,0.0,無,
潭子區,房地(土地+建物),臺中市潭子區民族路二段３０１巷２３弄３７號,243.55,都市：其他:農業區,,,1150812,土地6建物1車位0,全,四層,透天厝,住家用,鋼筋混凝土造,1150608,246.07,5,3,6,有,有,35580000,144593,,0.0,0,,RPQNMLQLQHLGFHB98DA,232.33,0.0,13.74,有,
潭子區,房地(土地+建物),臺中市潭子區民族路二段３０１巷２３弄３１號,127.95,都市：其他:農業區,,,1150812,土地4建物1車位0,全,四層,透天厝,住家用,鋼筋混凝土造,1150608,267.83,4,3,6,有,有,27780000,103723,,0.0,0,,RPSNMLQLQHLGFHB56DA,248.59,0.0,19.24,有,
大雅區,房地(土地+建物)+車位,臺中市大雅區雅潭路四段６８５號六樓之７,20.25,都市：其他:第二種住宅區,,,1150829,土地2建物1車位1,六層,十二層,住宅大樓(11層含以上有電梯),住家用,鋼筋混凝土造,1100205,117.67,2,2,1,有,有,10680000,90762,坡道平面,33.27,0,,RPQNMLLJRHLGFHB38DA,51.33,0.0,4.57,有,0052
潭子區,土地,嘉仁段660地號,16.79,都市：其他:農業區,,,1150827,土地1建物0車位0,,,其他,,,,0.0,0,0,0,無,無,1500000,89339,,0.0,0,農作物；,RPVNMLOJRHLGFHB56DA,0.0,0.0,0.0,無,
烏日區,土地,新榮泉段149-3地號,172.04,都市：其他:第二種住宅區,,,1150820,土地1建物0車位0,,,其他,,,,0.0,0,0,0,無,無,42152000,245013,,0.0,0,,RPQNMLLJRHLGFIB48DA,0.0,0.0,0.0,無,
烏日區,土地,新榮泉段149-2地號,171.99,都市：其他:第二種住宅區,,,1150820,土地1建物0車位0,,,其他,,,,0.0,0,0,0,無,無,42136000,244991,,0.0,0,,RPRNMLLJRHLGFIB58DA,0.0,0.0,0.0,無,
太平區,房地(土地+建物)+車位,臺中市太平區育才路１７３號六樓之３,32.96,都市：其他:住宅區,,,1150807,土地1建物1車位2,六層,十五層,住宅大樓(11層含以上有電梯),住家用,鋼筋混凝土造,1150113,215.6,4,2,2,有,有,19600000,90909,坡道平面,56.46,0,,RPSNMLOKQHLGFJB09DA,98.88,0.0,10.0,有,0053
太平區,房地(土地+建物),臺中市太平區新平路一段２７９巷６３號,136.16,都市：其他:乙種工業區,,,1150818,土地1建物1車位0,全,二層,透天厝,工業用,加強磚造,0710728,189.92,2,0,2,有,無,9000000,47388,,0.0,0,其他增建；,RPTNMLOLQHLGFJB66DA,183.97,0.0,5.95,無,
太平區,房地(土地+建物)+車位,臺中市太平區坪林路１５號三樓之５,22.12,,鄉村區,乙種建築用地,1150802,土地1建物1車位1,三層,八層,華廈(10層含以下有電梯),住家用,鋼筋混凝土造,1141022,90.97,2,2,2,有,有,8000000,87941,坡道機械,7.43,0,,RPPNMLLMQHLGFJB68DA,52.26,0.0,3.13,有,0054
太平區,房地(土地+建物)+車位,臺中市太平區育賢路９８號四樓,16.31,都市：其他:住宅區,,,1150826,土地3建物1車位1,四層,十二層,住宅大樓(11層含以上有電梯),住家用,鋼筋混凝土造,0870626,127.88,3,2,2,有,有,7800000,60995,坡道機械,0.0,0,,RPUNMLOJRHLGFJB66DA,84.01,0.0,11.15,有,
西區,房地(土地+建物),臺中市西區福人街１３８號二樓２號,35.08,都市：其他:第三種住宅區。,,,1150811,土地1建物2車位0,二層,四層,公寓(5樓含以下無電梯),住家用,鋼筋混凝土造,0670812,88.21,2,2,1,有,無,4500000,51015,,0.0,0,,RPPNMLOJRHLGFAB97EA,88.21,0.0,0.0,無,
梧棲區,土地,民族段492地號,92.0,都市：其他:關連工業區,,,1150818,土地1建物0車位0,,,其他,,,,0.0,0,0,0,無,無,2051000,22293,,0.0,0,政府機關標讓售；,RPPNMLOJRHLGFFB48EA,0.0,0.0,0.0,無,
龍井區,房地(土地+建物),臺中市龍井區龍新路２１６巷８３弄１號三樓,22.73,都市：其他:第四種住宅區,,,1150810,土地2建物1車位0,三層,七層,華廈(10層含以下有電梯),住家用,鋼筋混凝土造,0820605,114.77,3,2,2,有,無,3400000,29624,,0.0,0,親友、員工、共有人或其他特殊關係間之交易；,RPPNMLRJRHLGFKB66EA,73.07,0.0,9.56,有,
南區,房地(土地+建物),臺中市南區文心南路５５０號９樓之１,8.14,都市：其他:第三種住宅區。,,,1150810,土地1建物1車位0,九層,十四層,住宅大樓(11層含以上有電梯),住家用,鋼筋混凝土造,0871015,96.64,2,2,2,有,有,9000000,93129,,0.0,0,,RPROMLRJQHLGFAB38DA,66.13,0.0,5.79,有,
西區,房地(土地+建物)+車位,臺中市西區西屯路一段１６７巷２０號六樓之１,12.67,都市：其他:第二種住宅區,,,1150820,土地2建物1車位1,六層,十五層,住宅大樓(11層含以上有電梯),住家用,鋼筋混凝土造,1121007,126.18,2,2,1,有,有,19500000,154541,坡道平面,30.55,0,,RPTPMLLLQHLGFAB28DA,55.1,0.0,8.19,有,
南區,房地(土地+建物),臺中市南區復興北路５１９號二樓之３,8.1,都市：其他:第三種住宅區。,,,1150821,土地2建物1車位0,二層,十二層,住宅大樓(11層含以上有電梯),住家用,鋼筋混凝土造,0821125,48.93000000000001,1,1,1,有,有,3500000,71531,,0.0,0,,RPXPMLLLQHLGFAB68DA,40.95,0.0,0.0,有,
西區,土地,後子段226-2地號,18.58,都市：其他:第三種住宅區。,,,1150825,土地2建物0車位0,,,其他,,,,0.0,0,0,0,無,無,2950000,158773,,0.0,0,親友、員工、共有人或其他特殊關係間之交易；,RPSNMLPLQHLGFAB38DA,0.0,0.0,0.0,無,
北區,房地(土地+建物)+車位,臺中市北區青島路二段４２號,40.43,都市：其他:第二種住宅區,,,1150802,土地2建物1車位1,一層，二層，騎樓，地下一層,十五層,住宅大樓(11層含以上有電梯),住商用,鋼筋混凝土造,0800517,289.92,0,3,2,有,有,14000000,48289,坡道平面,0.0,0,其他增建；,RPXNMLPLQHLGFBB98DA,235.27,6.54,6.13,有,
北屯區,房地(土地+建物)+車位,臺中市北屯區軍福十六路２７３號十一樓之１１,13.52,都市：其他:第二種商業區,,,1150821,土地1建物1車位1,十一層,十五層,住宅大樓(11層含以上有電梯),住家用,鋼筋混凝土造,1030603,156.41000000000003,3,1,2,有,有,3000000,19180,坡道平面,30.97,0,親友、員工、共有人或其他特殊關係間之交易；,RPORMLPLQHLGFBB48DA,78.47,2.49,4.02,有,
北區,房地(土地+建物),臺中市北區北屯路４５號６樓之８,4.18,都市：其他:第一種商業區,,,1150812,土地3建物1車位0,六層,十二層,住宅大樓(11層含以上有電梯),辦公用,鋼筋混凝土造,0721230,29.759999999999998,1,0,1,有,有,1750000,58804,,0.0,0,,RPQOMLSLQHLGFBB68DA,18.37,0.0,3.33,有,
北屯區,房地(土地+建物),臺中市北屯區中清路二段７９６號十四樓,10.35,都市：其他:第二種住宅區,,,1150804,土地3建物1車位0,十四層,十六層,住宅大樓(11層含以上有電梯),住家用,鋼筋混凝土造,0820924,119.16,3,2,2,有,有,9300000,78046,,0.0,0,,RPUOMLOJRHLGFBB58DA,90.68,2.5,9.14,有,
南屯區,房地(土地+建物)+車位,臺中市南屯區保安二街１０６號三樓之１,18.33,都市：其他:第一種商業區,,,1150807,土地1建物1車位1,三層,十二層,住宅大樓(11層含以上有電梯),住家用,鋼筋混凝土造,1031215,130.63,3,2,2,有,有,13680000,104723,坡道機械,16.61,0,,RPWQMLPLQHLGFCB66DA,68.09,1.54,6.66,有,
西屯區,房地(土地+建物),臺中市西屯區福聯街１５巷９號五樓之２６,3.58,都市：其他:第一之一種住宅區,,,1150809,土地1建物1車位0,五層,十三層,住宅大樓(11層含以上有電梯),住家用,鋼筋混凝土造,0830908,20.73,0,0,0,無,有,1360000,65605,,0.0,0,,RPTPMLQLQHLGFCB98DA,12.12,0.0,1.44,有,
西屯區,房地(土地+建物)+車位,臺中市西屯區惠文七街１００號三樓之１,21.59,都市：其他:第四種住宅區,,,1150801,土地1建物1車位1,三層,十四層,住宅大樓(11層含以上有電梯),住家用,鋼筋混凝土造,0871130,162.87,3,2,2,有,有,12800000,78590,坡道平面,0.0,0,親友、員工、共有人或其他特殊關係間之交易；,RPVNMLRJRHLGFCB98DA,103.58,0.0,12.64,有,
豐原區,土地,豐洲段435地號,84.82,都市：其他:第二種住宅區,,,1150804,土地1建物0車位0,,,其他,,,,0.0,0,0,0,無,無,6800000,80170,,0.0,0,親友、員工、共有人或其他特殊關係間之交易；頂樓加蓋；其他增建；未登記建物；,RPTNMLNJQHLGFDB38DA,0.0,0.0,0.0,無,
豐原區,土地,五汴段836地號,4.55,都市：其他:第一之一種住宅區,,,1150831,土地1建物0車位0,,,其他,,,,0.0,0,0,0,無,無,71430,15699,,0.0,0,,RPVNMLRJRHLGFDB09DA,0.0,0.0,0.0,無,
大安區,土地,欣洲段490-1地號,49.7,,特定農業區,甲種建築用地,1150802,土地3建物0車位0,,,其他,,,,0.0,0,0,0,無,無,751600,15123,,0.0,0,由地上房屋所有人承購,RPUNMLMKQHLGFEB58DA,0.0,0.0,0.0,無,
大甲區,土地,日南段1-3地號,62.03,,特定農業區,交通用地,1150804,土地1建物0車位0,,,其他,,,,0.0,0,0,0,無,無,52103,840,,0.0,0,政府機關標讓售；,RPWNMLSKQHLGFEB76DA,0.0,0.0,0.0,無,
大甲區,土地,日南段1-12地號,0.11,,特定農業區,交通用地,1150804,土地1建物0車位0,,,其他,,,,0.0,0,0,0,無,無,96,0,,0.0,0,政府機關標讓售；,SPWNMLSKQHLGFEB86DA,0.0,0.0,0.0,無,
大甲區,土地,日南段1-14地號,17.11,,特定農業區,交通用地,1150804,土地1建物0車位0,,,其他,,,,0.0,0,0,0,無,無,14373,840,,0.0,0,政府機關標讓售；,TPWNMLSKQHLGFEB96DA,0.0,0.0,0.0,無,
大甲區,土地,銅安厝段107-28地號,0.5,,特定農業區,交通用地,1150804,土地1建物0車位0,,,其他,,,,0.0,0,0,0,無,無,417,0,,0.0,0,政府機關標讓售；,UPWNMLSKQHLGFEB07DA,0.0,0.0,0.0,無,
大甲區,土地,銅安厝段107-31地號,82.0,,特定農業區,交通用地,1150804,土地1建物0車位0,,,其他,,,,0.0,0,0,0,無,無,68880,840,,0.0,0,政府機關標讓售；,VPWNMLSKQHLGFEB17DA,0.0,0.0,0.0,無,
大甲區,土地,銅安厝段107-33地號,8.67,,特定農業區,交通用地,1150804,土地1建物0車位0,,,其他,,,,0.0,0,0,0,無,無,7280,840,,0.0,0,政府機關標讓售；,WPWNMLSKQHLGFEB27DA,0.0,0.0,0.0,無,
大甲區,土地,銅安厝段107-34地號,14.89,,特定農業區,交通用地,1150804,土地1建物0車位0,,,其他,,,,0.0,0,0,0,無,無,12507,840,,0.0,0,政府機關標讓售；,XPWNMLSKQHLGFEB37DA,0.0,0.0,0.0,無,
大甲區,土地,銅安厝段107-35地號,20.44,,特定農業區,交通用地,1150804,土地1建物0車位0,,,其他,,,,0.0,0,0,0,無,無,17173,840,,0.0,0,政府機關標讓售；,YPWNMLSKQHLGFEB47DA,0.0,0.0,0.0,無,
大甲區,土地,銅安厝段107-65地號,2.44,,特定農業區,交通用地,1150804,土地1建物0車位0,,,其他,,,,0.0,0,0,0,無,無,17173,7038,,0.0,0,政府機關標讓售；,ZPWNMLSKQHLGFEB57DA,0.0,0.0,0.0,無,
大甲區,土地,銅安厝段107-75地號,0.69,,特定農業區,交通用地,1150804,土地1建物0車位0,,,其他,,,,0.0,0,0,0,無,無,578,0,,0.0,0,政府機關標讓售；,QQWNMLSKQHLGFEB76DA,0.0,0.0,0.0,無,
大甲區,土地,中山段710地號,20.86,都市：其他:道路用地,,,1150804,土地1建物0車位0,,,其他,,,,0.0,0,0,0,無,無,94851,4547,,0.0,0,政府機關標讓售；,RPXNMLSKQHLGFEB86DA,0.0,0.0,0.0,無,
大甲區,土地,中山段735地號,291.1,都市：其他:道路用地,,,1150804,土地1建物0車位0,,,其他,,,,0.0,0,0,0,無,無,1323900,4548,,0.0,0,政府機關標讓售；,RPOOMLSKQHLGFEB68DA,0.0,0.0,0.0,無,
沙鹿區,土地,明德段34地號,111.67,都市：其他:市鎮公園用地,,,1150804,土地1建物0車位0,,,其他,,,,0.0,0,0,0,無,無,177552,1590,,0.0,0,政府機關標讓售；,RPSNMLSKQHLGFFB09DA,0.0,0.0,0.0,無,
沙鹿區,土地,明德段34地號,86.1,都市：其他:市鎮公園用地,,,1150804,土地1建物0車位0,,,其他,,,,0.0,0,0,0,無,無,136894,1590,,0.0,0,政府機關標讓售；,RPUNMLSKQHLGFFB66DA,0.0,0.0,0.0,無,
沙鹿區,房地(土地+建物),臺中市沙鹿區樂群新莊１０５之２號,49.38,都市：其他:農業區,,,1150825,土地1建物1車位0,三層，電梯樓梯間,三層,公寓(5樓含以下無電梯),住家用,加強磚造,0680223,102.84,6,2,3,有,無,3600000,35006,,0.0,0,頂樓加蓋；,RPXNMLQLQHLGFFB86DA,97.2,0.0,0.0,無,
新社區,土地,水底寮段上水底寮小段310-387地號,221.0,,鄉村區,乙種建築用地,1150810,土地1建物0車位0,,,其他,,,,0.0,0,0,0,無,無,4000000,18100,,0.0,0,親友、員工、共有人或其他特殊關係間之交易；未登記建物；,RPPNMLKKQHLGFGB08DA,0.0,0.0,0.0,無,
石岡區,土地,新廣興段53-5地號,352.84,都市：其他:農業區,,,1150809,土地1建物0車位0,,,其他,,,,0.0,0,0,0,無,無,2200000,6235,,0.0,0,,RPPNMLSJRHLGFGB88DA,0.0,0.0,0.0,無,
潭子區,房地(土地+建物)+車位,臺中市潭子區中山路二段７２號八樓,24.98,都市：其他:第一之二種住宅區,,,1150802,土地1建物1車位1,八層,十三層,住宅大樓(11層含以上有電梯),住家用,鋼筋混凝土造,1070801,169.27999999999997,3,2,2,有,有,15100000,89201,坡道平面,40.02,0,,RPUNMLLMQHLGFHB98DA,74.71,1.8,10.81,有,
霧峰區,房地(土地+建物),臺中市霧峰區丁臺路４０３號,63.16,,鄉村區,乙種建築用地,1150817,土地3建物1車位0,全,三層,透天厝,住商用,加強磚造,0621200,76.98,6,2,2,有,無,2913510,37848,,0.0,0,,RPVNMLSKQHLGFIB07DA,72.26,0.0,4.72,無,
太平區,房地(土地+建物)+車位,臺中市太平區太順路５６７號七樓之５,19.91,都市：其他:住宅區,,,1150804,土地1建物1車位1,七層,十五層,住宅大樓(11層含以上有電梯),住家用,鋼筋混凝土造,1100329,152.8,3,2,2,有,有,9500000,62173,坡道平面,31.04,0,親友、員工、共有人或其他特殊關係間之交易；,RPPNMLSKQHLGFJB56DA,68.55,3.42,9.32,有,
龍井區,土地,南寮段282地號,103.23,,鄉村區,乙種建築用地,1150822,土地1建物0車位0,,,其他,,,,0.0,0,0,0,無,無,3434871,33274,,0.0,0,,RPRNMLOLQHLGFKB56DA,0.0,0.0,0.0,無,
西區,房地(土地+建物),臺中市西區日盛街８號６樓之１０,5.85,都市：其他:第二種住宅區,,,1150722,土地1建物1車位0,六層,七層,華廈(10層含以下有電梯),住家用,鋼筋混凝土造,0780609,26.42,1,0,1,有,有,1960000,74186,,0.0,0,,RPSNMLTLPHLGFAB68DA,16.95,0.5,1.71,有,
西區,房地(土地+建物),臺中市西區樂群街２１６巷３３號五樓,26.0,都市：其他:第二種住宅區,,,1150722,土地2建物1車位0,五層,五層,公寓(5樓含以下無電梯),住家用,鋼筋混凝土造,0700506,81.55,3,2,1,有,無,5580000,68424,,0.0,0,,RPVNMLSKQHLGFAB88DA,76.96,0.0,0.0,無,
中區,房地(土地+建物),臺中市中區平等街４６號,5.47,都市：其他:第一種商業區,,,1150717,土地2建物1車位0,一層,八層,華廈(10層含以下有電梯),商業用,鋼筋混凝土造,0720509,24.3,0,1,1,有,有,3400000,139918,,0.0,0,,RPSQMLLLQHLGFAB28DA,24.3,0.0,0.0,有,
南區,房地(土地+建物)+車位,臺中市南區福田一街５９號十樓之２,18.37,都市：其他:第三種住宅區。,,,1150719,土地1建物1車位1,十層,十二層,住宅大樓(11層含以上有電梯),住家用,鋼筋混凝土造,1080709,140.0,2,2,1,有,有,14000000,118157,坡道平面,38.44,2000000,,RPOQMLRLQHLGFAB48DA,58.13,0.0,9.58,有,0055
北區,房地(土地+建物),臺中市北區德化街４２６之５號,26.9,都市：其他:第二種住宅區,,,1150705,土地1建物1車位0,四層,五層,公寓(5樓含以下無電梯),住家用,鋼筋混凝土造,0701226,82.3,3,2,2,有,無,4800000,58323,,0.0,0,,RPSOMLRKPHLGFBB58DA,71.23,0.0,11.07,無,
北屯區,房地(土地+建物)+車位,臺中市北屯區松竹五路二段５９號八樓之５,21.27,都市：其他:第三種住宅區。,,,1150718,土地2建物1車位1,八層,十二層,住宅大樓(11層含以上有電梯),住家用,鋼筋混凝土造,1030423,165.75,3,2,2,有,有,14400000,86878,坡道平面,37.7,0,,RPQOMLOJQHLGFBB08DA,74.86,2.37,9.13,有,0056
北屯區,房地(土地+建物)+車位,臺中市北屯區軍福十六路２８７號五樓之３,16.6,都市：其他:第二種商業區,,,1150714,土地1建物1車位1,五層,十五層,住宅大樓(11層含以上有電梯),住家用,鋼筋混凝土造,1050804,172.26,3,2,2,有,有,16500000,95785,坡道平面,23.72,0,,RPTRMLNKQHLGFBB68DA,88.65,1.28,11.68,有,
北屯區,房地(土地+建物),臺中市北屯區四平路３８７巷２８號,29.6,都市：其他:第二種住宅區,,,1150723,土地1建物1車位0,全,二層,透天厝,住商用,加強磚造,0730619,47.23,7,4,5,有,無,2800000,59284,,0.0,0,1.本案件為共有持分買賣  2.買賣雙方就土地增值稅採平均負擔 3.買賣雙方同意買賣代書費簽約及實價登錄服務費及二親等間買賣向國稅局申報服務費由賣方負擔親友、員工、共有人或其他特殊關係間之交易；其他增建；,RPRNMLPLQHLGFBB38DA,40.89,1.56,4.78,無,
北屯區,房地(土地+建物)+車位,臺中市北屯區敦富五街８８號五樓之６,26.32,都市：其他:第二之一種住宅區,,,1150704,土地1建物1車位1,五層,十五層,住宅大樓(11層含以上有電梯),住家用,鋼筋混凝土造,1140522,176.69,3,2,2,有,有,23000000,130171,坡道平面,28.29,0,,RPSNMLQLQHLGFBB58DA,85.49,0.0,11.26,有,0057
北區,房地(土地+建物),臺中市北區大德街１９３巷１９之４號,31.62,都市：其他:第二種住宅區,,,1150727,土地1建物1車位0,五層，夾層,五層,公寓(5樓含以下無電梯),住家用,鋼筋混凝土造,0701226,105.46,6,0,6,有,無,6880000,65238,,0.0,0,其他增建；,RPUOMLRLQHLGFBB98DA,102.5,0.0,0.0,無,
西屯區,房地(土地+建物)+車位,臺中市西屯區青海路二段４００號五樓之２,16.95,都市：其他:第二種住宅區,,,1150704,土地2建物1車位1,五層,十五層,住宅大樓(11層含以上有電梯),住家用,鋼筋混凝土造,1090619,128.82999999999998,2,2,1,有,有,15920000,143550,坡道平面,31.86,2000000,其他增建；,RPQNMLOJPHLGFCB97DA,51.81,0.0,9.94,有,0058
南屯區,房地(土地+建物)+車位,臺中市南屯區大墩七街５２８號三樓之７,8.8,都市：其他:第二種商業區,,,1150709,土地1建物1車位1,三層,二十四層,住宅大樓(11層含以上有電梯),住家用,鋼筋混凝土造,1101029,115.8,2,2,1,有,有,16380000,165814,坡道平面,27.87,1800000,,RPURMLTJPHLGFCB66DA,47.98,4.56,4.62,有,0059
南屯區,土地,鎮福段237地號,550.5,都市：其他:第一之一種住宅區,,,1150703,土地1建物0車位0,,,其他,,,,0.0,0,0,0,無,無,105744168,192087,,0.0,0,,RPWQMLLLPHLGFCB78DA,0.0,0.0,0.0,無,
南屯區,房地(土地+建物)+車位,臺中市南屯區龍德路一段１２３號十一樓,73.08,都市：其他:第一之B種住宅區,,,1150715,土地1建物1車位2,十一層,十二層,住宅大樓(11層含以上有電梯),住家用,鋼筋混凝土造,1060606,229.03,3,2,2,有,有,29660000,129503,坡道平面,0.0,3000000,其他增建；,RPSTMLMLPHLGFCB78DA,99.93,9.21,11.58,有,0060
南屯區,土地,埔興段1325-3地號,22.33,都市：其他:第二之二種住宅區,,,1150722,土地1建物0車位0,,,其他,,,,0.0,0,0,0,無,無,1150000,51500,,0.0,0,親友、員工、共有人或其他特殊關係間之交易；,RPQPMLNLPHLGFCB28DA,0.0,0.0,0.0,無,0030
南屯區,土地,埔興段1325-3地號,22.33,都市：其他:第二之二種住宅區,,,1150722,土地1建物0車位0,,,其他,,,,0.0,0,0,0,無,無,1150000,51500,,0.0,0,親友、員工、共有人或其他特殊關係間之交易；,RPRPMLNLPHLGFCB38DA,0.0,0.0,0.0,無,0030
南屯區,土地,埔興段1325-3地號,5.58,都市：其他:第二之二種住宅區,,,1150724,土地1建物0車位0,,,其他,,,,0.0,0,0,0,無,無,287500,51523,,0.0,0,親友、員工、共有人或其他特殊關係間之交易；,RPVNMLSLPHLGFCB09DA,0.0,0.0,0.0,無,0030
南屯區,土地,埔興段1325-3地號,16.75,都市：其他:第二之二種住宅區,,,1150724,土地1建物0車位0,,,其他,,,,0.0,0,0,0,無,無,862500,51493,,0.0,0,親友、員工、共有人或其他特殊關係間之交易；,RPXNMLSLPHLGFCB66DA,0.0,0.0,0.0,無,0030
南屯區,房地(土地+建物)+車位,臺中市南屯區建功路６９號十二樓之５,13.83,都市：其他:第五種住宅區,,,1150720,土地1建物1車位1,十二層,二十三層,住宅大樓(11層含以上有電梯),住家用,鋼筋混凝土造,1141226,148.3,3,2,2,有,有,15900000,107215,坡道平面,26.14,0,,RPTNMLNJQHLGFCB28DA,72.39,0.0,7.86,有,0065
南屯區,房地(土地+建物),臺中市南屯區向心路１０９號十七樓之５,3.57,都市：其他:第三種住宅區。,,,1150718,土地1建物1車位0,十七層,二十三層,住宅大樓(11層含以上有電梯),辦公用,鋼筋混凝土造,0861216,47.230000000000004,1,1,1,有,有,5120000,108406,,0.0,0,夾層；含租約；,RPPQMLOJQHLGFCB28DA,28.13,0.0,3.85,有,
西屯區,房地(土地+建物)+車位,臺中市西屯區市政路１９號十九樓之９,6.08,都市：其他:第四之一種商業區,,,1150708,土地1建物1車位1,十九層,三十一層,住宅大樓(11層含以上有電梯),住家用,鋼骨鋼筋混凝土造、鋼筋混凝土造,1140618,124.62,2,2,1,有,有,17500000,140427,坡道平面,32.53,0,,RPSNMLQJQHLGFCB48DA,54.59,0.0,5.52,有,0066
西屯區,房地(土地+建物)+車位,臺中市西屯區漢翔東路３９號四樓之３,33.76,都市：其他:第二種創新研發專用區,,,1150725,土地1建物1車位1,四層,九層,華廈(10層含以下有電梯),住家用,鋼筋混凝土造,1110712,155.43,3,2,2,有,有,19600000,126102,坡道平面,32.39,0,,RPOQNLMKQHLGFCB18DA,74.39,0.0,6.32,有,0067
西屯區,房地(土地+建物),臺中市西屯區文心路二段５６６之１２號四樓之１,5.93,都市：其他:第三種住宅區。,,,1150719,土地1建物1車位0,四層,二十三層,住宅大樓(11層含以上有電梯),住家用,鋼筋混凝土造,0941110,88.03,2,2,1,有,有,9360000,106327,,0.0,0,陽台外推；,RPUNMLNKQHLGFCB48DA,41.19,1.09,17.21,有,
西屯區,房地(土地+建物),臺中市西屯區國祥街１８號五樓之２,26.03,都市：其他:第六種住宅區,,,1150722,土地1建物1車位0,五層,十二層,住宅大樓(11層含以上有電梯),住家用,鋼筋混凝土造,0850615,130.27,3,2,2,有,有,7500000,57573,,0.0,0,其他增建；,RPUOMLSKQHLGFCB09DA,71.56,2.2,7.67,有,
西屯區,房地(土地+建物),臺中市西屯區筏堤東街一段３２之６號,84.33,都市：其他:農業區,,,1150718,土地3建物1車位0,全,四層,透天厝,住家用,鋼筋混凝土造,1140505,244.43,3,3,6,有,無,36000000,147281,,0.0,0,,RPWQMLOLQHLGFCB56DA,230.32,0.0,14.11,有,
西屯區,房地(土地+建物)+車位,臺中市西屯區國安一路６７之１０號,14.99,都市：其他:第六種住宅區,,,1150726,土地1建物1車位1,一層,十五層,住宅大樓(11層含以上有電梯),住家用,鋼筋混凝土造,0960907,123.86,2,2,2,有,有,14600000,117875,坡道平面,20.99,0,,RPSSMLOLQHLGFCB98DA,64.0,2.7,5.1,有,0068
西屯區,房地(土地+建物),臺中市西屯區青海路二段２７２號四樓之８,12.04,都市：其他:第三之二種住宅區,,,1150707,土地1建物1車位0,四層,十二層,住宅大樓(11層含以上有電梯),住家用,鋼筋混凝土造,1140515,57.3,2,1,1,有,有,8800000,153578,,0.0,0,,RPXVMLOLQHLGFCB17DA,30.54,0.0,1.37,有,
豐原區,房地(土地+建物),臺中市豐原區一心路２１６巷３號,40.09,都市：其他:第一之一種住宅區,,,1150706,土地1建物1車位0,一層，二層，騎樓,七層,華廈(10層含以下有電梯),住商用,鋼筋混凝土造,0840621,159.66,2,1,1,有,有,8550000,53551,,0.0,0,,RPSNMLSKQHLGFDB88DA,105.99,0.0,6.36,有,
大甲區,房地(土地+建物),臺中市大甲區臨江路１１４之２３號,102.0,,特定農業區,甲種建築用地,1150724,土地2建物1車位0,全,三層,透天厝,住家用,鋼筋混凝土造,0880317,141.13,5,2,2,有,無,6280000,44498,,0.0,0,其他增建；,RPRNMLSKQHLGFEB88DA,134.11,0.0,7.02,無,
大甲區,房地(土地+建物),臺中市大甲區水源路３３８號,67.51,都市：其他:住宅區,,,1150716,土地2建物1車位0,全,二層,透天厝,住商用,鋼筋混凝土加強磚造,0690414,99.76,3,1,2,有,無,6600000,66159,,0.0,0,本件土地建物由承租人承購,RPUNMLSLQHLGFEB66DA,99.76,0.0,0.0,無,
清水區,房地(土地+建物),臺中市清水區民享五街１５３號,100.0,都市：其他:第四種住宅區,,,1150715,土地1建物1車位0,全,二層,透天厝,住家用,加強磚造,0780520,138.65,4,3,4,有,無,9000000,64912,,0.0,0,其他增建；,RPRNMLLKQHLGFFB28DA,138.65,0.0,0.0,無,
沙鹿區,房地(土地+建物),臺中市沙鹿區臺灣大道七段４３２巷８９弄１０號,76.87,都市：其他:第三種住宅區。,,,1150702,土地2建物1車位0,全,四層,透天厝,其他,鋼筋混凝土造,0931108,182.28,6,3,4,有,無,8000000,43889,,0.0,0,含租約；,RPWNMLQLQHLGFFB76DA,158.17,3.12,20.99,無,0069
大雅區,土地,信和東段492地號,2188.23,都市：其他:農業區,,,1150708,土地1建物0車位0,,,其他,,,,0.0,0,0,0,無,無,82740000,37811,,0.0,0,,RPSNMLPJQHLGFHB88DA,0.0,0.0,0.0,無,
潭子區,房地(土地+建物),臺中市潭子區大通街１４４巷３０號,56.38,都市：其他:第一之一種住宅區,,,1150708,土地1建物1車位0,全,二層,透天厝,住家用,加強磚造,0751122,88.26,4,2,2,有,無,7500000,84976,,0.0,0,頂樓加蓋；,RPQNMLKKQHLGFHB28DA,85.16,0.0,3.1,無,
潭子區,土地,東寶一段1295地號,6023.1,都市：其他:農業區,,,1150718,土地1建物0車位0,,,其他,,,,0.0,0,0,0,無,無,126500000,21002,,0.0,0,農作物；,RPRNMLTKQHLGFHB66DA,0.0,0.0,0.0,無,
大雅區,房地(土地+建物),臺中市大雅區雅環路二段６４巷５２號,82.79,都市：其他:第二種住宅區,,,1150720,土地1建物1車位0,全,三層,透天厝,住商用,鋼筋混凝土造,0820330,190.91,6,2,3,有,無,15500000,81190,,0.0,0,,RPPNMLOLQHLGFHB68DA,168.95,21.96,0.0,無,
潭子區,房地(土地+建物)+車位,臺中市潭子區中山路二段３６號八樓之８,24.26,都市：其他:第一之二種住宅區,,,1150724,土地1建物1車位2,八層,十五層,住宅大樓(11層含以上有電梯),住家用,鋼筋混凝土造,1090909,182.89999999999998,3,2,2,有,有,18380000,100492,坡道平面,54.68,0,,RPPNMLPLQHLGFHB78DA,80.24,0.0,4.78,有,0070
霧峰區,土地,五福北段732地號,2901.02,,特定農業區,農牧用地,1150727,土地1建物0車位0,,,其他,,,,0.0,0,0,0,無,無,13160000,4536,,0.0,0,,RPWNMLRKQHLGFIB07DA,0.0,0.0,0.0,無,
霧峰區,土地,峰南段501地號,86.0,都市：其他:商業區,,,1150722,土地1建物0車位0,,,其他,,,,0.0,0,0,0,無,無,2740000,31860,,0.0,0,含土地增值稅或其他稅費201153元；含地政士服務費20000元；親友、員工、共有人或其他特殊關係間之交易；,RPPNMLRLQHLGFIB09DA,0.0,0.0,0.0,無,
太平區,房地(土地+建物),臺中市太平區大興九街１８號,114.1,,鄉村區,乙種建築用地,1150722,土地1建物1車位0,全,二層,透天厝,住商用,加強磚造,0691130,110.56,6,1,3,有,無,2350000,21255,,0.0,0,親友、員工、共有人或其他特殊關係間之交易；,RPRNMLMLPHLGFJB78DA,110.56,0.0,0.0,無,
太平區,房地(土地+建物)+車位,臺中市太平區祥順路一段４９號十樓之１,21.39,都市：其他:住宅區,,,1150714,土地1建物1車位1,十層,十二層,住宅大樓(11層含以上有電梯),住家用,鋼筋混凝土造,1020401,145.32,2,2,2,有,有,12000000,82576,坡道平面,26.43,0,,RPPNMLNLPHLGFJB68DA,74.06,0.0,9.77,有,
太平區,房地(土地+建物),臺中市太平區長億十二街９６號,54.54,都市：其他:住宅區,,,1150705,土地2建物1車位0,全,四層,透天厝,住家用,鋼筋混凝土造,1090508,180.38,4,3,4,有,無,15980000,88591,,0.0,0,陽台外推；其他增建；,RPQNMLLMPHLGFJB68DA,173.71,0.0,6.54,無,0071
太平區,房地(土地+建物),臺中市太平區新吉路５巷８號三樓,20.65,都市：其他:住宅區,,,1150722,土地1建物1車位0,三層,五層,公寓(5樓含以下無電梯),住家用,鋼筋混凝土造,0721104,60.76,2,2,1,有,無,4400000,72416,,0.0,0,,RPQNMLTKQHLGFJB76DA,50.24,0.0,4.16,無,0072
太平區,房地(土地+建物)+車位,臺中市太平區立文街１５５號十一樓之１,16.92,都市：其他:商業區,,,1150731,土地1建物1車位1,十一層,十五層,住宅大樓(11層含以上有電梯),住家用,鋼筋混凝土造,1060330,176.37,3,2,2,有,有,17300000,98089,坡道平面,31.1,0,,RPUOMLLLQHLGFJB56DA,86.01,2.08,9.98,有,0073
太平區,房地(土地+建物)+車位,臺中市太平區樹孝路３２１巷１號十一樓,13.72,都市：其他:住宅區,,,1150713,土地1建物1車位1,十一層,十二層,住宅大樓(11層含以上有電梯),住家用,鋼筋混凝土造,0810812,101.03,3,2,2,有,有,7350000,72751,坡道機械,0.0,0,,RPWOMLLLQHLGFJB76DA,65.03,0.0,8.78,有,0074
龍井區,房地(土地+建物),臺中市龍井區東海街２７之８號,205.49,都市：其他:第一之一種住宅區,,,1150728,土地2建物1車位0,全,四層,透天厝,住家用,鋼筋混凝土造,1020729,351.12,4,4,6,有,有,41680000,118706,,0.0,0,地下室客廳空間、整棟採光罩部份陽台外推；其他增建；,RPSNMLQJQHLGFKB66DA,280.44,1.62,32.27,有,
大肚區,土地,北王田段538地號,239.04,都市：其他:第一種住宅區,,,1150701,土地1建物0車位0,,,其他,,,,0.0,0,0,0,無,無,9400248,39325,,0.0,0,,RPTNMLRLQHLGFKB07DA,0.0,0.0,0.0,無,
南區,房地(土地+建物)+車位,臺中市南區學府路８８之１號八樓之一,16.48,都市：其他:第二種住宅區,,,1150707,土地2建物1車位1,八層,十四層,住宅大樓(11層含以上有電梯),住家用,鋼筋混凝土造,1000729,102.95,2,2,1,有,有,12580000,134983,坡道機械,15.68,800000,其他增建；,RPSPMLRJPHLGFAB48DA,54.98,1.46,3.81,有,
南區,房地(土地+建物)+車位,臺中市南區福田路７７巷５８號,121.58,都市：其他:第二種住宅區,,,1150722,土地3建物1車位2,全,四層,透天厝,住家用,鋼筋混凝土造,0940304,306.92,8,2,5,有,有,26000000,84713,一樓平面,0.0,0,陽台外推；頂樓加蓋；其他增建；,RPTOMLMLPHLGFAB18DA,280.47,2.32,24.13,無,
西區,房地(土地+建物)+車位,臺中市西區三民路一段３６號１３樓之５,8.28,都市：其他:第二種住宅區,,,1150715,土地3建物1車位1,十三層,十九層,住宅大樓(11層含以上有電梯),住家用,鋼筋混凝土造,0840113,103.78,2,2,2,有,有,7300000,70341,坡道機械,0.0,0,,RPOQMLOLPHLGFAB08DA,61.65,0.0,7.49,有,
西區,房地(土地+建物),臺中市西區公益路１１９號十樓之２３,6.62,都市：其他:第二種住宅區,,,1150725,土地2建物1車位0,十層,十三層,住宅大樓(11層含以上有電梯),其他,鋼筋混凝土造,0830714,64.05000000000001,1,1,1,有,有,6860000,107104,,0.0,0,陽台外推；,RPVNMLOJQHLGFAB38DA,34.82,0.0,7.31,有,0075
南區,房地(土地+建物)+車位,臺中市南區大慶街一段２４３號九樓之１,26.52,都市：其他:第三種住宅區。,,,1150719,土地1建物1車位2,九層,十四層,住宅大樓(11層含以上有電梯),住家用,鋼筋混凝土造,1111024,191.06,3,2,2,有,有,21880000,114519,坡道平面,49.7,0,,RPVNMLRJQHLGFAB68DA,85.22,0.0,9.5,有,0076
南區,房地(土地+建物),臺中市南區五權南路４８３號十樓之八,5.35,都市：其他:第三種住宅區。,,,1150715,土地1建物1車位0,十層,二十二層,住宅大樓(11層含以上有電梯),住家用,鋼筋混凝土造,0970121,69.25,2,0,2,有,有,7300000,105415,,0.0,0,,RPQOMLLKQHLGFAB77DA,34.28,0.0,11.26,有,
南區,房地(土地+建物),臺中市南區信義南街２０２號十二樓之１２,3.05,都市：其他:第二種住宅區,,,1150709,土地1建物1車位0,十二層,十二層,住宅大樓(11層含以上有電梯),住家用,鋼筋混凝土造,0840601,42.27,1,0,1,有,有,3100000,73338,,0.0,0,,RPPNMLSKQHLGFAB28DA,24.43,0.0,4.46,有,0077
北屯區,房地(土地+建物)+車位,臺中市北屯區軍榮五街２８號十樓之１,21.08,都市：其他:第三種住宅區。,,,1150704,土地2建物1車位1,十層,十一層,住宅大樓(11層含以上有電梯),住家用,鋼筋混凝土造,1061225,157.58,2,2,2,有,有,15100000,95824,坡道平面,33.91,0,,RPVOMLKKQHLGFBB28DA,72.24,0.0,9.41,有,0078
北屯區,房地(土地+建物)+車位,臺中市北屯區環太東路４６２號四樓之３,24.02,都市：其他:第三種住宅區。,,,1150705,土地1建物1車位1,四層,十五層,住宅大樓(11層含以上有電梯),住家用,鋼筋混凝土造,1090820,149.23,3,2,2,有,有,13060000,87516,坡道平面,23.87,0,,RPUNNLOKQHLGFBB58DA,71.84,1.17,11.01,有,0079
北屯區,房地(土地+建物)+車位,臺中市北屯區環太東路５１９號十樓之８,17.04,都市：其他:第三種住宅區。,,,1150712,土地1建物1車位1,十層,十五層,住宅大樓(11層含以上有電梯),住家用,鋼筋混凝土造,1110425,110.42,2,1,1,有,有,9800000,88752,坡道平面,24.59,0,,RPSVNLOKQHLGFBB56DA,51.18,0.0,5.96,有,0080
北區,房地(土地+建物),臺中市北區中清路一段１５０巷１０弄７號,27.53,都市：其他:第二種住宅區,,,1150712,土地2建物1車位0,一層,五層,公寓(5樓含以下無電梯),住家用,鋼筋混凝土造,0680920,67.86,5,0,5,有,無,8880000,130858,,0.0,0,其他增建；,RPPNMLTKQHLGFBB48DA,67.86,0.0,0.0,無,0081
北區,房地(土地+建物),臺中市北區忠太東路１１９號２樓之４,11.92,都市：其他:第三種住宅區。,,,1150728,土地1建物1車位0,二層,二十一層,住宅大樓(11層含以上有電梯),住家用,鋼筋混凝土造,0840607,144.01999999999998,2,1,1,有,有,10400000,72212,,0.0,0,,RPQNMLLLQHLGFBB87DA,31.35,53.82,3.15,有,0082
北區,房地(土地+建物),臺中市北區錦新街８７號,102.23,都市：其他:第三種住宅區。,,,1150709,土地2建物1車位0,全,二層,透天厝,住家用,鐵筋加強磚造,0550606,124.27,4,2,2,有,無,22680000,182506,,0.0,0,頂樓加蓋；其他增建；,RPTPMLLLQHLGFBB38DA,124.27,0.0,0.0,無,
北區,房地(土地+建物),臺中市北區健行路４４３號１１樓之２５,3.96,都市：其他:第二種住宅區,,,1150717,土地1建物1車位0,十一層,十六層,住宅大樓(11層含以上有電梯),住家用,鋼筋混凝土造,0840526,33.79,1,0,1,有,有,2650000,78426,,0.0,0,,RPUPMLLLQHLGFBB48DA,17.57,0.0,3.58,有,
南屯區,房地(土地+建物)+車位,臺中市南屯區文心路一段２１６號二十樓之３,11.64,都市：其他:第二種住宅區,,,1150707,土地1建物1車位2,二十層,二十五層,住宅大樓(11層含以上有電梯),住家用,鋼筋混凝土造,0841024,182.76999999999998,3,2,2,有,有,15680000,85791,坡道平面,0.0,0,,RPRNMLOKPHLGFCB18DA,95.65,0.0,11.01,有,
西屯區,房地(土地+建物),臺中市西屯區安林路３之２２巷３弄９號,149.77,都市：其他:農業區,,,1150719,土地1建物1車位0,全,四層,透天厝,住家用,鋼筋混凝土造,0940205,289.83,5,3,4,有,有,27680000,95504,,0.0,0,,RPOOMLOJQHLGFCB97DA,250.87,0.0,15.65,無,
西屯區,房地(土地+建物),臺中市西屯區順和七街５號三樓,16.72,都市：其他:第二種住宅區,,,1150722,土地1建物1車位0,三層,七層,華廈(10層含以下有電梯),住家用,鋼筋混凝土造,0810920,85.86,3,2,2,有,有,4850000,56487,,0.0,0,,RPPSMLKKQHLGFCB18DA,61.26,1.85,9.37,有,
西屯區,房地(土地+建物)+車位,臺中市西屯區重慶路３５０號四樓之３,11.89,都市：其他:第一種商業區,,,1150716,土地1建物1車位1,四層,十六層,住宅大樓(11層含以上有電梯),住家用,鋼筋混凝土造,0850125,125.28999999999999,3,2,2,有,有,12200000,97374,坡道機械,0.0,0,陽台外推；,RPTOMLLLQHLGFCB38DA,86.5,0.0,9.14,有,
西屯區,土地,民安段1788地號,24.74,都市：其他:道路用地,,,1150724,土地5建物0車位0,,,其他,,,,0.0,0,0,0,無,無,3418778,138188,,0.0,0,包含公共設施保留地用地；,RPPWMLOLQHLGFCB09DA,0.0,0.0,0.0,無,0083
西屯區,土地,民安段1788地號,37.33,都市：其他:道路用地,,,1150724,土地7建物0車位0,,,其他,,,,0.0,0,0,0,無,無,5217769,139774,,0.0,0,包含公共設施保留地用地；,RPQWMLOLQHLGFCB56DA,0.0,0.0,0.0,無,0084
西屯區,土地,民安段1791-2地號,16.68,都市：其他:道路用地,,,1150724,土地4建物0車位0,,,其他,,,,0.0,0,0,0,無,無,2245810,134641,,0.0,0,包含公共設施保留地用地；,RPRWMLOLQHLGFCB66DA,0.0,0.0,0.0,無,0083
神岡區,房地(土地+建物),臺中市神岡區中山路１１４３號,74.23,都市：其他:第一之二種住宅區,,,1150719,土地1建物1車位0,全,二層,透天厝,住商用,鋼筋混凝土造,0820402,117.19,3,2,2,有,無,11880000,101374,,0.0,0,頂樓加蓋；其他增建；,RPOOMLQJQHLGFDB28DA,107.62,0.0,9.57,無,
大甲區,房地(土地+建物),臺中市大甲區八德街３８號,102.0,都市：其他:住宅區,,,1150714,土地1建物1車位0,全,四層,透天厝,住家用,鋼筋混凝土造,0830810,359.33,5,3,5,有,無,15000000,41744,,0.0,0,,RPWNMLQKPHLGFEB09DA,344.03,0.0,15.3,無,
大甲區,房地(土地+建物),臺中市大甲區義和二街１２０巷８８號三樓之３,15.38,都市：其他:住宅區,,,1150704,土地2建物1車位0,三層,七層,華廈(10層含以下有電梯),住家用,鋼筋混凝土造,1130122,63.019999999999996,1,2,1,有,有,4650000,73786,,0.0,0,,RPWNMLRLQHLGFEB76DA,41.02,0.0,3.85,有,0086
梧棲區,房地(土地+建物)+車位,臺中市梧棲區臨港路四段５９２號十七樓之６,12.95,都市：其他:第四種商業區,,,1150701,土地1建物1車位1,十七層,二十四層,住宅大樓(11層含以上有電梯),住家用,鋼筋混凝土造,1131216,160.93,3,2,2,有,有,9150000,56857,坡道平面,26.13,0,,RPOOMLSLPHLGFFB78DA,80.22,4.68,6.3,有,0087
清水區,房地(土地+建物)+車位,臺中市清水區港新五路１５６號三樓之１,13.73,都市：其他:第四種商業區,,,1150726,土地1建物1車位1,三層,十五層,住宅大樓(11層含以上有電梯),住家用,鋼筋混凝土造,1121229,153.82,3,2,2,有,有,8420000,54739,坡道平面,26.15,0,,RPUNMLOLQHLGFFB98DA,75.51,0.0,10.26,有,0088
沙鹿區,房地(土地+建物),臺中市沙鹿區晉文路２１號,73.17,都市：其他:第二種住宅區,,,1150716,土地1建物1車位0,全,四層,透天厝,商業用,鋼筋混凝土造,0940131,204.07,8,2,8,有,無,14100000,69094,,0.0,0,,RPQOMLQLQHLGFFB88DA,189.81,0.0,14.26,無,0089
東勢區,房地(土地+建物)+車位,臺中市東勢區文新二街３３號八樓之１,24.48,都市：其他:第一種住宅區,,,1150731,土地1建物1車位1,八層,十四層,住宅大樓(11層含以上有電梯),住家用,鋼筋混凝土造,1140417,112.74,2,2,1,有,有,7800000,69186,坡道平面,30.29,0,,RPRNMLPLQHLGFGB88DA,52.48,0.0,3.14,有,0090
潭子區,房地(土地+建物)+車位,臺中市潭子區雅豐街７６巷３３號四樓,22.36,都市：其他:第一之一種住宅區,,,1150711,土地1建物1車位1,四層,十層,華廈(10層含以下有電梯),住家用,鋼筋混凝土造,0830915,122.25999999999999,4,2,2,有,有,7500000,61345,坡道機械,0.0,0,其他增建；,RPPNMLOJQHLGFHB48DA,77.23,0.0,10.3,有,
霧峰區,土地,五福南段251地號,2495.73,,特定農業區,農牧用地,1150708,土地3建物0車位0,,,其他,,,,0.0,0,0,0,無,無,9059280,3630,,0.0,0,,RPRNMLRLQHLGFIB66DA,0.0,0.0,0.0,無,
霧峰區,土地,五福南段252地號,129.53,,特定農業區,農牧用地,1150708,土地1建物0車位0,,,其他,,,,0.0,0,0,0,無,無,235080,1815,,0.0,0,,SPRNMLRLQHLGFIB76DA,0.0,0.0,0.0,無,
烏日區,房地(土地+建物)+車位,臺中市烏日區三榮北路１１８號十樓之２,21.16,都市：其他:第二種住宅區,,,1150723,土地1建物1車位1,十層,十三層,住宅大樓(11層含以上有電梯),住家用,鋼筋混凝土造,1100913,105.21000000000001,1,1,1,有,有,9200000,87444,坡道平面,37.98,0,,RPRNMLSLQHLGFIB76DA,40.99,0.0,5.05,有,0091
太平區,房地(土地+建物)+車位,臺中市太平區樹孝路２７３巷２０號十四樓之３,22.86,都市：其他:住宅區,,,1150717,土地1建物1車位1,十四層,十五層,住宅大樓(11層含以上有電梯),住家用,鋼筋混凝土造,1120908,143.28,3,2,2,有,有,14250000,99456,坡道平面,25.13,0,親友、員工、共有人或其他特殊關係間之交易；,RPUNMLNJQHLGFJB09DA,70.53,0.0,7.38,有,0092
大肚區,房地(土地+建物),臺中市大肚區王福街１９７號,144.55,都市：其他:第一種住宅區,,,1150708,土地4建物1車位0,全,四層,透天厝,住家用,鋼筋混凝土造,1140507,300.01,5,3,6,有,無,34600000,115329,,0.0,0,,RPUNMLTKQHLGFKB27DA,280.29,0.0,19.72,有,
大肚區,土地,福山段90地號,122.41,都市：其他:乙種工業區,,,1150724,土地2建物0車位0,,,其他,,,,0.0,0,0,0,無,無,4000000,32677,,0.0,0,本買賣標的未連接道路含土地增值稅或其他稅費35988元；,RPPNMLTLQHLGFKB86DA,0.0,0.0,0.0,無,
神岡區,土地,福庄段713-1地號,422.64,都市：其他:農業區,,,1150710,土地1建物0車位0,,,其他,,,,0.0,0,0,0,無,無,6466500,15300,,0.0,0,政府機關標讓售；,RPPNMLSLQHLGFDB78EA,0.0,0.0,0.0,無,
東勢區,土地,東勢段石角小段2252地號,2376.67,,山坡地保育區,農牧用地,1150730,土地2建物0車位0,,,其他,,,,0.0,0,0,0,無,無,2000000,842,,0.0,0,,RPPNMLSLQHLGFGB09EA,0.0,0.0,0.0,無,0093
龍井區,土地,茄投段472地號,92.81,都市：其他:第四種住宅區,,,1150715,土地1建物0車位0,,,其他,,,,0.0,0,0,0,無,無,850000,9158,,0.0,0,地清或未辦繼承標售；,RPPNMLLMQHLGFKB88EA,0.0,0.0,0.0,無,
西區,房地(土地+建物),臺中市西區五權五街２４６巷２７號三樓,23.93,都市：其他:第二種住宅區,,,1150715,土地1建物1車位0,三層,七層,華廈(10層含以下有電梯),住家用,鋼筋混凝土造,0780828,136.07999999999998,3,2,2,有,有,8750000,64300,,0.0,0,陽台外推；其他增建；,RPXOMLPKPHLGFAB78DA,109.98,0.0,14.04,有,
南區,房地(土地+建物)+車位,臺中市南區信義南街１０９號１１樓之５,13.66,都市：其他:第二種住宅區,,,1150710,土地2建物1車位1,十一層,二十四層,住宅大樓(11層含以上有電梯),住家用,鋼筋混凝土造,0851211,144.18,4,2,2,有,有,10780000,74768,坡道機械,0.0,0,,RPPOMLQJQHLGFAB08DA,81.46,1.07,10.24,有,
西區,房地(土地+建物)+車位,臺中市西區向上路一段５０６號七樓之１,13.53,都市：其他:第二種住宅區,,,1150702,土地1建物1車位1,七層,十三層,住宅大樓(11層含以上有電梯),住家用,鋼筋混凝土造,0851119,154.64000000000001,3,2,2,有,有,16000000,103466,坡道平面,0.0,0,,RPUNMLTKQHLGFAB88DA,80.35,3.34,10.6,有,0094
北屯區,房地(土地+建物)+車位,臺中市北屯區松義街１５８之３２號９樓之１,22.08,都市：其他:第二種住宅區,,,1150719,土地1建物1車位1,九層,十二層,住宅大樓(11層含以上有電梯),住家用,鋼筋混凝土造,0860127,136.97,3,2,2,有,有,10500000,76659,坡道平面,0.0,0,,RPQOMLTLPHLGFBB68DA,75.51,1.72,10.27,有,
北屯區,房地(土地+建物)+車位,臺中市北屯區環太東路５６０號六樓之２,23.97,都市：其他:第三種住宅區。,,,1150704,土地1建物1車位1,六層,十五層,住宅大樓(11層含以上有電梯),住家用,鋼筋混凝土造,1130605,151.19,3,2,2,有,有,13500000,89292,坡道平面,27.6,0,,RPVNMLNJQHLGFBB38DA,73.68,0.0,9.16,有,0095
北屯區,房地(土地+建物)+車位,臺中市北屯區河北西街８８號四樓之５,14.43,都市：其他:第二種商業區,,,1150704,土地1建物1車位1,四層,十五層,住宅大樓(11層含以上有電梯),住家用,鋼筋混凝土造,1081121,157.32999999999998,3,2,2,有,有,17880000,113646,坡道平面,33.69,0,,RPQRMLQJQHLGFBB58DA,77.17,0.0,6.8,有,0096
北區,房地(土地+建物),臺中市北區北平三街６之１號,29.14,都市：其他:第二種住宅區,,,1150721,土地4建物1車位0,二層,七層,華廈(10層含以下有電梯),住家用,鋼筋混凝土造,0730411,87.41,3,2,2,有,有,6800000,77794,,0.0,0,,RPURMLKKQHLGFBB48DA,76.99,0.04,10.38,有,
北屯區,房地(土地+建物),臺中市北屯區僑孝街１１０巷４５號,27.75,都市：其他:第二種住宅區,,,1150718,土地1建物1車位0,二層,三層,公寓(5樓含以下無電梯),住家用,鋼筋混凝土造,0710823,74.23,3,1,1,有,無,5520000,74363,,0.0,0,,RPURMLMKQHLGFBB68DA,68.5,0.0,5.73,無,0097
北屯區,房地(土地+建物)+車位,臺中市北屯區松竹五路二段４０８號五樓之２,19.2,都市：其他:第一種商業區,,,1150721,土地1建物1車位1,五層,十五層,住宅大樓(11層含以上有電梯),住家用,鋼筋混凝土造,1130920,159.70999999999998,3,2,2,有,有,14600000,106956,坡道平面,37.23,1500000,,RPOSMLMKQHLGFBB18DA,73.29,0.0,7.95,有,0098
北屯區,房地(土地+建物)+車位,臺中市北屯區軍福十六路２７３號十四樓之１１,13.52,都市：其他:第二種商業區,,,1150713,土地1建物1車位1,十四層,十五層,住宅大樓(11層含以上有電梯),住家用,鋼筋混凝土造,1030603,140.93,3,2,2,有,有,12000000,85149,坡道機械,15.48,0,,RPRTNLOKQHLGFBB88DA,78.47,2.49,4.02,有,
北屯區,房地(土地+建物)+車位,臺中市北屯區豐樂北二路７７號七樓之２,29.27,都市：其他:第二種住宅區,,,1150728,土地1建物1車位2,七層,二十三層,住宅大樓(11層含以上有電梯),住家用,鋼筋混凝土造,1140828,201.43,3,2,2,有,有,29310000,183325,坡道平面,64.46,4200000,親友、員工、共有人或其他特殊關係間之交易；,RPPNMLRLQHLGFBB38DA,82.47,0.0,8.41,有,
北區,房地(土地+建物),臺中市北區太平路１２４之１號,11.31,都市：其他:第二種住宅區,,,1150728,土地1建物1車位0,一層,七層,華廈(10層含以下有電梯),住家用,鋼筋混凝土造,0840509,39.88,1,1,1,有,有,3760000,94283,,0.0,0,,RPWNMLRLQHLGFBB09DA,30.27,3.9,0.0,有,0099
北區,房地(土地+建物),臺中市北區太平路１２４之２號,13.19,都市：其他:第二種住宅區,,,1150728,土地1建物1車位0,一層,七層,華廈(10層含以下有電梯),住家用,鋼筋混凝土造,0840509,50.85,1,1,1,有,有,4780000,94002,,0.0,0,,SPWNMLRLQHLGFBB56DA,35.79,4.02,0.0,有,0100
北屯區,房地(土地+建物)+車位,臺中市北屯區文心路四段９３６號７樓之１,24.16,都市：其他:第三種住宅區。,,,1150720,土地1建物1車位1,七層,十二層,住宅大樓(11層含以上有電梯),商業用,鋼筋混凝土造,0800211,355.62,0,3,0,有,有,25980000,73058,坡道平面,0.0,0,,RPOOMLRLQHLGFBB38DA,292.31,1.92,26.09,有,
北區,房地(土地+建物),臺中市北區東光東街７９號十二樓之９,3.46,都市：其他:第二種住宅區,,,1150728,土地1建物1車位0,十二層,十六層,住宅大樓(11層含以上有電梯),住家用,鋼筋混凝土造,0831214,28.02,1,1,1,有,有,2880000,102784,,0.0,0,,RPROMLSLQHLGFBB78DA,19.54,0.0,0.0,有,0101
西屯區,房地(土地+建物)+車位,臺中市西屯區環中路二段１５７７號十二樓之８,8.47,都市：其他:第三種商業區,,,1150712,土地1建物1車位1,十二層,二十九層,住宅大樓(11層含以上有電梯),住家用,鋼筋混凝土造,1071210,83.18,2,2,1,有,有,9600000,115412,坡道機械,9.67,0,,RPSNMLSLPHLGFCB78DA,42.68,1.32,4.68,有,0102
西屯區,房地(土地+建物)+車位,臺中市西屯區臺灣大道三段６８１號八樓之１,17.13,都市：其他:第四之一種商業區,,,1150725,土地1建物1車位1,八層,二十四層,住宅大樓(11層含以上有電梯),住家用,鋼筋混凝土造,1020603,249.29,3,2,2,有,有,28000000,112319,坡道平面,29.08,0,,RPQPMLNJQHLGFCB18DA,125.94,4.65,15.31,有,
西屯區,房地(土地+建物)+車位,臺中市西屯區市政路６０號八樓之２,33.84,都市：其他:第三種新市政中心專用區,,,1150711,土地1建物1車位3,八層,二十二層,住宅大樓(11層含以上有電梯),住家用,鋼筋混凝土造,1010927,461.6,4,2,3,有,有,53280000,115425,坡道平面,133.83,0,,RPVPNLRJQHLGFCB56DA,186.84,8.97,25.42,有,0103
西屯區,房地(土地+建物)+車位,臺中市西屯區國安一路２２９號九樓之５,11.87,都市：其他:第六種住宅區,,,1150718,土地1建物1車位1,九層,二十一層,住宅大樓(11層含以上有電梯),住家用,鋼筋混凝土造,1031113,116.69999999999999,2,2,1,有,有,13400000,114824,坡道機械,20.21,0,,RPUOMLNKQHLGFCB58DA,55.67,2.63,5.57,有,
西屯區,房地(土地+建物),臺中市西屯區烈美街９１號,66.99,都市：其他:第二種住宅區,,,1150706,土地4建物1車位0,全,三層,透天厝,住商用,鋼筋混凝土造,0710331,143.66,10,0,11,有,無,16900000,117639,,0.0,0,頂樓加蓋；,RPVOMLNKQHLGFCB68DA,133.08,0.0,10.58,無,0104
西屯區,房地(土地+建物)+車位,臺中市西屯區逢大路４５號十五樓之１,39.7,都市：其他:第三之二種住宅區,,,1150713,土地1建物1車位1,十五層,十五層,住宅大樓(11層含以上有電梯),住家用,鋼筋混凝土造,0940704,189.60000000000002,3,2,2,有,有,15000000,79114,坡道平面,0.0,0,,RPQNMLSLQHLGFCB68DA,103.84,0.0,14.31,有,
豐原區,房地(土地+建物),臺中市豐原區府前街６９號五樓１１號,16.22,都市：其他:第二種商業區,,,1150720,土地1建物1車位0,五層,八層,華廈(10層含以下有電梯),住商用,鋼筋混凝土造,0670929,89.92,3,2,1,有,有,5400000,60053,,0.0,0,,RPTOMLQJQHLGFDB78DA,89.92,0.0,0.0,有,0105
豐原區,房地(土地+建物),臺中市豐原區博愛街６０巷７號三樓之９,6.6,都市：其他:第二種商業區,,,1150729,土地1建物1車位0,三層,六層,華廈(10層含以下有電梯),住家用,鋼筋混凝土造,0861203,36.09,1,0,1,有,有,2600000,72042,,0.0,0,,RPQNMLKKQHLGFDB87DA,19.5,0.0,3.53,有,
神岡區,房地(土地+建物),臺中市神岡區豐社路２１６號,83.87,都市：其他:第一之一種住宅區,,,1150728,土地3建物1車位0,全,二層,透天厝,住商用,加強磚造,0741004,126.6,6,0,3,有,無,13550000,107030,,0.0,0,,RPPNMLOLQHLGFDB28DA,120.0,0.0,6.6,無,0106
神岡區,土地,順濟段350地號,1213.28,都市：其他:道路用地,,,1150726,土地2建物0車位0,,,其他,,,,0.0,0,0,0,無,無,8000000,6594,,0.0,0,,RPQNMLLJRHLGFDB97DA,0.0,0.0,0.0,無,
清水區,房地(土地+建物)+車位,臺中市清水區港都路５號五樓之３,12.51,都市：其他:第四種商業區,,,1150712,土地1建物1車位1,五層,二十四層,住宅大樓(11層含以上有電梯),住家用,鋼筋混凝土造,1130411,159.41,3,2,2,有,有,9880000,61979,坡道平面,24.94,0,,RPVNMLSKQHLGFFB76DA,78.88,0.0,11.78,有,0107
沙鹿區,房地(土地+建物),臺中市沙鹿區正英八街１９６號,108.06,都市：其他:第二種住宅區,,,1150718,土地2建物1車位0,全,四層,透天厝,住家用,鋼筋混凝土造,1140916,246.09,4,3,5,有,有,32000000,130034,,0.0,0,,RPPNMLSLQHLGFFB88DA,227.15,0.0,18.94,有,
大雅區,房地(土地+建物),臺中市大雅區民族街２２２巷２９號,132.0,都市：其他:第一種住宅區,,,1150728,土地1建物1車位0,全,二層,透天厝,住家用,鋼筋混凝土造,0700811,115.36,3,2,2,有,無,16487000,142918,,0.0,0,,RPTNMLTLPHLGFHB86DA,115.36,0.0,0.0,無,0108
潭子區,房地(土地+建物)+車位,臺中市潭子區弘智街５１號二樓之２,36.75,都市：其他:第一之二種住宅區,,,1150726,土地1建物1車位1,二層,十一層,住宅大樓(11層含以上有電梯),住家用,鋼筋混凝土造,1120109,165.55,3,2,2,有,有,15650000,94533,坡道平面,32.62,0,,RPRNMLLMPHLGFHB58DA,83.37,0.0,6.18,有,0109
霧峰區,房地(土地+建物),臺中市霧峰區丁台路５１８之９號,98.86,,特定農業區,甲種建築用地,1150724,土地2建物1車位0,全,五層,透天厝,住家用,鋼筋混凝土造,1120224,312.46,4,3,6,有,無,25000000,80010,,0.0,0,陽台外推；頂樓加蓋；其他增建；,RPQNMLRLQHLGFIB56DA,293.17,0.0,19.29,有,0110
太平區,房地(土地+建物),臺中市太平區立德街１０巷３５號,105.22,都市：其他:住宅區,,,1150707,土地1建物1車位0,全,四層,透天厝,住家用,鋼筋混凝土造,1110614,251.75,5,2,6,有,無,37000000,146971,,0.0,0,,RPQNMLMKQHLGFJB68DA,233.0,0.0,18.75,有,0111
太平區,房地(土地+建物)+車位,臺中市太平區環中東路三段２６５號十一樓之３,23.5,都市：其他:住宅區,,,1150720,土地1建物1車位1,十一層,十五層,住宅大樓(11層含以上有電梯),住家用,鋼筋混凝土造,1140321,148.16,3,2,2,有,有,13500000,99791,坡道平面,28.71,1580000,,RPPNMLOLQHLGFJB88DA,68.77,0.0,8.94,有,
太平區,房地(土地+建物)+車位,臺中市太平區永和街１３號四樓,31.27,都市：其他:住宅區,,,1150704,土地1建物1車位1,四層,七層,華廈(10層含以下有電梯),住家用,鋼筋混凝土造,0821230,172.34,3,2,2,有,有,8250000,47870,坡道平面,0.0,0,,RPQNMLOLQHLGFJB98DA,135.62,2.67,12.08,有,
太平區,房地(土地+建物)+車位,臺中市太平區環中東路三段２６９號十五樓之３,24.77,都市：其他:住宅區,,,1150727,土地1建物1車位1,十五層,十五層,住宅大樓(11層含以上有電梯),住家用,鋼筋混凝土造,1140321,153.45,3,2,2,有,有,14000000,97412,坡道平面,27.49,1730000,,RPVNMLPLQHLGFJB96DA,71.75,0.0,10.23,有,
太平區,房地(土地+建物)+車位,臺中市太平區育才路１７７號五樓之２,19.14,都市：其他:住宅區,,,1150722,土地1建物1車位1,五層,十五層,住宅大樓(11層含以上有電梯),住家用,鋼筋混凝土造,1150113,125.62,2,2,2,有,有,11750000,102680,坡道平面,28.23,1750000,,RPTNMLSLQHLGFJB07DA,56.59,0.0,7.06,有,
大肚區,房地(土地+建物),臺中市大肚區福利路１２２號,76.16,都市：其他:住宅區,,,1150703,土地1建物1車位0,全,三層,透天厝,住家用,鋼筋混凝土造,0750720,163.53,4,2,3,有,無,12880000,78762,,0.0,0,其他增建:壹樓、頂樓其他增建；,RPPNMLRJPHLGFKB98DA,133.5,15.28,14.75,無,
大安區,土地,安田段149地號,300.27,,特定農業區,農牧用地,1150729,土地1建物0車位0,,,其他,,,,0.0,0,0,0,無,無,386000,1286,,0.0,0,地清或未辦繼承標售；,RPQNMLLMQHLGFEB38EA,0.0,0.0,0.0,無,
大安區,土地,安田段282地號,338.81,,特定農業區,農牧用地,1150729,土地1建物0車位0,,,其他,,,,0.0,0,0,0,無,無,577000,1703,,0.0,0,地清或未辦繼承標售；,SPQNMLLMQHLGFEB48EA,0.0,0.0,0.0,無,
清水區,土地,楊厝段405地號,148.76,都市：其他:農業區,,,1150721,土地1建物0車位0,,,其他,,,,0.0,0,0,0,無,無,595888,4006,,0.0,0,地清或未辦繼承標售；,RPPNMLLMQHLGFFB38EA,0.0,0.0,0.0,無,0112
東區,房地(土地+建物)+車位,臺中市東區樂業一路５號三樓之７,16.18,都市：其他:第二種住宅區,,,1150718,土地2建物1車位1,三層,十五層,住宅大樓(11層含以上有電梯),住家用,鋼筋混凝土造,1120706,139.3,2,2,2,有,有,14480000,117424,坡道平面,28.76,1500000,,RPQNMLSKPHLGFAB28DA,63.89,0.0,11.37,有,0113
南區,房地(土地+建物)+車位,臺中市南區建國南路二段５８號十樓,21.79,都市：其他:第二種住宅區,,,1150710,土地1建物1車位1,十層,十二層,住宅大樓(11層含以上有電梯),住家用,鋼筋混凝土造,1060525,128.26999999999998,2,2,1,有,有,13800000,107586,坡道平面,39.17,0,其他增建；,RPQOMLRJQHLGFAB28DA,53.97,0.0,6.94,有,0114
南區,房地(土地+建物),臺中市南區高工路５０８號二樓,19.71,都市：其他:第三種住宅區。,,,1150723,土地1建物1車位0,二層,十二層,住宅大樓(11層含以上有電梯),住家用,鋼筋混凝土造,0950822,95.01,3,2,2,有,有,7480000,78729,,0.0,0,,RPRNMLLKQHLGFAB77DA,61.12,2.68,8.34,有,
東區,土地,東橋段522地號,79.57,都市：其他:第二種住宅區、第三種住宅區,,,1150714,土地1建物0車位0,,,其他,,,,0.0,0,0,0,無,無,7740000,97273,,0.0,0,未登記建物；,RPWOMLSKQHLGFAB09DA,0.0,0.0,0.0,無,
中區,房地(土地+建物)+車位,臺中市中區民權路１８０號,16.32,都市：其他:第二種商業區,,,1150721,土地2建物1車位1,一層，見其他登記事項,十二層,住宅大樓(11層含以上有電梯),其他,鋼筋混凝土造,1150524,143.43,0,0,0,無,有,27190000,213659,坡道平面,26.0,2100000,,RPQPMLSLQHLGFAB68DA,84.47,0.0,0.0,有,
西區,房地(土地+建物),臺中市西區公益路３４９號１３樓之７,3.22,都市：其他:第二種住宅區,,,1150718,土地1建物1車位0,十三層,十六層,住宅大樓(11層含以上有電梯),住家用,鋼筋混凝土造,0830825,39.07,1,0,1,有,有,4250000,108779,,0.0,0,登記名義人共2人,RPUNMLLJRHLGFAB08DA,25.64,0.0,2.07,有,
北屯區,房地(土地+建物)+車位,臺中市北屯區四平路２３８巷２７號十二樓之２,25.65,都市：其他:第二種住宅區,,,1150707,土地1建物1車位1,十二層,十四層,住宅大樓(11層含以上有電梯),住家用,鋼筋混凝土造,0800209,151.1,3,2,2,有,有,10680000,70682,坡道平面,0.0,1200000,,RPRPMLRJPHLGFBB48DA,100.28,1.88,11.38,有,
北區,房地(土地+建物),臺中市北區日興街２１２號９樓之１,21.28,都市：其他:第二種住宅區,,,1150708,土地1建物1車位0,九層,十四層,住宅大樓(11層含以上有電梯),住家用,鋼筋混凝土造,0890705,161.48,3,2,2,有,有,9420000,58335,,0.0,0,交易總價包含下列非屬不動產價格之費用：土地及建物分件登記案件件登記案件費跨所案件，另有基地為:台中市西區後?子段391-13地號，土地面積:517平方公尺，持分:1330/1000000。,RPPNMLLMQHLGFBB87DA,86.76,0.0,9.73,有,
西屯區,房地(土地+建物)+車位,臺中市西屯區重慶路３３８號十一樓之３,15.16,都市：其他:第一種商業區,,,1150712,土地1建物1車位1,十一層,十七層,住宅大樓(11層含以上有電梯),商業用,鋼筋混凝土造,0830923,158.0,3,2,2,有,有,10200000,64557,坡道平面,0.0,0,,RPQNMLPKPHLGFCB18DA,104.34,0.0,11.62,有,
西屯區,房地(土地+建物)+車位,臺中市西屯區市政南一路９８號五樓之１３,13.82,都市：其他:第一之C種住宅區,,,1150718,土地1建物1車位1,五層,十二層,住宅大樓(11層含以上有電梯),住家用,鋼筋混凝土造,1070129,85.12,2,2,1,有,有,13880000,178372,坡道機械,11.79,800000,,RPPNMLSKPHLGFCB38DA,41.76,1.56,5.22,有,0115
南屯區,房地(土地+建物)+車位,臺中市南屯區文山六街１９０號五樓之５,26.6,都市：其他:第二種住宅區,,,1150720,土地1建物1車位1,五層,十五層,住宅大樓(11層含以上有電梯),住家用,鋼筋混凝土造,1021024,166.33999999999997,3,2,2,有,有,18600000,111819,坡道平面,23.48,0,,RPUOMLRJQHLGFCB88DA,81.8,3.58,8.08,有,0116
西屯區,房地(土地+建物)+車位,臺中市西屯區西屯路三段１６６之１００號十一樓之９,16.45,都市：其他:第六種住宅區,,,1150723,土地1建物1車位1,十一層,二十一層,住宅大樓(11層含以上有電梯),住家用,鋼筋混凝土造,1031119,175.61,3,2,2,有,有,21620000,123114,坡道平面,39.74,0,其他增建；,RPRTMLMKQHLGFCB68DA,77.09,3.81,8.82,有,0117
南屯區,土地,昌明段195地號,352.68,都市：其他:第一之三種住宅區,,,1150725,土地1建物0車位0,,,其他,,,,0.0,0,0,0,無,無,65070000,184502,,0.0,0,,RPROMLOKQHLGFCB38DA,0.0,0.0,0.0,無,
南屯區,房地(土地+建物),臺中市南屯區黎明路一段９６５巷５１號,87.0,都市：其他:第二種住宅區,,,1150717,土地2建物1車位0,全,三層,透天厝,住家用,鋼筋混凝土造,0770209,144.4,4,2,3,有,無,15000000,103878,,0.0,0,,RPSPMLTKQHLGFCB09DA,131.32,7.28,5.8,無,
南屯區,房地(土地+建物),臺中市南屯區文心南三路５２８號十九樓之３,5.04,都市：其他:第三種商業區,,,1150719,土地1建物1車位0,十九層,十九層,住宅大樓(11層含以上有電梯),住家用,鋼筋混凝土造,1090831,64.35,1,1,1,有,有,9200000,142968,,0.0,0,,RPSRMLLJRHLGFCB48DA,34.84,1.46,3.36,有,0118
西屯區,房地(土地+建物)+車位,臺中市西屯區福誠路１００號八樓之１０,14.69,都市：其他:第一之B種住宅區,,,1150727,土地2建物1車位1,八層,十二層,住宅大樓(11層含以上有電梯),住家用,鋼筋混凝土造,1090731,75.22,1,1,1,有,有,10000000,132943,坡道機械,0.0,0,含土地增值稅或其他稅費；含仲介費；含地政士服務費；其他；,RPWRMLLJRHLGFCB88DA,37.04,0.0,3.11,有,0119
豐原區,房地(土地+建物),臺中市豐原區文村街３２號六樓之２,7.25,都市：其他:第三種住宅區。,,,1150712,土地1建物1車位0,六層,八層,華廈(10層含以下有電梯),住家用,鋼筋混凝土造,0870930,44.4,1,1,1,有,有,3400000,76577,,0.0,0,夾層；,RPXNMLNKPHLGFDB78DA,25.22,0.0,4.19,有,0120
外埔區,土地,水美北段39地號,617.99,,山坡地保育區,農牧用地,1150728,土地1建物0車位0,,,其他,,,,0.0,0,0,0,無,無,2500000,4045,,0.0,0,親友、員工、共有人或其他特殊關係間之交易；未登記建物；,RPSNMLMJRHLGFEB38DA,0.0,0.0,0.0,無,
外埔區,土地,水美北段55地號,519.28,,山坡地保育區,丙種建築用地,1150728,土地1建物0車位0,,,其他,,,,0.0,0,0,0,無,無,12500000,24072,,0.0,0,親友、員工、共有人或其他特殊關係間之交易；,RPTNMLMJRHLGFEB48DA,0.0,0.0,0.0,無,
大甲區,房地(土地+建物)+車位,臺中市大甲區鎮瀾街９５號,22.86,都市：其他:特定商業區,,,1150728,土地1建物1車位1,全,四層,透天厝,住商用,鋼筋混凝土造,0900108,97.02,0,0,0,無,有,5000000,51536,坡道機械,0.0,0,親友、員工、共有人或其他特殊關係間之交易；,RPUNMLMJRHLGFEB58DA,73.3,0.0,5.92,無,
沙鹿區,房地(土地+建物),臺中市沙鹿區三條圳二街１０９之６號,83.91,都市：其他:第四種住宅區,,,1150715,土地2建物1車位0,全,四層,透天厝,住家用,鋼筋混凝土造,1100421,183.18,4,2,3,有,有,15800000,86254,,0.0,0,其他增建；,RPPNMLQJQHLGFFB48DA,182.22,0.0,0.96,無,0121
沙鹿區,土地,晉江北段62地號,987.06,都市：其他:文事研究中心區,,,1150703,土地1建物0車位0,,,其他,,,,0.0,0,0,0,無,無,18810540,19057,,0.0,0,親友、員工、共有人或其他特殊關係間之交易；,RPOOMLOKQHLGFFB38DA,0.0,0.0,0.0,無,0122
梧棲區,房地(土地+建物),臺中市梧棲區自立二街４７６巷４號,95.04,都市：其他:第四種住宅區,,,1150705,土地2建物1車位0,全,四層,透天厝,住家用,鋼筋混凝土造,0830413,171.33,4,3,3,有,無,8850000,51655,,0.0,0,其他增建；,RPROMLOKQHLGFFB68DA,158.46,4.05,8.82,無,0123
清水區,房地(土地+建物),臺中市清水區南華路６巷６６號之３,139.25,都市：其他:第四種住宅區,,,1150719,土地2建物1車位0,全,四層,透天厝,住家用,鋼筋混凝土造,1041222,242.87,4,3,5,有,無,17100000,70408,,0.0,0,其他增建；,RPTNMLTKQHLGFFB66DA,220.04,0.0,22.83,無,
梧棲區,房地(土地+建物)+車位,臺中市梧棲區中華路二段１２８號六樓之９,19.35,都市：其他:第四種住宅區,,,1150719,土地1建物1車位1,六層,十二層,住宅大樓(11層含以上有電梯),住家用,鋼筋混凝土造,1090805,104.61,2,1,1,有,有,6100000,58312,坡道機械,21.0,0,,RPPOMLKLQHLGFFB18DA,52.33,0.0,4.49,有,0124
梧棲區,房地(土地+建物)+車位,臺中市梧棲區八德東路６５號二十七樓之１,13.23,都市：其他:第四種商業區,,,1150722,土地1建物1車位1,二十七層,二十八層,住宅大樓(11層含以上有電梯),住家用,鋼筋混凝土造,1140606,173.04000000000002,3,2,2,有,有,11500000,66459,坡道平面,24.74,0,,RPQOMLLLQHLGFFB38DA,88.79,0.0,9.94,有,0125
沙鹿區,房地(土地+建物),臺中市沙鹿區樂群新莊９７之１號,43.34,都市：其他:農業區,,,1150730,土地1建物1車位0,二層,三層,公寓(5樓含以下無電梯),住家用,加強磚造,0680223,77.88,3,2,1,有,無,2680000,34412,,0.0,0,陽台外推；,RPSOMLOLQHLGFFB88DA,72.24,0.0,0.0,無,
清水區,房地(土地+建物),臺中市清水區平等東路３８之３號,67.44,都市：其他:綠地用地,,,1150714,土地2建物1車位0,全,四層,透天厝,住家用,鋼筋混凝土造,1130513,152.49,4,2,4,有,無,13000000,85251,,0.0,0,,RPPOMLPLQHLGFFB68DA,132.58,0.0,19.91,無,
新社區,土地,大南段大南小段165-953地號,2270.0,,一般農業區,農牧用地,1150704,土地2建物0車位0,,,其他,,,,0.0,0,0,0,無,無,9880000,4352,,0.0,0,未登記建物；,RPPNMLOKQHLGFGB48DA,0.0,0.0,0.0,無,
石岡區,土地,新金星段137地號,190.46,都市：其他:農業區,,,1150724,土地4建物0車位0,,,其他,,,,0.0,0,0,0,無,無,10485775,55055,,0.0,0,,RPQNMLLJRHLGFGB28DA,0.0,0.0,0.0,無,
霧峰區,房地(土地+建物),臺中市霧峰區中正路９６５號,103.0,都市：其他:商業區,,,1150714,土地3建物1車位0,全,三層,透天厝,,鐵筋磚造蓋瓦及水泥頂,0570229,250.97,3,2,2,有,無,19000000,75706,,0.0,0,,RPPNMLLJRHLGFIB38DA,250.97,0.0,0.0,無,
霧峰區,土地,五福南段192地號,2029.33,,特定農業區,農牧用地,1150710,土地1建物0車位0,,,其他,,,,0.0,0,0,0,無,無,10800000,5322,,0.0,0,,RPUNMLLJRHLGFIB88DA,0.0,0.0,0.0,無,
龍井區,房地(土地+建物),臺中市龍井區龍社路２２巷２弄５號,115.12,都市：其他:第二種住宅區,,,1150702,土地3建物1車位0,全,四層,透天厝,住家用,鋼筋混凝土造,0831230,141.26,3,3,3,有,無,7000000,49554,,0.0,0,其他增建；,RPQNMLLLQHLGFKB78DA,131.24,4.33,5.69,無,
南區,房地(土地+建物)+車位,臺中市南區南平路３３８巷６號三樓之７,12.6,都市：其他:第一種商業區,,,1150715,土地1建物1車位1,三層,十五層,住宅大樓(11層含以上有電梯),住家用,鋼筋混凝土造,1140620,106.53999999999999,2,2,1,有,有,13900000,130467,坡道平面,24.96,0,,RPPSMLLLPHLGFAB08DA,48.79,0.0,4.81,有,0126
西區,房地(土地+建物)+車位,臺中市西區大忠南街３號十五樓之二,29.48,都市：其他:第二種住宅區,,,1150729,土地1建物1車位1,十五層，十六層,十七層,住宅大樓(11層含以上有電梯),住家用,鋼筋混凝土造,0831208,315.71,4,2,2,有,有,19800000,62716,坡道平面,0.0,0,,RPUOMLOJQHLGFAB38DA,216.91,8.04,24.62,有,0127
西區,房地(土地+建物)+車位,臺中市西區大墩十街６１號８樓之３,9.87,都市：其他:第二種住宅區,,,1150718,土地1建物1車位1,八層,十三層,住宅大樓(11層含以上有電梯),住家用,鋼筋混凝土造,0840119,100.88,2,2,1,有,有,9650000,95658,坡道機械,0.0,0,,RPWNMLPJQHLGFAB58DA,58.3,1.82,6.86,有,0128
南區,房地(土地+建物)+車位,臺中市南區東興路一段２５巷８號２樓,8.79,都市：其他:第二種住宅區,,,1150704,土地1建物1車位1,二層,十四層,住宅大樓(11層含以上有電梯),住家用,鋼筋混凝土造,0901126,91.16,2,2,1,有,有,8380000,91926,坡道機械,14.89,0,夾層；,RPQNMLLJRHLGFAB67DA,48.07,0.0,8.48,有,0129
北屯區,房地(土地+建物),臺中市北屯區北坑巷４２之２７號,364.47,都市：其他:特二種住宅區,,,1150728,土地3建物1車位0,全,三層,透天厝,住家用,鋼筋混凝土造,0900223,181.98,6,2,5,有,有,13500000,74184,,0.0,0,其他增建:1F後側車庫、涼亭頂樓加蓋；其他增建；,RPXQMLMKQHLGFBB88DA,177.26,0.0,4.72,無,
北屯區,房地(土地+建物)+車位,臺中市北屯區北平路四段１５７號二十二樓之３,21.12,都市：其他:第一種商業區,,,1150722,土地1建物1車位2,二十二層,二十四層,住宅大樓(11層含以上有電梯),住家用,鋼筋混凝土造,1140822,225.34,4,2,3,有,有,33320000,169499,坡道平面,52.36,4000000,,RPWVNLOKQHLGFBB96DA,103.33,0.0,9.57,有,
北區,房地(土地+建物)+車位,臺中市北區德化街２００號,136.87,都市：其他:第二種住宅區,,,1150715,土地2建物1車位1,全,四層,透天厝,住家用,鋼筋混凝土造,1020617,338.56,4,3,5,有,有,39500000,116671,坡道平面,0.0,0,土地款:3506萬；建物款:444萬其他增建；,RPWPMLSKQHLGFBB66DA,240.25,0.0,4.12,有,
北區,房地(土地+建物),臺中市北區北平路二段３０巷１０之４號,24.6,都市：其他:第二種住宅區,,,1150706,土地1建物1車位0,五層,五層,公寓(5樓含以下無電梯),住家用,鋼筋混凝土造,0710218,92.29,3,2,1,有,有,3750000,40633,,0.0,0,親友、員工、共有人或其他特殊關係間之交易；,RPUNMLQLQHLGFBB78DA,77.39,0.0,14.9,無,0130
北屯區,房地(土地+建物),臺中市北屯區文昌東三街２８巷３號２樓,20.9,都市：其他:第二種住宅區,,,1150713,土地1建物1車位0,二層,五層,公寓(5樓含以下無電梯),住家用,鋼筋混凝土造,0720824,73.91,3,1,1,有,無,5680000,76850,,0.0,0,其他增建；,RPUPMLRLQHLGFBB09DA,68.12,0.0,5.79,無,
北屯區,房地(土地+建物)+車位,臺中市北屯區詔安街８８號八樓之２０,30.01,都市：其他:第二之一種住宅區,,,1150709,土地1建物1車位1,八層,十五層,住宅大樓(11層含以上有電梯),住家用,鋼筋混凝土造,1131228,174.60000000000002,3,2,2,有,有,23700000,135739,坡道平面,31.89,0,,RPRNMLKMQHLGFBB97DA,80.91,0.0,10.51,有,0131
北屯區,土地,青雲段369地號,85.0,都市：其他:第一種住宅區,,,1150712,土地1建物0車位0,,,其他,,,,0.0,0,0,0,無,無,2737000,32200,,0.0,0,親友、員工、共有人或其他特殊關係間之交易；,RPOQMLLJRHLGFBB87DA,0.0,0.0,0.0,無,
西屯區,房地(土地+建物)+車位,臺中市西屯區馬龍潭路３號二十八樓之３,41.42,都市：其他:第一之C種住宅區,,,1150701,土地1建物1車位2,二十八層,三十三層,住宅大樓(11層含以上有電梯),住家用,鋼骨鋼筋混凝土造,1130812,232.69,3,2,2,有,有,52000000,240775,坡道平面,41.64,6000000,其他增建；,RPQSMLQKPHLGFCB78DA,108.66,0.0,12.49,有,0132
南屯區,房地(土地+建物)+車位,臺中市南屯區黎明路二段４２７號九樓之８,16.37,都市：其他:第二種住宅區,,,1150705,土地1建物1車位1,九層,十六層,住宅大樓(11層含以上有電梯),住家用,鋼筋混凝土造,0840919,166.45,4,2,2,有,有,15370000,92340,坡道機械,0.0,0,,RPTOMLRKPHLGFCB78DA,96.64,0.0,14.57,有,
西屯區,房地(土地+建物)+車位,臺中市西屯區福瑞街７５巷１１號十二樓之２,13.48,都市：其他:第一種住宅區,,,1150719,土地2建物1車位1,十二層,十五層,住宅大樓(11層含以上有電梯),住家用,鋼筋混凝土造,0830825,116.25999999999999,3,2,2,有,有,8200000,70532,坡道機械,0.0,0,,RPWNMLNLPHLGFCB68DA,75.21,0.0,8.3,有,
南屯區,房地(土地+建物)+車位,臺中市南屯區嶺東南路３７之７５號,79.88,都市：其他:第二種住宅區,,,1150725,土地1建物1車位1,全,四層,透天厝,住家用,鋼筋混凝土造,0861215,209.75,4,3,3,有,有,16500000,78665,坡道平面,19.97,0,,RPVOMLSLPHLGFCB56DA,145.96,0.0,29.74,無,
西屯區,房地(土地+建物)+車位,臺中市西屯區上明三街９號六樓之３,15.45,都市：其他:第三之二種住宅區,,,1150708,土地1建物1車位1,六層,十四層,住宅大樓(11層含以上有電梯),住家用,鋼筋混凝土造,0850119,124.41,3,2,2,有,有,10300000,82791,坡道機械,0.0,0,,RPQNMLNJQHLGFCB97DA,73.48,1.44,7.96,有,
西屯區,房地(土地+建物),臺中市西屯區福瑞街７５巷１１號十二樓之３,12.13,都市：其他:第一種住宅區,,,1150718,土地2建物1車位0,十二層,十五層,住宅大樓(11層含以上有電梯),住家用,鋼筋混凝土造,0830825,105.06,3,1,2,有,有,6500000,61869,,0.0,0,,RPWOMLNJQHLGFCB68DA,71.72,0.0,10.54,有,
西屯區,房地(土地+建物)+車位,臺中市西屯區環中路三段６３號十三樓之１,10.16,都市：其他:第四之一種商業區,,,1150710,土地1建物1車位1,十三層,二十七層,住宅大樓(11層含以上有電梯),住家用,鋼骨鋼筋混凝土造,1060524,155.22,3,2,2,有,有,16300000,105012,坡道平面,29.09,0,,RPUPMLSKQHLGFCB56DA,68.18,8.15,5.37,有,0133
豐原區,房地(土地+建物),臺中市豐原區豐勢路二段３０６號,79.87,都市：其他:第一之二種住宅區,,,1150720,土地1建物1車位0,全,二層,透天厝,住家用,鋼筋混凝土造,0771029,137.61,5,3,3,有,無,12600000,91563,,0.0,0,其他增建；,RPSNMLNLPHLGFDB38DA,130.12,0.0,7.49,無,
大甲區,房地(土地+建物),臺中市大甲區青一路４巷２號,111.0,,工業區,丁種建築用地,1150705,土地2建物1車位0,全,二層,透天厝,住家用,加強磚造,0810801,114.72,7,0,7,有,無,11000000,95886,,0.0,0,其他增建；,RPPNMLNJQHLGFEB08DA,114.72,0.0,0.0,無,0134
大甲區,房地(土地+建物),臺中市大甲區中山路一段４８４巷８之１號,24.41,都市：其他:住宅區,,,1150722,土地1建物1車位0,全,二層,透天厝,住家用,鋼筋混凝土加強磚造,0711013,76.04,2,2,2,有,無,810000,10652,,0.0,0,其他增建；地清或未辦繼承標售；,RPRNMLNJRHLGFEB38DA,76.04,0.0,0.0,無,
大甲區,房地(土地+建物),臺中市大甲區青一路１２巷１號,99.0,,工業區,丁種建築用地,1150722,土地1建物1車位0,全,一層,透天厝,住家用,鋼筋混凝土加強磚造,0681120,65.07,6,0,6,有,無,7000000,107576,,0.0,0,,RPPNMLOJRHLGFEB28DA,65.07,0.0,0.0,無,0135
梧棲區,房地(土地+建物)+車位,臺中市梧棲區臨港路四段５９２號十六樓之６,12.95,都市：其他:第四種商業區,,,1150715,土地1建物1車位1,十六層,二十四層,住宅大樓(11層含以上有電梯),住家用,鋼筋混凝土造,1131216,160.93,3,2,2,有,有,9450000,58721,坡道平面,26.13,0,,RPUNMLQJQHLGFFB98DA,80.22,4.68,6.3,有,0136
東勢區,房地(土地+建物),臺中市東勢區東蘭路２０之２２號,88.82,都市：其他:住宅區,,,1150723,土地1建物1車位0,全,二層,透天厝,住家用,加強磚造,0570115,86.26,3,2,2,有,無,3600000,41734,,0.0,0,其他增建；,RPPNMLSKQHLGFGB88DA,86.26,0.0,0.0,無,
大雅區,房地(土地+建物),臺中市大雅區永和路５之７０號,77.66,都市：其他:農業區,,,1150708,土地5建物1車位0,全,四層,透天厝,住家用,鋼筋混凝土造,0910806,159.11,5,2,3,有,有,12800000,80447,,0.0,0,,RPXNMLTKQHLGFHB27DA,159.11,0.0,0.0,無,
大雅區,房地(土地+建物),臺中市大雅區永和路７８之２５號,68.0,都市：其他:農業區,,,1150725,土地1建物1車位0,全,四層,透天厝,住家用,鋼筋混凝土造,0830526,178.17,4,3,4,有,無,13500000,75770,,0.0,0,其他增建；,RPTNMLLLQHLGFHB78DA,146.09,32.08,0.0,無,
霧峰區,房地(土地+建物),臺中市霧峰區錦州路３５０巷１６號,91.06,,鄉村區,乙種建築用地,1150728,土地2建物1車位0,全,二層,透天厝,住家用,加強磚造,0700430,96.81,5,2,1,有,無,2400000,24791,,0.0,0,親友、員工、共有人或其他特殊關係間之交易；,RPOOMLLKQHLGFIB38DA,96.81,0.0,0.0,無,
烏日區,房地(土地+建物)+車位,臺中市烏日區高鐵東路３９７號四樓之１０,10.6,都市：其他:商業區,,,1150710,土地1建物1車位1,四層,二十四層,住宅大樓(11層含以上有電梯),住家用,鋼筋混凝土造,1141215,111.88,2,2,1,有,有,13000000,116196,坡道平面,24.57,0,,RPRNMLKLQHLGFIB58DA,52.12,0.0,4.71,有,0137
太平區,房地(土地+建物),臺中市太平區育賢路１６巷５號二樓之１,27.64,都市：其他:住宅區,,,1150720,土地1建物1車位0,二層,五層,華廈(10層含以下有電梯),住家用,鋼筋混凝土造,0800710,104.88000000000001,3,2,2,有,有,7490000,71415,,0.0,0,,RPTNMLMLPHLGFJB98DA,85.9,0.0,12.25,有,
太平區,房地(土地+建物),臺中市太平區民權街６號,85.38,都市：其他:住宅區,,,1150725,土地1建物1車位0,全,三層,透天厝,住家用,鋼筋混凝土造,0780824,185.51,4,3,3,有,無,18000000,97030,,0.0,0,其他增建：採光罩、廚房、鐵鋁其他增建；,RPSNMLKLQHLGFJB78DA,150.34,14.61,20.56,無,
龍井區,房地(土地+建物)+車位,臺中市龍井區遊園北路９８號五樓之２,21.57,都市：其他:第一之二種住宅區,,,1150719,土地1建物1車位1,五層,十五層,住宅大樓(11層含以上有電梯),住家用,鋼筋混凝土造,1121102,103.85,2,2,2,有,有,12800000,123255,坡道平面,23.65,0,,RPQNMLRJQHLGFKB56DA,49.04,0.0,3.75,有,0138
龍井區,房地(土地+建物),臺中市龍井區遊園北路１７８巷４９號,101.09,都市：其他:第二種住宅區,,,1150717,土地3建物1車位0,全,四層,透天厝,住家用,鋼筋混凝土造,0931129,201.05999999999997,4,3,3,有,有,17500000,87039,,0.0,0,龍井區東海段639-2地號另約定買賣價款8120元,RPUNMLLLQHLGFKB56DA,179.13,3.64,16.87,無,
龍井區,房地(土地+建物)+車位,臺中市龍井區遠東街４５號,27.81,都市：其他:第二種住宅區,,,1150731,土地1建物1車位1,一層,十層,華廈(10層含以下有電梯),商業用,鋼筋混凝土造,1140311,131.63,0,0,0,無,有,14200000,125405,坡道平面,32.75,1800000,,RPUNMLRLQHLGFKB17DA,66.73,0.0,7.32,有,
潭子區,土地,東寶三段598-2地號,2.11,都市：其他:農業區,,,1150731,土地1建物0車位0,,,其他,,,,0.0,0,0,0,無,無,55978,26530,,0.0,0,政府機關標讓售；,RPPNMLLJRHLGFHB38EA,0.0,0.0,0.0,無,
潭子區,土地,東寶三段598-1地號,5.61,都市：其他:農業區,,,1150731,土地1建物0車位0,,,其他,,,,0.0,0,0,0,無,無,148833,26530,,0.0,0,政府機關標讓售；,RPQNMLLJRHLGFHB48EA,0.0,0.0,0.0,無,
西區,房地(土地+建物)+車位,臺中市西區向上路一段２８９巷９號,27.8,都市：其他:第二種住宅區,,,1150705,土地1建物1車位1,一層，二層,八層,華廈(10層含以下有電梯),商業用,鋼筋混凝土造,0821124,235.37,3,2,2,有,有,14580000,61945,坡道機械,0.0,600000,陽台外推；其他增建；,RPSNMLPJPHLGFAB08DA,112.16,21.72,21.88,有,
西區,房地(土地+建物)+車位,臺中市西區向上路一段４０２號十二樓之２,4.22,都市：其他:第二種住宅區,,,1150713,土地2建物1車位1,十二層,十四層,住宅大樓(11層含以上有電梯),住家用,鋼筋混凝土造,0840607,49.17,1,1,1,有,有,5700000,115924,坡道機械,0.0,0,,RPOOMLRKPHLGFAB08DA,22.57,0.0,4.41,有,
西區,房地(土地+建物),臺中市西區中華路一段１－７號１３樓之１２,2.6,都市：其他:第一種商業區,,,1150713,土地1建物1車位0,十三層,二十二層,住宅大樓(11層含以上有電梯),住家用,鋼骨鋼筋混凝土造,0850119,44.47,1,1,1,有,有,2660000,59816,,0.0,0,,RPSNMLRJQHLGFAB38DA,20.64,0.0,3.78,有,
南區,房地(土地+建物),臺中市南區福田二街２６８巷９１號,98.88,都市：其他:第二種住宅區,,,1150728,土地3建物1車位0,全,四層,透天厝,住家用,鋼筋混凝土造,0850815,296.1,5,2,4,有,有,19500000,65856,,0.0,0,陽台外推；其他增建；,RPWNMLNKQHLGFAB48DA,226.67,31.72,19.04,無,
西區,房地(土地+建物),臺中市西區三民路一段３９巷３弄９號８樓之７,3.85,都市：其他:第一種商業區,,,1150727,土地3建物1車位0,八層,十二層,住宅大樓(11層含以上有電梯),住家用,鋼筋混凝土造,0830504,39.08,1,1,1,有,有,2420000,61924,,0.0,0,,RPRQMLRLQHLGFAB78DA,21.34,0.0,4.32,有,
南區,房地(土地+建物),臺中市南區興大路７８號,77.0,都市：其他:第三種住宅區。,,,1150727,土地1建物1車位0,全,二層,透天厝,商業用,鐵筋加強磚,0630211,108.5,5,2,2,有,無,17380000,160184,,0.0,0,頂樓加蓋；其他增建；,RPQRMLLMQHLGFAB28DA,108.5,0.0,0.0,無,
西區,房地(土地+建物)+車位,臺中市西區美村路一段２７２號５樓之７,11.3,都市：其他:第二種住宅區,,,1150707,土地2建物1車位1,五層,十六層,住宅大樓(11層含以上有電梯),住家用,鋼筋混凝土造,0840526,198.27,3,2,2,有,有,10500000,52958,坡道平面,14.46,0,親友、員工、共有人或其他特殊關係間之交易；陽台外推；,RPOOMLLJRHLGFAB57DA,106.59,0.0,11.7,有,
西區,房地(土地+建物)+車位,臺中市西區大隆路２０號四樓之六,34.3,都市：其他:第二種住宅區,,,1150730,土地1建物1車位2,四層,十四層,住宅大樓(11層含以上有電梯),商業用,鋼筋混凝土造,0791110,314.15,3,0,0,有,有,22800000,72577,坡道機械,0.0,0,土地價金：17100000元整建物及車位價金：5700000元整。,RPQNMLNJRHLGFAB87DA,196.72,25.05,12.28,有,0139
北區,房地(土地+建物),臺中市北區美德街３４之４號,8.01,都市：其他:第三種住宅區。,,,1150703,土地2建物1車位0,五層,十層,華廈(10層含以下有電梯),住家用,鋼筋混凝土造,0701218,91.26,5,0,5,有,無,9980000,109358,,0.0,0,陽台外推；其他增建；,RPWNMLNJQHLGFBB48DA,84.67,0.0,6.59,有,0140
北屯區,房地(土地+建物)+車位,臺中市北屯區建和路二段３０７號十五樓之２,18.33,都市：其他:第二種商業區,,,1150709,土地1建物1車位1,十五層,十五層,住宅大樓(11層含以上有電梯),住家用,鋼筋混凝土造,1090916,179.1,3,2,2,有,有,17700000,98827,坡道平面,26.5,0,,RPVQMLQJQHLGFBB98DA,87.35,2.75,12.06,有,0141
北區,房地(土地+建物)+車位,臺中市北區進化北路３１７號１３樓之１９,5.86,都市：其他:第一種商業區,,,1150725,土地2建物1車位1,十三層,十八層,住宅大樓(11層含以上有電梯),住家用,鋼筋混凝土造,0941208,99.5,1,1,1,有,有,9600000,96482,坡道平面,31.88,0,其他增建；,RPWQMLKKQHLGFBB58DA,38.39,0.0,9.83,有,
北區,房地(土地+建物)+車位,臺中市北區梅川西路三段５號５樓之２,17.57,都市：其他:第二種住宅區,,,1150716,土地1建物1車位1,五層,十二層,住宅大樓(11層含以上有電梯),住家用,鋼筋混凝土造,0791106,163.51,3,2,2,有,有,15900000,97242,升降機械,0.0,0,陽台外推；其他增建；,RPTOMLQLQHLGFBB78DA,123.17,0.0,17.89,有,
北屯區,房地(土地+建物),臺中市北屯區河北路二段１１１號１３樓之５,4.24,都市：其他:第三種住宅區。,,,1150709,土地2建物1車位0,十三層,十四層,住宅大樓(11層含以上有電梯),住家用,鋼筋混凝土造,0850606,49.08,1,1,1,有,有,5200000,105949,,0.0,0,親友、員工、共有人或其他特殊關係間之交易；,RPRNMLLJRHLGFBB87DA,31.68,0.0,3.72,有,0142
南屯區,房地(土地+建物),臺中市南屯區黎明路一段２０６巷２３號,108.0,都市：其他:第二之二種住宅區,,,1150730,土地1建物1車位0,全,二層,透天厝,住商用,加強磚造,0690606,98.52,5,3,3,有,無,14000000,142103,,0.0,0,其他增建；,RPQOMLKMPHLGFCB97DA,98.52,0.0,0.0,無,
南屯區,房地(土地+建物)+車位,臺中市南屯區大聖街２５號二樓之３,19.76,都市：其他:第二種住宅區,,,1150707,土地1建物1車位1,二層,八層,華廈(10層含以下有電梯),住家用,鋼筋混凝土造,0841130,125.88999999999999,3,2,2,有,有,9500000,75463,坡道機械,0.0,0,陽台外推；,RPQPMLKMPHLGFCB08DA,74.1,0.55,10.37,有,
西屯區,房地(土地+建物)+車位,臺中市西屯區臺灣大道三段６４６號十七樓之８,6.47,都市：其他:第三種商業區,,,1150716,土地1建物1車位1,十七層,二十九層,住宅大樓(11層含以上有電梯),住家用,鋼骨鋼筋混凝土造、鋼筋混凝土造,1140811,112.3,2,2,1,有,有,14280000,159292,坡道平面,32.07,1500000,其他增建；,RPXOMLLMPHLGFCB78DA,47.03,0.0,4.7,有,0143
西屯區,房地(土地+建物)+車位,臺中市西屯區惠中路１４８巷９８號六樓之２,20.36,都市：其他:第三之二種住宅區,,,1150705,土地1建物1車位1,六層,二十七層,住宅大樓(11層含以上有電梯),住家用,鋼筋混凝土造,1140331,181.01999999999998,3,2,2,有,有,38500000,212684,坡道平面,31.82,0,,RPWTMLMKQHLGFCB56DA,87.67,0.0,9.3,有,0144
南屯區,房地(土地+建物)+車位,臺中市南屯區新富路２９９號十一樓之７,87.72,都市：其他:第一之B種住宅區,,,1150729,土地2建物1車位3,十一層,十四層,住宅大樓(11層含以上有電梯),住家用,鋼筋混凝土造,1120812,347.76,4,2,3,有,有,40800000,117322,坡道平面,89.79,0,,RPXNMLOKQHLGFCB88DA,156.23,0.0,14.48,有,0145
西屯區,房地(土地+建物)+車位,臺中市西屯區工業區一路９８巷７弄５０號六樓之２,18.36,都市：其他:第二種住宅區,,,1150721,土地1建物1車位1,六層,十三層,住宅大樓(11層含以上有電梯),住家用,鋼筋混凝土造,0830729,108.82,3,2,2,有,有,8680000,79765,坡道機械,0.0,0,,RPTPMLLLQHLGFCB48DA,68.91,2.61,9.58,有,
西屯區,房地(土地+建物)+車位,臺中市西屯區臺灣大道三段７６１號二十七樓之８,5.51,都市：其他:第四之一種商業區,,,1150710,土地1建物1車位1,二十七層,三十六層,住宅大樓(11層含以上有電梯),住家用,鋼骨造,1141028,111.72999999999999,2,2,1,有,有,12000000,107402,坡道平面,33.35,0,,RPOSMLPLQHLGFCB68DA,45.21,1.96,4.15,有,0146
南屯區,房地(土地+建物)+車位,臺中市南屯區萬和路二段３２之３號五樓之２,17.45,都市：其他:第二種住宅區,,,1150719,土地1建物1車位1,五層,八層,華廈(10層含以下有電梯),住家用,鋼筋混凝土造,1110829,108.28,2,2,1,有,有,12500000,115441,坡道機械,27.97,0,,RPROMLQLQHLGFCB68DA,50.11,0.0,3.18,有,0147
南屯區,房地(土地+建物)+車位,臺中市南屯區忠勇路５２之６２號六樓,14.93,都市：其他:第二種住宅區,,,1150705,土地2建物1車位1,六層,十六層,住宅大樓(11層含以上有電梯),住家用,鋼筋混凝土造,0840330,131.33,3,2,2,有,有,7900000,60154,坡道機械,0.0,0,,RPRPMLQLQHLGFCB78DA,83.42,3.63,8.74,有,
南屯區,房地(土地+建物)+車位,臺中市南屯區建功路７７號七樓之６,14.7,都市：其他:第五種住宅區,,,1150705,土地1建物1車位1,七層,二十四層,住宅大樓(11層含以上有電梯),住家用,鋼筋混凝土造,1130704,154.19,3,2,2,有,有,15800000,102471,坡道平面,29.11,0,,RPTSMLMJRHLGFCB78DA,72.48,0.0,10.7,有,0148
南屯區,房地(土地+建物),臺中市南屯區新富五街５８號,100.82,都市：其他:第一之B種住宅區,,,1150704,土地1建物1車位0,全,四層,透天厝,住家用,鋼筋混凝土造,1040910,320.01,5,3,7,有,有,36800000,114996,,0.0,0,其他增建；,RPPNMLOJRHLGFCB08DA,207.38,0.0,25.55,無,0149
大甲區,房地(土地+建物),臺中市大甲區新政路１１６巷１４號,26.0,都市：其他:住宅區,,,1150720,土地1建物1車位0,全,二層,透天厝,住家用,鋼筋混凝土加強磚造,0551123,23.89,5,1,2,有,無,1500000,62788,,0.0,0,親友、員工、共有人或其他特殊關係間之交易；頂樓加蓋；其他增建；,RPQNMLNJQHLGFEB18DA,23.89,0.0,0.0,無,
外埔區,房地(土地+建物),臺中市外埔區水美路２２之２號,97.28,,特定農業區,甲種建築用地,1150717,土地5建物1車位0,全,四層,透天厝,住家用,鋼筋混凝土造,1141013,159.94,4,3,3,有,無,11300000,70651,,0.0,0,,RPSNMLPJQHLGFEB58DA,148.83,0.0,11.11,無,
大安區,房地(土地+建物),臺中市大安區松圳路４９號之３,130.0,,鄉村區,乙種建築用地,1150708,土地1建物1車位0,全,三層,透天厝,住家用,鋼筋混凝土造,1130728,199.08,4,3,5,有,無,16000000,80370,,0.0,0,,RPROMLQJQHLGFEB68DA,183.6,0.0,15.48,有,0150
大甲區,土地,義水段1135地號,6.79,都市：其他:乙種工業區,,,1150723,土地1建物0車位0,,,其他,,,,0.0,0,0,0,無,無,225827,33259,,0.0,0,,RPPNMLNLQHLGFEB28DA,0.0,0.0,0.0,無,
梧棲區,房地(土地+建物)+車位,臺中市梧棲區臺灣大道八段９３８巷８１號四樓之５,22.9,都市：其他:第四種住宅區,,,1150706,土地1建物1車位1,四層,八層,華廈(10層含以下有電梯),住家用,鋼筋混凝土造,1091130,100.67,1,1,1,有,有,5860000,58210,坡道平面,32.01,0,,RPPNMLQKPHLGFFB48DA,42.47,0.0,3.64,有,0151
沙鹿區,房地(土地+建物)+車位,臺中市沙鹿區三民路１０７號六樓之６,19.26,都市：其他:第四種住宅區,,,1150715,土地1建物1車位1,六層,十五層,住宅大樓(11層含以上有電梯),住家用,鋼筋混凝土造,1150212,117.19,2,2,2,有,有,12200000,104104,坡道平面,25.98,0,,RPQOMLOLPHLGFFB58DA,53.74,0.0,7.19,有,0152
梧棲區,房地(土地+建物)+車位,臺中市梧棲區臺灣大道八段９３８巷８１號五樓之５,22.9,都市：其他:第四種住宅區,,,1150711,土地1建物1車位1,五層,八層,華廈(10層含以下有電梯),住家用,鋼筋混凝土造,1091130,100.67,1,1,1,有,有,6080000,60395,坡道平面,32.01,0,,RPTNMLKMPHLGFFB48DA,42.47,0.0,3.64,有,0153
沙鹿區,房地(土地+建物),臺中市沙鹿區正德路２９１巷４５弄１２號,77.27,都市：其他:第二種住宅區,,,1150707,土地4建物1車位0,全,四層,透天厝,住家用,鋼筋混凝土造,0950321,182.05,4,3,5,有,無,12000000,65916,,0.0,0,陽台外推；其他增建；,RPRNMLRJQHLGFFB78DA,140.95,0.0,41.1,無,
梧棲區,房地(土地+建物),臺中市梧棲區大勇路２１４號,71.0,都市：其他:第四種商業區,,,1150714,土地1建物1車位0,全,四層,透天厝,住商用,鋼筋混凝土造,0710525,244.8,6,1,4,有,無,8400000,34314,,0.0,0,其他增建；,RPXNMLTKQHLGFFB07DA,244.8,0.0,0.0,無,
沙鹿區,土地,太平段571地號,29.92,都市：其他:綠地用地,,,1150726,土地1建物0車位0,,,其他,,,,0.0,0,0,0,無,無,388720,12992,,0.0,0,親友、員工、共有人或其他特殊關係間之交易；包含公共設施保留地用地；,RPXNMLPLQHLGFFB76DA,0.0,0.0,0.0,無,0154
沙鹿區,土地,太平段588地號,48.7,都市：其他:鐵路用地,,,1150726,土地3建物0車位0,,,其他,,,,0.0,0,0,0,無,無,845040,17352,,0.0,0,親友、員工、共有人或其他特殊關係間之交易；包含公共設施保留地用地；,RPQOMLPLQHLGFFB78DA,0.0,0.0,0.0,無,0155
大雅區,房地(土地+建物),臺中市大雅區學府路大智巷１９號,65.0,都市：其他:第二種住宅區,,,1150704,土地2建物1車位0,全,三層,透天厝,住商用,鋼筋混凝土造,0700720,104.13,3,3,2,有,無,11000000,105637,,0.0,0,壹樓空地頂樓加蓋；其他增建；,RPWNMLLJRHLGFHB98DA,104.13,0.0,0.0,無,
烏日區,房地(土地+建物)+車位,臺中市烏日區學田路便行巷３６弄５號四樓,43.5,都市：其他:第一種住宅區,,,1150709,土地2建物1車位1,四層,七層,華廈(10層含以下有電梯),住家用,鋼筋混凝土造,1061225,165.9,3,2,2,有,有,13980000,93338,坡道平面,30.05,1300000,其他增建；,RPTNMLNKQHLGFIB98DA,85.69,0.0,8.07,有,0156
太平區,房地(土地+建物)+車位,臺中市太平區環中東路三段３９７號十二樓之６,23.89,都市：其他:住宅區,,,1150718,土地1建物1車位2,十二層,十四層,住宅大樓(11層含以上有電梯),住家用,鋼筋混凝土造,1131017,178.82999999999998,3,2,2,有,有,14700000,82201,坡道平面,49.1,0,,RPPNMLLMPHLGFJB58DA,78.48,0.0,7.44,有,0157
龍井區,房地(土地+建物),臺中市龍井區沙田路六段１４１號,90.86,都市：其他:第四種住宅區,,,1150724,土地1建物1車位0,全,三層,透天厝,住家用,鋼筋混凝土造,0821206,186.2,6,2,6,有,無,2440000,13104,,0.0,0,親友、員工、共有人或其他特殊關係間之交易；,RPPNMLMJRHLGFKB68DA,177.28,0.0,8.92,無,
沙鹿區,土地,太平段899地號,1.15,都市：其他:保護區,,,1150703,土地1建物0車位0,,,其他,,,,0.0,0,0,0,無,無,4319,3756,,0.0,0,地清或未辦繼承標售；,RPPNMLRJRHLGFFB78EA,0.0,0.0,0.0,無,
太平區,房地(土地+建物),臺中市太平區振文路６號,85.97,都市：其他:住宅區,,,1150713,土地1建物1車位0,全,四層,透天厝,商業用,鋼筋混凝土造,0820218,226.74,4,3,3,有,無,16000000,70565,,0.0,0,,RPPNMLMJRHLGFJB68EA,206.11,6.05,14.58,無,
東區,房地(土地+建物)+車位,臺中市東區公園東路１５０號十一樓之一,12.33,都市：其他:第四之二種商業區,,,1150718,土地1建物1車位1,十一層,十五層,住宅大樓(11層含以上有電梯),住家用,鋼筋混凝土造,1001130,130.84,2,2,1,有,有,11600000,88658,坡道平面,0.0,1200000,,RPPNMLTKPHLGFAB28DA,60.5,0.0,6.87,有,
北區,房地(土地+建物)+車位,臺中市北區育樂街５８號十樓之３,13.08,都市：其他:第二之一種商業區,,,1150720,土地1建物1車位1,十層,二十二層,住宅大樓(11層含以上有電梯),住家用,鋼筋混凝土造,1080513,134.85,3,2,2,有,有,14180000,105154,坡道平面,34.65,0,,RPWOMLOJQHLGFBB68DA,64.32,0.0,5.81,有,0158
北區,房地(土地+建物)+車位,臺中市北區五權路３７６之３號十二樓,6.55,都市：其他:第二種住宅區,,,1150704,土地2建物1車位1,十二層,十四層,住宅大樓(11層含以上有電梯),住家用,鋼筋混凝土造,0980908,96.74000000000001,2,2,1,有,有,9850000,101819,坡道平面,15.97,0,,RPPVMLPJQHLGFBB78DA,43.21,0.6,6.89,有,0159
北屯區,房地(土地+建物)+車位,臺中市北屯區太順一街５９號三樓之５,17.21,都市：其他:第三種住宅區。,,,1150706,土地1建物1車位1,三層,十一層,住宅大樓(11層含以上有電梯),住家用,鋼筋混凝土造,1140115,100.42,2,2,1,有,有,9690000,106895,坡道機械,18.19,900000,,RPRQMLKKQHLGFBB08DA,47.55,0.0,5.7,有,
北屯區,房地(土地+建物),臺中市北屯區北祥街１６號六樓,20.02,都市：其他:第二種住宅區,,,1150724,土地1建物1車位0,六層,七層,華廈(10層含以下有電梯),住家用,鋼筋混凝土造,0810825,131.21,3,2,2,有,有,10150000,77357,,0.0,0,其他增建:後陽台,RPTNMLMKQHLGFBB18DA,102.47,0.0,17.73,有,0160
北屯區,房地(土地+建物)+車位,臺中市北屯區環太東路４６３號十三樓之１３,14.33,都市：其他:第三種住宅區。,,,1150731,土地1建物1車位1,十三層,十五層,住宅大樓(11層含以上有電梯),住家用,鋼筋混凝土造,1090820,94.08000000000001,1,1,1,有,有,8350000,88754,坡道平面,23.86,0,,RPRNMLOLQHLGFBB28DA,41.37,0.0,4.97,有,0161
西屯區,房地(土地+建物)+車位,臺中市西屯區國安一路２２９號七樓之８,11.87,都市：其他:第六種住宅區,,,1150704,土地1建物1車位1,七層,二十一層,住宅大樓(11層含以上有電梯),住家用,鋼筋混凝土造,1031113,136.74,2,2,1,有,有,16500000,120667,坡道平面,40.26,0,親友、員工、共有人或其他特殊關係間之交易；,RPRNMLPJQHLGFCB28DA,55.67,2.63,5.57,有,0162
南屯區,房地(土地+建物)+車位,臺中市南屯區春安三街１９３號六樓之６,13.68,都市：其他:第五種住宅區,,,1150723,土地1建物1車位1,六層,十五層,住宅大樓(11層含以上有電梯),住家用,鋼筋混凝土造,1090814,132.32999999999998,3,2,1,有,有,12500000,94461,坡道平面,35.95,0,,RPPPMLOKQHLGFCB28DA,60.56,0.0,3.8,有,0163
南屯區,房地(土地+建物)+車位,臺中市南屯區義芳街２９號十一樓之１,23.82,都市：其他:第三之二種住宅區,,,1150717,土地1建物1車位2,十一層,十四層,住宅大樓(11層含以上有電梯),住家用,鋼筋混凝土造,1030520,200.14,3,2,2,有,有,17980000,89837,坡道平面,62.84,0,,RPWUMLOLQHLGFCB96DA,80.25,3.37,8.86,有,
南屯區,房地(土地+建物),臺中市南屯區黎明路一段２巷８號,18.03,都市：其他:第二之二種住宅區,,,1150728,土地3建物1車位0,全,二層,透天厝,住家用,加強磚造,0710722,16.68,2,2,2,有,無,1000000,59952,,0.0,0,,RPTOMLMJRHLGFCB38DA,14.79,0.0,1.89,無,
豐原區,房地(土地+建物),臺中市豐原區中正路５２６之２號九樓,13.48,都市：其他:第二種住宅區,,,1150708,土地1建物1車位0,九層,十六層,住宅大樓(11層含以上有電梯),住家用,鋼筋混凝土造,0890828,115.23,3,2,2,有,有,9400000,81576,,0.0,0,,RPQNMLOLQHLGFDB38DA,77.98,0.0,9.67,有,0164
神岡區,土地,庄前段1151地號,1347.43,,特定農業區,農牧用地,1150721,土地1建物0車位0,,,其他,,,,0.0,0,0,0,無,無,25600000,18999,,0.0,0,未登記建物；,RPRNMLMJRHLGFDB18DA,0.0,0.0,0.0,無,
后里區,房地(土地+建物)+車位,臺中市后里區和興路３號四樓之３,37.12,都市：其他:住宅區,,,1150718,土地1建物1車位1,四層,九層,華廈(10層含以下有電梯),住家用,鋼筋混凝土造,1120515,97.05000000000001,2,2,1,有,有,9500000,97888,一樓平面,0.0,0,,RPQOMLNJRHLGFDB28DA,59.84,0.0,6.03,有,0165
大甲區,房地(土地+建物)+車位,臺中市大甲區甲后路五段２７７巷１２０號三樓之５,25.84,都市：其他:住宅區,,,1150716,土地1建物1車位1,三層,十一層,住宅大樓(11層含以上有電梯),住家用,鋼筋混凝土造,1140925,151.20999999999998,3,2,2,有,有,9300000,72509,坡道平面,38.12,1100000,,RPRNMLLLQHLGFEB28DA,72.07,0.0,7.32,有,
沙鹿區,房地(土地+建物),臺中市沙鹿區中航路一段２６１巷９號,73.0,,鄉村區,乙種建築用地,1150712,土地1建物1車位0,全,二層,透天厝,住家用,加強磚造,0690530,125.7,4,3,2,有,無,5500000,43755,,0.0,0,其他增建；,RPRNMLOLQHLGFFB68DA,125.7,0.0,0.0,無,
潭子區,房地(土地+建物),臺中市潭子區大豐路三段２１９巷１０號,67.55,都市：其他:零星工業區,,,1150723,土地8建物1車位0,全,四層,透天厝,住家用,鋼筋混凝土造,1060410,158.32,5,2,3,有,無,16500000,104219,,0.0,0,陽台外推；其他增建；,RPOOMLSKQHLGFHB98DA,138.8,0.0,19.52,無,0166
潭子區,房地(土地+建物),臺中市潭子區復興路一段１２０巷１２號,110.84,都市：其他:第一之二種住宅區,,,1150704,土地1建物1車位0,全,四層,透天厝,住家用,鋼筋混凝土造,0810615,252.41,6,2,7,有,無,14500000,57446,,0.0,0,陽台外推；其他增建；,RPVNMLLJRHLGFHB88DA,221.0,0.0,31.41,無,
霧峰區,房地(土地+建物),臺中市霧峰區民生路１７２之４號,12.67,都市：其他:住宅區,,,1150728,土地1建物1車位0,全,三層,透天厝,住商用,加強磚造,0671220,24.11,3,2,2,有,無,500000,20738,,0.0,0,,RPRNMLMJRHLGFIB68DA,24.11,0.0,0.0,無,
霧峰區,土地,新峰東段21地號,69.5,都市：其他:住宅區,,,1150720,土地4建物0車位0,,,其他,,,,0.0,0,0,0,無,無,1700000,24460,,0.0,0,,RPRNMLOJRHLGFIB88DA,0.0,0.0,0.0,無,0167
太平區,房地(土地+建物),臺中市太平區育德路４１巷１６號,155.89,都市：其他:住宅區,,,1150712,土地1建物1車位0,全,一層,透天厝,住家用,磚造,0650625,72.52,3,2,1,有,無,13250000,182708,,0.0,0,其他增建；,RPSNMLKKQHLGFJB68DA,72.52,0.0,0.0,無,0168
太平區,房地(土地+建物)+車位,臺中市太平區成功東路４２巷８８號五樓之３,26.0,都市：其他:第一種住宅區,,,1150715,土地1建物1車位1,五層,十四層,住宅大樓(11層含以上有電梯),住家用,鋼筋混凝土造,1141016,116.46000000000001,2,2,1,有,有,12250000,105186,坡道平面,28.65,0,,RPPNMLNJRHLGFJB68DA,54.33,0.0,3.77,有,0169
龍井區,房地(土地+建物)+車位,臺中市龍井區新興路５９巷３０號九樓之三,15.2,,鄉村區,乙種建築用地,1150702,土地2建物1車位1,九層,九層,華廈(10層含以下有電梯),住家用,鋼筋混凝土造,0801104,119.03,3,2,2,有,有,7750000,65110,坡道機械,0.0,0,未登記建物；,RPPNMLTKPHLGFKB66DA,83.72,0.0,2.42,有,0170
龍井區,房地(土地+建物),臺中市龍井區臨港東路一段１５５巷１７１弄５０號,104.92,都市：其他:第四種住宅區,,,1150709,土地3建物1車位0,全,三層,透天厝,住家用,鋼筋混凝土造,1140902,203.43,5,2,3,有,無,13800000,67837,,0.0,0,龍井區龍田段1623-37地號總價50萬元龍井區龍田段1623-32、1623-38地號總價532萬元龍井區龍田段2382建號總價798萬元,RPQOMLNJRHLGFKB98DA,191.7,0.0,11.73,無,
龍井區,土地,竹泉段115地號,2430.0,都市：其他:農業區,,,1150730,土地1建物0車位0,,,其他,,,,0.0,0,0,0,無,無,15000000,6173,,0.0,0,,RPRNMLOJRHLGFKB09DA,0.0,0.0,0.0,無,
北屯區,房地(土地+建物),臺中市北屯區東山路一段３７巷１２弄１２號,47.0,都市：其他:第二種住宅區,,,1150715,土地1建物1車位0,全,二層,透天厝,住家用,加強磚造,0591028,57.8,3,1,1,有,無,5040000,87197,,0.0,0,親友、員工、共有人或其他特殊關係間之交易；,RPPNMLNJRHLGFBB97EA,57.8,0.0,0.0,無,0171
西區,房地(土地+建物)+車位,臺中市西區忠明南路１１６號十二樓之五,12.91,都市：其他:第三種住宅區。,,,1150709,土地1建物1車位1,十二層,十五層,住宅大樓(11層含以上有電梯),住家用,鋼筋混凝土造,0951222,141.48,2,2,2,有,有,17280000,122137,坡道平面,29.3,0,,RPTNMLKMPHLGFAB97DA,72.74,0.0,9.7,有,
西區,房地(土地+建物),臺中市西區五廊街２９－５號,24.18,都市：其他:第二種住宅區,,,1150728,土地2建物1車位0,一層，二層，騎樓,七層,華廈(10層含以下有電梯),住商用,鋼筋混凝土造,0770722,140.81,2,2,3,有,有,14000000,99425,,0.0,0,陽台外推；其他增建；,RPTRMLKKQHLGFAB28DA,95.51,6.05,9.12,有,
西區,房地(土地+建物),臺中市西區日進街１１０號三樓之八,3.36,都市：其他:第二種住宅區,,,1150720,土地1建物1車位0,三層,八層,華廈(10層含以下有電梯),住家用,鋼筋混凝土造,0830208,26.81,1,0,1,有,有,1750000,65274,,0.0,0,,RPRNMLTKQHLGFAB58DA,19.11,0.0,0.0,有,
南區,房地(土地+建物),臺中市南區忠明南路１２３８號五樓之１、五樓之３,30.75,都市：其他:第三種住宅區。,,,1150722,土地2建物1車位0,五層,五層,公寓(5樓含以下無電梯),住家用,鋼筋混凝土造,0680907,93.24,3,2,2,有,無,6650000,71321,,0.0,0,其他增建:頂樓鐵皮增建其他增建；,RPPOMLTKQHLGFAB48DA,93.24,0.0,0.0,無,
西區,房地(土地+建物),臺中市西區府後街４７巷１４號,20.75,都市：其他:第二種住宅區,,,1150705,土地1建物1車位0,四層,四層,公寓(5樓含以下無電梯),住家用,鐵筋加強磚,0571030,65.25,6,4,2,有,無,4160000,63755,,0.0,0,頂樓加蓋；,RPQNMLQLQHLGFAB28DA,65.25,0.0,0.0,無,
南區,房地(土地+建物)+車位,臺中市南區東興路一段２５之７號,21.71,都市：其他:第三種住宅區。,,,1150720,土地1建物1車位1,一層，見其他登記事項,十五層,住宅大樓(11層含以上有電梯),商業用,鋼筋混凝土造,1131009,195.12,0,0,0,無,有,22280000,123787,坡道平面,31.29,2000000,,RPVNMLQLQHLGFAB78DA,98.55,0.0,11.06,有,
西區,房地(土地+建物)+車位,臺中市西區忠明南路３９６號５樓之２,20.88,都市：其他:第三種住宅區。,,,1150731,土地1建物1車位1,五層,九層,華廈(10層含以下有電梯),住家用,鋼筋混凝土造,0880413,146.60000000000002,3,2,2,有,有,16100000,120443,坡道平面,23.72,1300000,陽台外推；其他增建；,RPTQMLRLQHLGFAB98DA,72.89,0.0,12.87,有,
南區,房地(土地+建物),臺中市南區文心南十路２１０號１１樓之５,6.9,都市：其他:第三種商業區,,,1150723,土地1建物1車位0,十一層,十四層,住宅大樓(11層含以上有電梯),住家用,鋼筋混凝土造,0880208,89.08,2,1,2,有,有,8100000,90930,,0.0,0,,RPOOMLSLQHLGFAB38DA,61.45,1.28,4.74,有,
西區,房地(土地+建物),臺中市西區三民路一段６２巷２號,110.87,都市：其他:道路用地,,,1150721,土地2建物1車位0,全,四層,透天厝,住家用,鋼筋混凝土造,1080715,225.65,6,2,4,有,無,17300000,76667,,0.0,0,,RPWNMLMJRHLGFAB38DA,207.6,0.0,18.05,無,
西區,土地,後子段325-220地號,26.0,都市：其他:道路用地,,,1150730,土地3建物0車位0,,,其他,,,,0.0,0,0,0,無,無,800000,30769,,0.0,0,包含公共設施保留地用地；,RPRNMLQJRHLGFAB28DA,0.0,0.0,0.0,無,
西區,房地(土地+建物)+車位,臺中市西區忠信街２號４樓之２,14.99,都市：其他:第二種住宅區,,,1150710,土地1建物1車位1,四層,八層,華廈(10層含以下有電梯),住家用,鋼筋混凝土造,0840724,108.47,2,2,2,有,有,6340000,58449,升降機械,0.0,0,親友、員工、共有人或其他特殊關係間之交易；,RPSNMLRJRHLGFAB48DA,71.54,2.85,2.21,有,
北屯區,房地(土地+建物)+車位,臺中市北屯區中清路二段１１６６巷３２號七樓之３,25.51,都市：其他:第二種住宅區,,,1150716,土地1建物1車位2,七層,十五層,住宅大樓(11層含以上有電梯),住家用,鋼筋混凝土造,0990603,181.23,3,2,2,有,有,20200000,111461,坡道平面,49.52,0,,RPTPMLSLPHLGFBB98DA,78.89,3.35,8.58,有,
北區,房地(土地+建物),臺中市北區永興街２７之８３號,18.11,都市：其他:第二種住宅區,,,1150714,土地1建物1車位0,七層,七層,華廈(10層含以下有電梯),住家用,鋼筋混凝土造,0690121,86.43,3,2,2,有,有,4500000,52065,,0.0,0,,RPUOMLNJQHLGFBB38DA,86.43,0.0,0.0,有,
北區,房地(土地+建物)+車位,臺中市北區篤行路３７９巷５號２樓之５,20.46,都市：其他:第二種住宅區,,,1150718,土地2建物1車位1,二層，三層,九層,華廈(10層含以下有電梯),住家用,鋼筋混凝土造,0880201,143.88,4,2,2,有,有,14210000,98763,坡道平面,0.0,0,夾層；其他增建；,RPWQMLOJQHLGFBB88DA,77.29,3.45,9.43,有,
北屯區,房地(土地+建物)+車位,臺中市北屯區敦富一街２００號三樓之６,16.98,都市：其他:第二之一種住宅區,,,1150707,土地1建物1車位1,三層,十二層,住宅大樓(11層含以上有電梯),住家用,鋼筋混凝土造,1091030,108.58,2,2,1,有,有,13850000,127556,坡道平面,23.91,0,,RPVWMLPJQHLGFBB86DA,48.18,2.75,5.85,有,
北屯區,房地(土地+建物)+車位,臺中市北屯區崇德路三段６７０號六樓之２,8.45,都市：其他:第二種商業區,,,1150710,土地1建物1車位1,六層,十五層,住宅大樓(11層含以上有電梯),住家用,鋼筋混凝土造,1070914,87.19999999999999,3,2,2,有,有,7000000,80284,坡道平面,24.75,0,親友、員工、共有人或其他特殊關係間之交易；,RPPQMLTKQHLGFBB78DA,45.4,0.0,5.39,有,
北屯區,房地(土地+建物),臺中市北屯區崇德路二段１２８號８樓之５,11.8,都市：其他:第四種商業區,,,1150728,土地1建物1車位0,八層,十八層,住宅大樓(11層含以上有電梯),商業用,鋼筋混凝土造,0821021,119.77,0,0,0,無,有,9950000,83076,,0.0,0,,RPXOMLRLQHLGFBB66DA,78.67,0.0,10.96,有,
西屯區,房地(土地+建物),臺中市西屯區臺灣大道三段７２９巷４５弄６號,95.1,都市：其他:第三種住宅區。,,,1150702,土地1建物1車位0,全,一層,透天厝,住家用,加強磚造,0620601,63.18,3,2,1,有,無,23680000,374802,,0.0,0,,RPTPMLRJPHLGFCB78DA,63.18,0.0,0.0,無,
南屯區,房地(土地+建物)+車位,臺中市南屯區惠文路３１８號二樓,21.14,都市：其他:第二種住宅區,,,1150719,土地1建物1車位1,二層,十三層,住宅大樓(11層含以上有電梯),住家用,鋼筋混凝土造,1150605,125.4,2,2,2,有,有,20810000,200487,坡道平面,35.07,2700000,,RPVNMLLKQHLGFCB38DA,52.31,0.0,5.46,有,
南屯區,房地(土地+建物)+車位,臺中市南屯區惠文路３１２號五樓,32.35,都市：其他:第二種住宅區,,,1150729,土地1建物1車位1,五層,十三層,住宅大樓(11層含以上有電梯),住家用,鋼筋混凝土造,1150605,173.26999999999998,3,2,2,有,有,32980000,219826,坡道平面,35.07,2600000,,RPXNMLLKQHLGFCB58DA,78.67,0.0,9.77,有,
南屯區,房地(土地+建物)+車位,臺中市南屯區惠文路３１８號七樓,21.14,都市：其他:第二種住宅區,,,1150731,土地1建物1車位1,七層,十三層,住宅大樓(11層含以上有電梯),住家用,鋼筋混凝土造,1150605,125.4,2,2,2,有,有,23080000,224510,坡道平面,35.07,2800000,,RPOOMLLKQHLGFCB77DA,52.31,0.0,5.46,有,
南屯區,房地(土地+建物),臺中市南屯區永春東七路５５２號六樓之１,24.58,都市：其他:第一之一種住宅區,,,1150717,土地2建物1車位0,六層,十五層,住宅大樓(11層含以上有電梯),住家用,鋼筋混凝土造,1140831,201.26,4,2,2,有,有,39580000,196661,,0.0,0,,RPTNMLSKQHLGFCB88DA,120.07,0.0,12.74,有,
南屯區,房地(土地+建物)+車位,臺中市南屯區文心南三路３３６號六樓之６,15.45,都市：其他:第三之一種商業區,,,1150723,土地1建物1車位2,六層,二十四層,住宅大樓(11層含以上有電梯),住家用,鋼筋混凝土造,1000615,193.64,3,2,2,有,有,25580000,132101,坡道機械,22.22,0,,RPPPMLKLQHLGFCB97DA,97.42,4.7,15.97,有,
西屯區,房地(土地+建物)+車位,臺中市西屯區青海南街２２１號五樓之２,23.15,都市：其他:第二種住宅區,,,1150717,土地1建物1車位1,五層,十二層,住宅大樓(11層含以上有電梯),住家用,鋼筋混凝土造,1020814,166.4,3,2,2,有,有,17000000,102163,坡道平面,39.36,0,,RPVPMLLLQHLGFCB68DA,74.36,5.02,5.77,有,
西屯區,房地(土地+建物)+車位,臺中市西屯區福安路５５巷３號二十六樓之２,8.8,都市：其他:第一之一種住宅區,,,1150724,土地1建物1車位1,二十六層,二十八層,住宅大樓(11層含以上有電梯),住家用,鋼筋混凝土造,0861023,112.3,1,1,1,有,有,8000000,71238,坡道平面,29.42,0,,RPTRMLLJRHLGFCB58DA,50.28,0.0,8.3,有,
西屯區,房地(土地+建物)+車位,臺中市西屯區大墩十九街２２３號十二樓,15.38,都市：其他:第二種住宅區,,,1150723,土地2建物1車位1,十二層,十二層,住宅大樓(11層含以上有電梯),住家用,鋼筋混凝土造,0830216,180.33,4,1,2,有,有,17500000,97044,坡道平面,0.0,0,,RPXNMLOJRHLGFCB88DA,108.19,1.72,12.88,有,
豐原區,房地(土地+建物),臺中市豐原區合作街１１８巷２３弄１２號,80.72,都市：其他:第二種住宅區,,,1150723,土地1建物1車位0,全,三層,透天厝,住家用,鋼筋混凝土造,0780922,130.76,4,1,3,有,無,14100000,107831,,0.0,0,頂樓加蓋；其他增建；,RPPPMLSLPHLGFDB78DA,125.72,0.0,5.04,無,
豐原區,房地(土地+建物),臺中市豐原區南陽路南陽新村２８１號,60.56,都市：其他:第三種住宅區。,,,1150718,土地1建物1車位0,全,二層,透天厝,住家用,加強磚造,0610515,84.0,4,3,3,有,無,7920000,94286,,0.0,0,其他增建；,RPWNMLTKQHLGFDB76DA,84.0,0.0,0.0,無,
豐原區,房地(土地+建物),臺中市豐原區豐年路２５０巷２８之３號,137.16,都市：其他:第一之二種住宅區,,,1150725,土地3建物1車位0,全,二層,透天厝,住商用,ＲＣ鋼筋混凝土造,0991022,156.32,3,2,3,有,無,12200000,78045,,0.0,0,頂樓加蓋；,RPXNMLQLQHLGFDB66DA,146.48,4.5,5.34,無,
豐原區,房地(土地+建物),臺中市豐原區圓環南路１９９巷５號,220.0,都市：其他:第二種住宅區,,,1150725,土地3建物1車位0,全,二層,透天厝,住家用,加強磚造,0760306,241.9,9,2,3,有,無,24300000,100455,,0.0,0,,RPWNMLOJRHLGFDB88DA,220.95,0.0,20.95,無,
大甲區,房地(土地+建物),臺中市大甲區經國路２４３８巷３號,81.16,都市：其他:住宅區,,,1150727,土地2建物1車位0,全,四層,透天厝,住商用,鋼筋混凝土造,0820707,197.37,4,2,4,有,無,8000000,40533,,0.0,0,其他增建；,RPPNMLLLQHLGFEB08DA,177.84,6.51,13.02,無,
大甲區,房地(土地+建物)+車位,臺中市大甲區文武路１８８之５號,34.04,都市：其他:住宅區,,,1150716,土地1建物1車位1,一層，二層，三層，騎樓,八層,華廈(10層含以下有電梯),住商用,鋼筋混凝土造,0860513,202.34,2,3,3,有,有,9200000,45468,升降機械,0.0,0,,RPPNMLSJRHLGFEB68DA,134.09,0.0,5.47,有,
梧棲區,房地(土地+建物),臺中市梧棲區大勇二路１８號二樓之６,9.54,都市：其他:第四種商業區,,,1150713,土地1建物1車位0,二層,十五層,住宅大樓(11層含以上有電梯),住家用,鋼筋混凝土造,1130805,94.43,2,2,1,有,有,5100000,54008,,0.0,0,,RPQNMLLKQHLGFFB18DA,58.63,0.0,5.52,有,
沙鹿區,房地(土地+建物),臺中市沙鹿區自強路７８０巷２弄４１號,111.17,都市：其他:第二種住宅區,,,1150726,土地3建物1車位0,全,四層,透天厝,住家用,鋼筋混凝土造,1020509,178.4,3,3,3,有,無,14380000,80605,,0.0,0,其他增建；,RPWNMLOJRHLGFFB09DA,163.17,0.0,15.23,無,
潭子區,車位,臺中市潭子區僑興路１２３號等公共設施,0.0,,,,1150728,土地0建物1車位1,,,其他,,,,28.17,0,0,0,無,有,1550000,,坡道平面,28.17,1550000,建物坐落地號：僑興段12地號；僅車位交易；,RPQNMLRJRHLGFHB98DA,0.0,0.0,0.0,有,
烏日區,房地(土地+建物)+車位,臺中市烏日區環河路四段２７０號十一樓之７,15.26,都市：其他:商業區,,,1150721,土地1建物1車位1,十一層,十五層,住宅大樓(11層含以上有電梯),住家用,鋼筋混凝土造,1090713,122.55000000000001,2,2,1,有,有,11150000,90983,坡道平面,30.49,0,,RPVNMLRLPHLGFIB96DA,55.38,1.75,6.18,有,
烏日區,房地(土地+建物)+車位,臺中市烏日區中山路三段４２０號十三樓之７,14.36,都市：其他:商業區,,,1150720,土地1建物1車位1,十三層,十五層,住宅大樓(11層含以上有電梯),住家用,鋼筋混凝土造,1120822,117.12,2,1,1,有,有,10980000,93750,坡道平面,33.2,0,,RPVNMLTKQHLGFIB17DA,51.5,0.0,4.28,有,
烏日區,房地(土地+建物)+車位,臺中市烏日區三榮三路１７號三樓之２,36.09,都市：其他:第二種住宅區,,,1150704,土地1建物1車位1,三層,十三層,住宅大樓(11層含以上有電梯),住家用,鋼筋混凝土造,1090120,155.23000000000002,3,2,2,有,有,14800000,95342,坡道平面,33.13,0,,RPUNMLMJRHLGFIB98DA,75.48,0.0,6.31,有,
太平區,房地(土地+建物)+車位,臺中市太平區環中東路三段３５１號十三樓之２,22.62,都市：其他:住宅區,,,1150716,土地1建物1車位1,十三層,十四層,住宅大樓(11層含以上有電梯),住家用,鋼筋混凝土造,1140625,154.94,3,2,2,有,有,14800000,103368,坡道平面,29.66,1850000,,RPSNMLRJQHLGFJB66DA,75.07,0.0,7.97,有,
太平區,房地(土地+建物),臺中市太平區太平路４２７號,21.36,都市：其他:商業區,,,1150723,土地2建物1車位0,一層，二層，三層,八層,華廈(10層含以下有電梯),住商用,鋼筋混凝土造,0830610,160.83,3,2,2,有,有,6800000,42281,,0.0,0,,RPUNMLLLQHLGFJB09DA,110.9,0.0,0.0,有,
太平區,房地(土地+建物)+車位,臺中市太平區環中東路三段３３３號十三樓之７,24.45,都市：其他:住宅區,,,1150712,土地1建物1車位1,十三層,十五層,住宅大樓(11層含以上有電梯),住家用,鋼筋混凝土造,1140123,157.98000000000002,3,2,2,有,有,15000000,100976,坡道平面,24.78,1550000,,RPQNMLNJRHLGFJB78DA,78.7,0.0,7.91,有,
太平區,房地(土地+建物),臺中市太平區東村十二街３１巷１０弄１０號,134.34,都市：其他:第一種住宅區,,,1150728,土地3建物1車位0,全,四層,透天厝,住家用,鋼筋混凝土造,0831119,222.66,5,2,3,有,無,10880000,48864,,0.0,0,,RPQNMLOJRHLGFJB88DA,203.94,3.12,15.6,無,
大肚區,房地(土地+建物),臺中市大肚區遊園路二段７４巷２弄１之１號,25.0,,鄉村區,乙種建築用地,1150705,土地2建物1車位0,二層,四層,公寓(5樓含以下無電梯),住家用,加強磚造,0691222,70.17,3,2,2,有,無,2300000,32778,,0.0,0,,RPQNMLNJRHLGFKB88DA,70.17,0.0,0.0,無,
豐原區,土地,建成段123地號,129.26,都市：其他:第三種住宅區。,,,1150713,土地1建物0車位0,,,其他,,,,0.0,0,0,0,無,無,4800000,37134,,0.0,0,親友、員工、共有人或其他特殊關係間之交易；,RPPNMLSJRHLGFDB68EA,0.0,0.0,0.0,無,
南區,房地(土地+建物)+車位,臺中市南區美村路二段２１８巷２３號七樓之３,17.01,都市：其他:第二種住宅區,,,1150629,土地1建物1車位1,七層,十層,華廈(10層含以下有電梯),住家用,鋼筋混凝土造,1130624,119.4,2,2,1,有,有,12900000,141162,坡道平面,39.35,1600000,,RPXOMLQJPHLGFAB78DA,46.46,0.0,6.39,有,0172
南區,房地(土地+建物)+車位,臺中市南區工學路１２６巷３６號十樓之１,14.83,都市：其他:第三種住宅區。,,,1150625,土地2建物1車位1,十層,十七層,住宅大樓(11層含以上有電梯),住家用,鋼筋混凝土造,0841130,132.35,3,2,2,有,有,10780000,81451,坡道平面,0.0,0,,RPSOMLKLPHLGFAB87DA,75.9,0.0,8.53,有,0173
南區,房地(土地+建物)+車位,臺中市南區忠明南路８１９號５樓之７,6.47,都市：其他:第一種商業區,,,1150628,土地2建物1車位1,五層,十八層,住宅大樓(11層含以上有電梯),住家用,鋼筋混凝土造,0931224,94.18,2,1,1,有,有,10100000,107241,坡道機械,0.0,0,車位面積:含停車位編號B3:115共用5格，權利範圍:1000000分之4250,RPTOMLQJQHLGFAB48DA,55.7,0.0,4.24,有,
北區,房地(土地+建物),臺中市北區日興街１８８號７樓之５,21.18,都市：其他:第二種住宅區,,,1150621,土地1建物1車位0,七層,十四層,住宅大樓(11層含以上有電梯),住家用,鋼筋混凝土造,0890705,159.96,3,2,2,有,有,10500000,65641,,0.0,0,跨所案件，另有基地為：台中市西區後?子段391-13地號持分面積為0.68平方公尺預售屋、或土地及建物分件登記案件；,RPXSMLMLPHLGFBB09DA,85.16,0.0,10.1,有,
北屯區,房地(土地+建物),臺中市北屯區三光一街３號十樓之２,11.08,都市：其他:第二種住宅區,,,1150606,土地1建物1車位0,十層,十四層,住宅大樓(11層含以上有電梯),住家用,鋼筋混凝土造,0850610,108.03,3,2,2,有,有,8960000,82940,,0.0,0,親友、員工、共有人或其他特殊關係間之交易；,RPOOMLNJQHLGFBB77DA,69.75,2.2,6.33,有,0174
北屯區,房地(土地+建物)+車位,臺中市北屯區太原路三段１３４９號三樓之３,20.53,都市：其他:第三種住宅區。,,,1150621,土地1建物1車位1,三層,十四層,住宅大樓(11層含以上有電梯),住家用,鋼筋混凝土造,1041228,142.74,3,2,2,有,有,12228000,85666,坡道平面,25.81,0,,RPTOMLKKQHLGFBB08DA,73.91,0.0,6.29,有,
北屯區,土地,大華段664地號,2867.47,都市：其他:農業區,,,1150617,土地1建物0車位0,,,其他,,,,0.0,0,0,0,無,無,20380000,7107,,0.0,0,,RPXSMLNKQHLGFBB56DA,0.0,0.0,0.0,無,
北屯區,房地(土地+建物)+車位,臺中市北屯區文昌東十二街３８號六樓之２,25.19,都市：其他:第三種住宅區。,,,1150628,土地1建物1車位1,六層,十一層,住宅大樓(11層含以上有電梯),住家用,鋼筋混凝土造,1130418,162.91,3,2,2,有,有,19800000,136214,坡道平面,32.6,2050000,買賣總價1980萬元整，其中土地價款852萬元整，建物價款923萬元整，車位價款205萬元整。,RPQSMLRKQHLGFBB88DA,77.03,0.0,7.89,有,
北屯區,房地(土地+建物)+車位,臺中市北屯區環太東路６２３號八樓之６,23.61,都市：其他:第三種住宅區。,,,1150621,土地1建物1車位1,八層,十四層,住宅大樓(11層含以上有電梯),住家用,鋼筋混凝土造,1040615,142.11,3,2,2,有,有,12200000,85849,坡道平面,24.92,0,土地售價929萬建物售價291萬,RPSNMLRLQHLGFBB68DA,71.05,0.0,9.61,有,
南屯區,房地(土地+建物)+車位,臺中市南屯區文心南三路３３６號十七樓之２,29.82,都市：其他:第三之一種商業區,,,1150604,土地1建物1車位2,十七層,二十四層,住宅大樓(11層含以上有電梯),住家用,鋼筋混凝土造,1000615,375.17,4,2,2,有,有,43600000,116214,坡道平面,44.2,0,,RPVTMLLJPHLGFCB78DA,198.63,6.71,18.4,有,0175
南屯區,房地(土地+建物)+車位,臺中市南屯區文心南二路４８６號十四樓,43.14,都市：其他:第二種住宅區,,,1150628,土地1建物1車位2,十四層,十八層,住宅大樓(11層含以上有電梯),住家用,鋼筋混凝土造,0991115,336.78999999999996,4,2,3,有,有,37000000,119570,坡道平面,60.8,4000000,其他增建；,RPQNMLKMPHLGFCB87DA,161.62,5.48,18.8,有,
西屯區,房地(土地+建物),臺中市西屯區安林路３３之１２號,148.81,都市：其他:農業區,,,1150628,土地4建物1車位0,全,四層,透天厝,住家用,鋼筋混凝土造,1120118,307.52,4,3,5,有,有,35000000,113814,,0.0,0,,RPSOMLPJQHLGFCB48DA,263.17,0.0,15.34,有,0176
豐原區,房地(土地+建物)+車位,臺中市豐原區富陽路７號八樓之２,34.55,都市：其他:第一之二種住宅區,,,1150629,土地1建物1車位1,八層,十二層,住宅大樓(11層含以上有電梯),住家用,鋼筋混凝土造,1081227,160.32,3,2,2,有,有,13030000,81275,坡道平面,31.67,0,,RPUNMLOJQHLGFDB58DA,72.57,0.0,8.2,有,0177
豐原區,房地(土地+建物),臺中市豐原區文昌街４４號,26.74,都市：其他:第二種住宅區,,,1150628,土地1建物1車位0,一層，二層，騎樓,七層,華廈(10層含以下有電梯),住商用,鋼筋混凝土造,0830516,134.93,1,2,2,有,有,7300000,54102,,0.0,0,其他增建；,RPPNMLPJQHLGFDB18DA,94.21,0.0,2.08,有,
神岡區,房地(土地+建物),臺中市神岡區中山路６６７巷６８之４５號,78.66,都市：其他:農業區,,,1150621,土地2建物1車位0,全,四層,透天厝,住家用,鋼筋混凝土造,1080711,181.43,4,3,4,有,有,19070000,105109,,0.0,0,其他增建；,RPWNMLLLQHLGFDB68DA,181.43,0.0,0.0,無,
大甲區,房地(土地+建物)+車位,臺中市大甲區中山路二段１１５號二樓之１,17.94,都市：其他:商業區,,,1150620,土地3建物1車位1,二層,五層,華廈(10層含以下有電梯),住家用,鋼筋混凝土造,1111110,66.78999999999999,3,2,2,有,有,5000000,74862,一樓平面,0.0,0,土地買賣價金：3000000元整；建物買賣價金2000000元陽台外推；,RPPNMLKLQHLGFEB97DA,38.26,0.0,5.35,有,
大雅區,房地(土地+建物)+車位,臺中市大雅區中清路三段９９９號三樓之１,17.77,都市：其他:第二種住宅區,,,1150624,土地2建物1車位1,三層,十四層,住宅大樓(11層含以上有電梯),住家用,鋼筋混凝土造,0830812,170.16,3,2,2,有,有,12800000,75223,坡道平面,0.0,0,,RPPNMLSJPHLGFHB78DA,98.8,0.0,13.73,有,0178
太平區,房地(土地+建物)+車位,臺中市太平區育賢路１５０號十二樓,14.21,都市：其他:住宅區,,,1150625,土地3建物1車位1,十二層,十二層,住宅大樓(11層含以上有電梯),住家用,鋼筋混凝土造,0870626,116.21000000000001,3,2,2,有,有,9720000,83642,坡道機械,0.0,0,陽台外推；,RPPNMLMKQHLGFJB58DA,73.42,0.0,13.17,有,
龍井區,房地(土地+建物),臺中市龍井區龍泉街１６９巷８號,64.71,都市：其他:第四種住宅區,,,1150628,土地2建物1車位0,全,四層,透天厝,住家用,鋼筋混凝土造,1120906,176.5,4,2,3,有,無,15380000,87139,,0.0,0,其他增建；,RPPNMLQLQHLGFKB56DA,164.46,0.0,12.04,無,0179
大肚區,土地,文昌段965地號,1481.0,都市：其他:農業區,,,1150625,土地1建物0車位0,,,其他,,,,0.0,0,0,0,無,無,12380000,8359,,0.0,0,親友、員工、共有人或其他特殊關係間之交易；,RPRNMLLMQHLGFKB98DA,0.0,0.0,0.0,無,
中區,房地(土地+建物),臺中市中區光復路１５１號十一樓之２,9.83,都市：其他:第二種商業區,,,1150621,土地6建物1車位0,十一層,十一層,住宅大樓(11層含以上有電梯),住商用,鋼筋混凝土造,0701118,121.18,4,0,4,有,有,5300000,43737,,0.0,0,,RPQNMLQLQHLGFAB38EA,96.26,0.0,0.0,有,
大甲區,土地,南社段224地號,1771.99,,特定農業區,農牧用地,1150626,土地1建物0車位0,,,其他,,,,0.0,0,0,0,無,無,4255279,2401,,0.0,0,含土地增值稅或其他稅費；親友、員工、共有人或其他特殊關係間之交易；,RPPNMLLMQHLGFEB28EA,0.0,0.0,0.0,無,
南區,房地(土地+建物),臺中市南區大慶街２段６８號,64.0,都市：其他:乙種工業區,,,1150627,土地3建物1車位0,全,二層,透天厝,商業用,鐵筋加強磚,0581014,121.56,0,0,0,無,無,10580000,87035,,0.0,0,其他增建：三、四樓增建，法定空地增建其他增建；,RPTNMLPLQHLGFAB48DA,121.56,0.0,0.0,無,
北屯區,房地(土地+建物)+車位,臺中市北屯區中清路二段１１６６巷３９號五樓之２,41.11,都市：其他:第二種住宅區,,,1150616,土地3建物1車位2,五層,十四層,住宅大樓(11層含以上有電梯),住家用,鋼筋混凝土造,1020411,251.28,4,2,2,有,有,25000000,99491,坡道平面,62.92,0,,RPRNMLPKPHLGFBB18DA,111.19,3.14,13.66,有,
北屯區,房地(土地+建物)+車位,臺中市北屯區中清路二段１１６６巷３９號十二樓之２,40.95,都市：其他:第二種住宅區,,,1150628,土地3建物1車位1,十二層,十四層,住宅大樓(11層含以上有電梯),住家用,鋼筋混凝土造,1020411,219.82999999999998,4,2,2,有,有,24580000,111814,坡道平面,31.46,0,,RPVWMLNLPHLGFBB76DA,111.19,3.14,13.66,有,0180
北屯區,房地(土地+建物)+車位,臺中市北屯區南興路１０８８號十樓之１,22.89,都市：其他:第二之一種住宅區,,,1150630,土地1建物1車位1,十層,十五層,住宅大樓(11層含以上有電梯),住家用,鋼筋混凝土造,1131030,166.93,3,2,2,有,有,22500000,134787,坡道平面,24.8,0,,RPPOMLTKQHLGFBB58DA,84.78,0.0,9.72,有,0181
南屯區,房地(土地+建物),臺中市南屯區保安五街１２８號十樓之２,11.83,都市：其他:第三之二種住宅區,,,1150607,土地1建物1車位0,十層,十二層,住宅大樓(11層含以上有電梯),住家用,鋼筋混凝土造,0960208,82.64,2,2,1,有,有,8200000,99226,,0.0,0,其他增建；,RPTNMLRJOHLGFCB48DA,51.32,1.79,7.56,有,
南屯區,房地(土地+建物)+車位,臺中市南屯區春安路１２８號五樓之５,10.43,都市：其他:第五種住宅區,,,1150608,土地1建物1車位1,五層,十三層,住宅大樓(11層含以上有電梯),住家用,鋼筋混凝土造,1081128,108.12,1,1,1,有,有,9280000,85831,坡道平面,38.54,0,,RPPPMLTJOHLGFCB48DA,42.05,0.0,4.92,有,0182
西屯區,房地(土地+建物)+車位,臺中市西屯區西苑路２９號十四樓之３,30.94,都市：其他:第二種住宅區,,,1150621,土地1建物1車位2,十四層,十八層,住宅大樓(11層含以上有電梯),住家用,鋼筋混凝土造,1040608,245.19,3,2,2,有,有,32500000,132550,坡道平面,59.6,0,其他增建；,RPORMLNLOHLGFCB18DA,105.42,5.32,13.72,有,
南屯區,房地(土地+建物)+車位,臺中市南屯區河南路四段５２２號十四樓之５,12.13,都市：其他:第五種住宅區,,,1150627,土地1建物1車位1,十四層,二十四層,住宅大樓(11層含以上有電梯),住家用,鋼筋混凝土造,1090722,147.05,3,2,2,有,有,19500000,132608,坡道平面,26.58,0,,RPOOMLQKPHLGFCB18DA,67.59,6.33,5.32,有,0183
西屯區,建物,臺中市西屯區光明路１０８號,0.0,,,,1150616,土地0建物1車位0,全,四層,透天厝,商業用,鋼筋混凝土造,0740114,57.6,3,1,3,有,無,3900000,67708,,0.0,0,建物坐落地號：西屯段2182地號；親友、員工、共有人或其他特殊關係間之交易；,RPPOMLLKQHLGFCB87DA,55.48,0.0,2.12,無,0184
南屯區,房地(土地+建物)+車位,臺中市南屯區大業路５５６號八樓之１,44.22,都市：其他:第二種住宅區,,,1150626,土地1建物1車位1,八層,十五層,住宅大樓(11層含以上有電梯),住家用,鋼筋混凝土造,1130707,269.48,4,2,3,有,有,54780000,221615,坡道平面,35.38,2900000,,RPQNMLRKQHLGFCB48DA,138.5,0.0,16.47,有,
南屯區,房地(土地+建物)+車位,臺中市南屯區保安五街１９號九樓之３,21.18,都市：其他:第二種住宅區,,,1150621,土地1建物1車位1,九層,十二層,住宅大樓(11層含以上有電梯),住家用,鋼筋混凝土造,1051228,127.5,2,2,2,有,有,13000000,129060,坡道平面,36.07,1200000,,RPXOMLRKQHLGFCB66DA,53.07,1.92,6.5,有,0185
西屯區,房地(土地+建物)+車位,臺中市西屯區福科路５２９號六樓之１,15.11,都市：其他:第三之一種住宅區,,,1150627,土地1建物1車位1,六層,十四層,住宅大樓(11層含以上有電梯),住家用,鋼筋混凝土造,0821118,150.38,3,2,2,有,有,12500000,83123,坡道平面,0.0,0,其他增建；,RPTSMLRLQHLGFCB76DA,89.18,0.0,14.34,有,0186
豐原區,房地(土地+建物),臺中市豐原區南陽路２９８巷２４號,46.0,都市：其他:第二種住宅區,,,1150609,土地1建物2車位0,一層,五層,公寓(5樓含以下無電梯),住家用,鋼筋混凝土造,0780928,129.49,3,2,2,有,有,6300000,48652,,0.0,0,其他增建；,RPVNMLKMOHLGFDB38DA,116.31,0.0,0.0,無,0187
清水區,房地(土地+建物),臺中市清水區高美路１６０巷７之９號,161.47,都市：其他:農業區,,,1150613,土地2建物1車位0,全,四層,透天厝,住家用,鋼筋混凝土造,1071113,217.51,4,3,3,有,無,17200000,79077,,0.0,0,1樓加頂樓採光罩其他增建；,RPOOMLQJQHLGFFB48DA,210.62,0.0,6.89,無,0188
潭子區,房地(土地+建物)+車位,臺中市潭子區頭張路一段８６巷１５號九樓,24.22,都市：其他:第一之一種商業區,,,1150616,土地1建物1車位1,九層,十二層,住宅大樓(11層含以上有電梯),住家用,鋼筋混凝土造,1060123,149.95,3,2,2,有,有,13800000,92031,坡道平面,29.61,0,,RPRNMLKLPHLGFHB38DA,63.35,6.48,8.33,有,0189
太平區,房地(土地+建物),臺中市太平區光興路６９９巷１９３號,88.34,,一般農業區,甲種建築用地,1150604,土地2建物1車位0,全,四層,透天厝,住家用,鋼筋混凝土造,1150126,249.87,4,2,4,有,無,24800000,99252,,0.0,0,含裝潢費；,RPRNMLRLQHLGFJB76DA,230.71,0.0,19.16,有,
大肚區,房地(土地+建物),臺中市大肚區自由路３７５號,83.62,都市：其他:住宅區,,,1150621,土地1建物1車位0,全,三層,透天厝,住商用,鋼筋混凝土造,1031020,216.67,5,2,3,有,無,15600000,71999,,0.0,0,頂樓加蓋；其他增建；,RPQNMLSKQHLGFKB76DA,203.5,0.0,13.17,無,
東區,房地(土地+建物)+車位,臺中市東區旱溪東路一段３００號三樓之八,9.27,都市：其他:第二種商業區,,,1150610,土地1建物1車位1,三層,十五層,住宅大樓(11層含以上有電梯),住家用,鋼筋混凝土造,0950801,101.68,2,2,1,有,有,8800000,86546,坡道平面,12.62,0,謄本登記2車位，現況2編號為1平面車位陽台外推；,RPPOMLMKOHLGFAB57DA,46.57,3.99,10.33,有,
南區,房地(土地+建物)+車位,臺中市南區正義街３３號６樓之４,12.37,都市：其他:第一種商業區,,,1150612,土地1建物1車位1,六層,十一層,住宅大樓(11層含以上有電梯),住家用,鋼筋混凝土造,0681004,109.02,2,2,2,有,有,6100000,55953,坡道平面,0.0,0,,RPSOMLNJQHLGFAB08DA,109.02,0.0,0.0,有,
南區,房地(土地+建物)+車位,臺中市南區建國南路一段２４８號十二樓之５,9.99,都市：其他:第三種住宅區。,,,1150614,土地1建物1車位1,十二層,十四層,住宅大樓(11層含以上有電梯),住家用,鋼筋混凝土造,0890505,106.03,2,2,1,有,有,9380000,88466,坡道平面,16.67,0,其他增建；,RPSNMLSKQHLGFAB58DA,54.17,0.0,8.86,有,
北屯區,房地(土地+建物)+車位,臺中市北屯區昌平東六路４６６號十二樓之５,37.76,都市：其他:第一之一種住宅區,,,1150620,土地1建物1車位2,十二層,十三層,住宅大樓(11層含以上有電梯),住家用,鋼筋混凝土造,1140926,195.92000000000002,3,2,2,有,有,35000000,212174,坡道平面,59.24,6000000,,RPQNMLKLOHLGFBB57DA,83.0,0.0,8.51,有,0190
北屯區,房地(土地+建物)+車位,臺中市北屯區山西路二段５１０號十樓之３,49.68,都市：其他:第一之一種住宅區,,,1150627,土地1建物1車位2,十層,十五層,住宅大樓(11層含以上有電梯),住家用,鋼筋混凝土造,1130920,229.46,3,2,2,有,有,35200000,172414,坡道平面,48.5,4000000,,RPTNMLRLOHLGFBB58DA,108.1,0.0,13.16,有,0191
北屯區,房地(土地+建物)+車位,臺中市北屯區崇德八路一段１６６號四樓之３,20.85,都市：其他:第三種住宅區。,,,1150628,土地1建物1車位1,四層,十五層,住宅大樓(11層含以上有電梯),住家用,鋼筋混凝土造,1090806,159.23,3,2,2,有,有,23400000,166420,坡道平面,30.64,2000000,其他增建；,RPQNMLSLOHLGFBB38DA,78.31,0.0,8.9,有,0192
北屯區,房地(土地+建物)+車位,臺中市北屯區敦富一街３６６號四樓之５,22.42,都市：其他:第二之一種住宅區,,,1150624,土地1建物1車位1,四層,十七層,住宅大樓(11層含以上有電梯),住家用,鋼筋混凝土造,1150318,156.21,3,2,2,有,有,20390000,147728,坡道平面,32.74,2150000,,RPWNMLPLQHLGFBB88DA,75.09,0.0,6.61,有,
北屯區,建物,臺中市北屯區水湳路１４５之６號之１,0.0,,,,1150629,土地0建物1車位0,全,五層,透天厝,住家用,鋼筋混凝土造,1130719,281.67,21,1,21,有,無,25000000,88756,,0.0,0,僅有建物交易；建物坐落地號：仁和段1609地號；親友、員工、共有人或其他特殊關係間之交易；,RPTPMLRLQHLGFBB98DA,254.32,0.0,27.35,有,
北屯區,房地(土地+建物)+車位,臺中市北屯區建和路一段４１８號二樓之３,23.57,都市：其他:第二種住宅區,,,1150628,土地2建物1車位2,二層,十四層,住宅大樓(11層含以上有電梯),住家用,鋼筋混凝土造,1021011,159.03,3,2,2,有,有,11000000,69169,坡道機械,31.28,0,親友、員工、共有人或其他特殊關係間之交易；,RPSPMLSLQHLGFBB98DA,74.42,2.24,9.33,有,0193
北屯區,房地(土地+建物)+車位,臺中市北屯區梅川西路四段２９２號１５樓之９,14.6,都市：其他:第二種住宅區,,,1150628,土地1建物1車位1,十五層,二十一層,住宅大樓(11層含以上有電梯),住家用,鋼筋混凝土造,0860902,171.88,3,2,2,有,有,13500000,78543,坡道平面,30.31,0,,RPVPMLSLQHLGFBB66DA,87.97,0.0,12.25,有,
南屯區,房地(土地+建物)+車位,臺中市南屯區春安路１１５號八樓之３,16.72,都市：其他:第五種住宅區,,,1150628,土地1建物1車位2,八層,二十四層,住宅大樓(11層含以上有電梯),住家用,鋼筋混凝土造,1111028,204.12,3,2,2,有,有,17500000,85734,坡道平面,69.68,0,,RPSQMLQJPHLGFCB68DA,79.87,0.0,9.72,有,0194
南屯區,房地(土地+建物),臺中市南屯區大光街１１４號六樓之１,7.09,都市：其他:第三之一種商業區,,,1150616,土地1建物1車位0,六層,七層,華廈(10層含以下有電梯),住家用,鋼筋混凝土造,0800125,38.89,1,1,1,有,有,4250000,109283,,0.0,0,陽台外推；,RPUQMLQJPHLGFCB88DA,24.14,0.0,2.62,有,0195
西屯區,房地(土地+建物),臺中市西屯區國安一路２０８巷１８號八樓之３,33.81,都市：其他:第六種住宅區,,,1150625,土地1建物1車位0,八層,十二層,住宅大樓(11層含以上有電梯),住家用,鋼筋混凝土造,0850615,155.56,4,2,2,有,有,9950000,63962,,0.0,0,其他增建；,RPQNMLQKPHLGFCB28DA,94.72,3.17,7.87,有,
南屯區,房地(土地+建物)+車位,臺中市南屯區嶺東南路１５１之２號三樓之６,15.65,都市：其他:第五種住宅區,,,1150608,土地1建物1車位1,三層,十五層,住宅大樓(11層含以上有電梯),住家用,鋼筋混凝土造,1110602,142.76,3,2,2,有,有,13980000,97927,坡道平面,30.79,0,,RPPOMLOKQHLGFCB18DA,68.6,0.0,6.96,有,0196
西屯區,土地,生態段183地號,185.24,都市：其他:第一種生態住宅專用區,,,1150610,土地1建物0車位0,,,其他,,,,0.0,0,0,0,無,無,29580000,159685,,0.0,0,,RPOPMLLLQHLGFCB97DA,0.0,0.0,0.0,無,
西屯區,土地,生態段183-1地號,185.85,都市：其他:第一種生態住宅專用區,,,1150610,土地1建物0車位0,,,其他,,,,0.0,0,0,0,無,無,29678880,159693,,0.0,0,,SPOPMLLLQHLGFCB08DA,0.0,0.0,0.0,無,
西屯區,土地,生態段183-2地號,254.81,都市：其他:第一種生態住宅專用區,,,1150610,土地1建物0車位0,,,其他,,,,0.0,0,0,0,無,無,40698000,159719,,0.0,0,,TPOPMLLLQHLGFCB18DA,0.0,0.0,0.0,無,
西屯區,土地,生態段183-3地號,375.15,都市：其他:第一種生態住宅專用區,,,1150610,土地2建物0車位0,,,其他,,,,0.0,0,0,0,無,無,59917000,159715,,0.0,0,,UPOPMLLLQHLGFCB28DA,0.0,0.0,0.0,無,
西屯區,房地(土地+建物)+車位,臺中市西屯區龍吉街１７號,159.19,都市：其他:第一之A種住宅區,,,1150615,土地1建物1車位2,全,五層,透天厝,住家用,鋼筋混凝土造,1040825,329.64,0,0,0,無,有,52000000,157748,坡道平面,29.14,0,,RPQNMLLJRHLGFCB87DA,298.82,0.0,30.82,有,
神岡區,土地,岸裡段1151-5地號,882.18,都市：其他:乙種工業區,,,1150605,土地7建物0車位0,,,其他,,,,0.0,0,0,0,無,無,73600000,83430,,0.0,0,本案土地共7筆，台中市神岡區岸裡段1147-2、1147-3等貳筆地號土地價格為2640萬元整，岸裡段1151-5、1151-2、1153-4、1257、1257-10等伍筆地號之土地價格為4720萬元整。,RPSNMLQLQHLGFDB78DA,0.0,0.0,0.0,無,0197
沙鹿區,土地,文光段848-1地號,137.72,都市：其他:第四種住宅區,,,1150630,土地1建物0車位0,,,其他,,,,0.0,0,0,0,無,無,10415075,75625,,0.0,0,親友、員工、共有人或其他特殊關係間之交易；未登記建物；,RPPNMLRLOHLGFFB58DA,0.0,0.0,0.0,無,
梧棲區,土地,忠孝段162-14地號,293.0,都市：其他:第四種住宅區,,,1150625,土地1建物0車位0,,,其他,,,,0.0,0,0,0,無,無,22770000,77713,,0.0,0,,RPPOMLMKQHLGFFB28DA,0.0,0.0,0.0,無,
清水區,房地(土地+建物)+車位,臺中市清水區港都五路２８號十五樓之１,15.14,都市：其他:第四種商業區,,,1150615,土地1建物1車位1,十五層,十五層,住宅大樓(11層含以上有電梯),住家用,鋼筋混凝土造,1140414,172.17,3,2,2,有,有,13000000,80163,坡道平面,24.97,1200000,,RPSNMLLJRHLGFFB38DA,87.74,0.0,10.97,有,
大雅區,房地(土地+建物),臺中市大雅區田心二街５０巷１６號,74.0,都市：其他:農業區,,,1150627,土地1建物1車位0,全,三層,透天厝,住家用,鋼筋混凝土造,0820820,160.91,4,3,3,有,無,10900000,67740,,0.0,0,頂樓加蓋；其他增建；,RPVNMLKLPHLGFHB78DA,148.73,4.62,7.56,無,
潭子區,房地(土地+建物)+車位,臺中市潭子區興華一路１１３號七樓之２,31.5,都市：其他:住宅區,,,1150618,土地1建物1車位2,七層,十五層,住宅大樓(11層含以上有電梯),住家用,鋼筋混凝土造,1141216,223.72,4,2,2,有,有,23660000,119610,坡道平面,57.68,3800000,,RPQNMLLMQHLGFHB58DA,94.33,0.0,14.59,有,
太平區,房地(土地+建物),臺中市太平區新福十六街４５號十樓之２,15.39,都市：其他:商業區,,,1150625,土地1建物1車位0,十層,十三層,住宅大樓(11層含以上有電梯),住家用,鋼筋混凝土造,0871229,103.9,3,2,2,有,有,7380000,71030,,0.0,0,其他增建；,RPSNMLSLPHLGFJB86DA,72.46,0.0,9.44,有,
太平區,房地(土地+建物)+車位,臺中市太平區立智街１０８號九樓之１,13.22,都市：其他:商業區,,,1150625,土地1建物1車位1,九層,十四層,住宅大樓(11層含以上有電梯),住家用,鋼筋混凝土造,1020731,122.84,2,2,1,有,有,10280000,83686,坡道機械,18.19,0,,RPUNMLPLQHLGFJB86DA,64.79,1.45,5.25,有,0198
太平區,房地(土地+建物)+車位,臺中市太平區新興二街１３０號九樓之３,15.97,都市：其他:住宅區,,,1150626,土地1建物1車位1,九層,十四層,住宅大樓(11層含以上有電梯),住家用,鋼筋混凝土造,1030106,128.69,2,2,2,有,有,11700000,108476,坡道平面,34.66,1500000,其他增建；,RPPNMLLMQHLGFJB78EA,55.83,2.28,6.45,有,
中區,房地(土地+建物),臺中市中區自由路二段１３５號八樓之１０,3.34,都市：其他:第二種商業區,,,1150630,土地2建物1車位0,八層,十一層,住宅大樓(11層含以上有電梯),商業用,鋼骨混凝土造,0680207,29.560000000000002,1,1,1,有,有,2500000,84574,,0.0,0,,RPUPMLLLPHLGFAB28DA,26.01,0.0,0.0,有,0199
南區,房地(土地+建物)+車位,臺中市南區美村南路９１號３樓,16.95,都市：其他:第三種住宅區。,,,1150624,土地1建物1車位1,三層,十二層,住宅大樓(11層含以上有電梯),住家用,鋼筋混凝土造,0830511,147.57,4,2,2,有,有,12380000,83887,坡道平面,0.0,0,其他增建；,RPTOMLOJQHLGFAB28DA,95.56,0.0,11.51,有,
東區,房地(土地+建物)+車位,臺中市東區進化路１８３號九樓之５,20.89,都市：其他:第三種住宅區。,,,1150628,土地2建物1車位1,九層,十四層,住宅大樓(11層含以上有電梯),住家用,鋼筋混凝土造,1090428,154.60000000000002,3,2,2,有,有,16800000,108668,坡道平面,33.96,0,,RPVRMLKKQHLGFAB48DA,74.6,0.0,7.85,有,0200
中區,房地(土地+建物),臺中市中區興中街１６巷２號,48.0,都市：其他:市場用地,,,1150611,土地1建物1車位0,全,二層,透天厝,商業用,木造,,85.84,0,2,1,有,無,7000000,81547,,0.0,0,,RPOPMLSKQHLGFAB38DA,85.84,0.0,0.0,無,0201
北屯區,房地(土地+建物),臺中市北屯區后庄七街２６０巷２６弄２８號,100.36,都市：其他:第二種住宅區,,,1150610,土地2建物1車位0,全,四層,透天厝,住家用,鋼筋混凝土造,0940425,211.99,4,3,3,有,無,26200000,123591,,0.0,0,頂樓加蓋；,RPUOMLLKOHLGFBB08DA,179.71,2.5,29.78,無,
北屯區,房地(土地+建物),臺中市北屯區崇德路三段１００２巷３８弄８６號,65.39,都市：其他:農業區,,,1150607,土地2建物1車位0,全,四層,透天厝,農業用,鋼筋混凝土造,0941206,167.87,3,2,3,有,無,19800000,117948,,0.0,0,陽台外推；,RPQOMLSKOHLGFBB38DA,143.35,0.0,24.52,無,0202
北屯區,房地(土地+建物),臺中市北屯區文昌東十街２５號２樓之２,23.19,都市：其他:第二種住宅區,,,1150616,土地1建物1車位0,二層,五層,公寓(5樓含以下無電梯),住家用,鋼筋混凝土造,0771229,99.09,3,2,2,有,無,6250000,63074,,0.0,0,,RPPPMLKLPHLGFBB77DA,73.65,0.0,11.76,無,0203
北屯區,房地(土地+建物),臺中市北屯區和祥街１５９巷５號,83.45,都市：其他:第二種住宅區,,,1150626,土地3建物1車位0,全,二層,透天厝,住家用,加強磚造,0690819,102.1,2,2,2,有,無,9300000,91087,,0.0,0,頂樓加蓋；其他增建；,RPPNMLMLPHLGFBB77DA,102.1,0.0,0.0,無,0204
北屯區,房地(土地+建物)+車位,臺中市北屯區文昌東十二街３８號六樓之１,25.19,都市：其他:第三種住宅區。,,,1150626,土地1建物1車位2,六層,十一層,住宅大樓(11層含以上有電梯),住家用,鋼筋混凝土造,1130418,195.5,3,2,2,有,有,21900000,139294,坡道平面,65.2,3750000,買賣總價2190萬元整，其中建物價款943.8萬元整，土地價款871.2萬元整，兩個車位價款共375萬元整。,RPSOMLSLPHLGFBB78DA,77.03,0.0,7.89,有,
北屯區,房地(土地+建物)+車位,臺中市北屯區文心路四段２８３號十一樓之３,28.01,都市：其他:第三種住宅區。,,,1150621,土地1建物1車位2,十一層,十八層,住宅大樓(11層含以上有電梯),住家用,鋼筋混凝土造,1070628,254.82,3,2,2,有,有,34250000,134409,坡道平面,56.84,0,,RPROMLTLPHLGFBB78DA,104.46,12.56,12.6,有,0205
北屯區,房地(土地+建物)+車位,臺中市北屯區敦富一街１６８號九樓之６,15.62,都市：其他:第二之一種住宅區,,,1150607,土地1建物1車位1,九層,十二層,住宅大樓(11層含以上有電梯),住家用,鋼筋混凝土造,1130527,104.24,2,2,1,有,有,13600000,130468,坡道平面,29.33,0,,RPUQMLMKQHLGFBB58DA,44.72,0.0,4.86,有,0206
北屯區,房地(土地+建物)+車位,臺中市北屯區松竹路二段１７８巷３３號七樓之１,46.41,都市：其他:第二種住宅區,,,1150620,土地2建物1車位2,七層,十三層,住宅大樓(11層含以上有電梯),住家用,鋼筋混凝土造,1060218,265.90999999999997,4,2,2,有,有,29900000,112444,坡道平面,46.32,0,,RPRUNLOKQHLGFBB98DA,131.21,0.0,18.23,有,0207
北屯區,土地,大學段225-7地號,1559.4,都市：其他:農業區,,,1150608,土地1建物0車位0,,,其他,,,,0.0,0,0,0,無,無,11680000,7490,,0.0,0,,RPQNMLSLQHLGFBB58DA,0.0,0.0,0.0,無,
北屯區,土地,陳平段780-6地號,20.0,都市：其他:道路用地,,,1150617,土地1建物0車位0,,,其他,,,,0.0,0,0,0,無,無,907500,45375,,0.0,0,包含公共設施保留地用地；,RPQNMLTLQHLGFBB68DA,0.0,0.0,0.0,無,
北區,房地(土地+建物),臺中市北區國強街４８巷９號,63.9,都市：其他:第二種住宅區,,,1150618,土地1建物1車位0,全,二層,透天厝,住家用,鋼筋混凝土加強磚造,0620830,60.48,4,0,4,有,無,7650000,126488,,0.0,0,親友、員工、共有人或其他特殊關係間之交易；,RPTOMLLMQHLGFBB38DA,60.48,0.0,0.0,無,0208
北屯區,房地(土地+建物)+車位,臺中市北屯區北屯路４０９之１２號二樓,27.11,都市：其他:第二種住宅區,,,1150630,土地2建物1車位1,二層,二十五層,住宅大樓(11層含以上有電梯),住家用,鋼筋混凝土造,1040826,210.92000000000002,3,2,2,有,有,20400000,96719,坡道平面,32.06,0,,RPVOMLLMQHLGFBB58DA,112.01,0.0,9.37,有,
北區,房地(土地+建物)+車位,臺中市北區三民路三段２６５號６樓之１,15.6,都市：其他:第二種住宅區,,,1150613,土地2建物1車位1,六層,七層,華廈(10層含以下有電梯),住家用,鋼筋混凝土造,0910322,140.61,3,2,2,有,有,12800000,91032,坡道機械,17.47,0,,RPVPMLLMQHLGFBB68DA,81.68,0.0,10.19,有,0209
西屯區,房地(土地+建物)+車位,臺中市西屯區臺灣大道四段１２１８號四樓之２,13.27,都市：其他:第三之一種住宅區,,,1150629,土地1建物1車位1,四層,二十六層,住宅大樓(11層含以上有電梯),住家用,鋼筋混凝土造,0980506,199.2,3,2,2,有,有,21600000,115345,坡道平面,24.94,1500000,其他增建；,RPOSMLQKPHLGFCB58DA,106.13,1.51,14.42,有,
西屯區,房地(土地+建物)+車位,臺中市西屯區智惠街４６號六樓之１,25.95,都市：其他:第二種住宅區,,,1150612,土地1建物1車位1,六層,七層,華廈(10層含以下有電梯),住家用,鋼筋混凝土造,1140814,133.78,3,2,2,有,有,20000000,180587,坡道平面,36.32,2400000,,RPQOMLOKQHLGFCB28DA,56.46,0.0,5.57,有,
南屯區,房地(土地+建物)+車位,臺中市南屯區嶺東南路１８１號十樓之７,16.66,都市：其他:第五種住宅區,,,1150628,土地1建物1車位1,十層,十五層,住宅大樓(11層含以上有電梯),住家用,鋼筋混凝土造,1060315,160.49,3,2,2,有,有,15950000,99383,坡道平面,34.1,0,,RPUOMLKLQHLGFCB38DA,73.38,3.06,7.96,有,0210
南屯區,房地(土地+建物),臺中市南屯區大進街５３６之１３號五樓,12.46,都市：其他:第二種住宅區,,,1150621,土地1建物1車位0,五層,十四層,住宅大樓(11層含以上有電梯),住家用,鋼筋混凝土造,0830616,118.03,3,2,2,有,有,11270000,95484,,0.0,0,,RPSNMLPLQHLGFCB58DA,85.02,2.28,9.78,有,
南屯區,房地(土地+建物)+車位,臺中市南屯區文心南三路５６９號十二樓之２,26.28,都市：其他:第一種商業區,,,1150627,土地1建物1車位2,十二層,二十一層,住宅大樓(11層含以上有電梯),住家用,鋼筋混凝土造,1051203,266.05,3,2,2,有,有,36580000,137493,坡道平面,64.34,0,,RPRNMLLJRHLGFCB97DA,117.32,3.97,14.2,有,0211
西屯區,房地(土地+建物),臺中市西屯區長安路二段７０巷９號,90.92,都市：其他:第二種住宅區,,,1150628,土地2建物1車位0,全,三層,透天厝,住商用,鋼筋混凝土造,0720728,210.89,5,2,2,有,無,7500000,35564,,0.0,0,親友、員工、共有人或其他特殊關係間之交易；頂樓加蓋；,RPTPMLLJRHLGFCB38DA,197.53,0.0,13.36,無,
豐原區,土地,萬年段219地號,179.37,都市：其他:第一之二種住宅區,,,1150602,土地3建物0車位0,,,其他,,,,0.0,0,0,0,無,無,1085200,6050,,0.0,0,,RPRNMLRKQHLGFDB68DA,0.0,0.0,0.0,無,
梧棲區,房地(土地+建物)+車位,臺中市梧棲區臨港路四段５９０號五樓之１０,17.26,都市：其他:第四種商業區,,,1150627,土地1建物1車位1,五層,二十四層,住宅大樓(11層含以上有電梯),住家用,鋼筋混凝土造,1131216,200.54000000000002,4,2,2,有,有,12300000,61334,坡道平面,26.13,0,,RPPNMLRLQHLGFFB78DA,100.88,1.48,14.59,有,0212
潭子區,房地(土地+建物),臺中市潭子區中山路一段９號十八樓之２,11.56,都市：其他:第一之一種住宅區,,,1150627,土地1建物1車位0,十八層,二十五層,住宅大樓(11層含以上有電梯),住家用,鋼筋混凝土造,0831205,123.64999999999999,3,2,2,有,有,8700000,70360,,0.0,0,,RPSNMLLMQHLGFHB78DA,83.45,1.79,11.36,有,
烏日區,房地(土地+建物)+車位,臺中市烏日區健行南路３３號六樓之５,27.83,都市：其他:第二種住宅區,,,1150621,土地1建物1車位1,六層,十二層,住宅大樓(11層含以上有電梯),住家用,鋼筋混凝土造,1020527,145.07999999999998,3,2,2,有,有,13250000,91329,坡道平面,25.27,0,,RPXNMLQJPHLGFIB86DA,69.79,2.33,10.27,有,
霧峰區,房地(土地+建物),臺中市霧峰區大坑巷４３之３０號,109.49,,特定農業區,甲種建築用地,1150615,土地6建物1車位0,全,四層,透天厝,住家用,鋼筋混凝土造,1141107,190.56,5,2,4,有,無,15250000,80027,,0.0,0,其他增建；,RPQNMLLMQHLGFIB68DA,176.8,0.0,13.76,無,
太平區,土地,頭汴坑段3318地號,5231.0,,山坡地保育區,林業用地,1150609,土地1建物0車位0,,,其他,,,,0.0,0,0,0,無,無,800000,153,,0.0,0,,RPSNMLMJRHLGFJB88DA,0.0,0.0,0.0,無,
南區,房地(土地+建物),臺中市南區工學路１２６巷２號,16.95,都市：其他:第三種住宅區。,,,1150620,土地2建物1車位0,一層，二層,十七層,住宅大樓(11層含以上有電梯),商業用,鋼筋混凝土造,0841130,120.08000000000001,2,2,2,有,有,8150000,67871,,0.0,0,其他增建；包含公共設施保留地用地；,RPPNMLLJRHLGFAB67EA,81.22,6.26,4.0,有,
南區,房地(土地+建物)+車位,臺中市南區三民西路２９９之１號二樓,15.05,都市：其他:第一種商業區,,,1150619,土地3建物1車位1,二層,十四層,住宅大樓(11層含以上有電梯),住家用,鋼筋混凝土造,0960703,166.94,4,2,2,有,有,14400000,86259,坡道平面,17.11,0,陽台外推；,RPQNMLQJQHLGFAB08DA,92.56,0.8,14.78,有,
北屯區,房地(土地+建物)+車位,臺中市北屯區太和路一段２１８號五樓之１,21.8,都市：其他:第三種住宅區。,,,1150628,土地1建物1車位1,五層,十二層,住宅大樓(11層含以上有電梯),住家用,鋼筋混凝土造,1120618,130.17,2,2,2,有,有,13200000,101406,坡道平面,32.62,0,,RPPRMLSKQHLGFBB78DA,60.6,0.0,5.47,有,0213
西屯區,房地(土地+建物)+車位,臺中市西屯區市政北一路２１號十七樓之５,58.27,都市：其他:第三種新市政中心專用區,,,1150622,土地1建物1車位3,十七層,二十一層,住宅大樓(11層含以上有電梯),住家用,鋼筋混凝土造,0970627,565.65,5,2,5,有,有,69000000,133694,坡道平面,100.41,6800000,其他增建；,RPOQMLOLOHLGFCB18DA,283.05,18.51,27.81,有,
豐原區,房地(土地+建物),臺中市豐原區豐勢路二段１００７巷８號,106.41,都市：其他:第一之二種住宅區,,,1150606,土地1建物1車位0,全,二層,透天厝,住家用,加強磚造,0740112,111.2,3,2,2,有,無,5200000,46763,,0.0,0,頂樓加蓋；其他增建；,RPUNMLRLPHLGFDB98DA,104.7,0.0,6.5,無,
外埔區,房地(土地+建物)+車位,臺中市外埔區長生路２３１號三樓之２,20.6,,鄉村區,乙種建築用地,1150605,土地2建物1車位1,三層,十層,華廈(10層含以下有電梯),住家用,鋼筋混凝土造,1130828,122.27000000000001,3,2,2,有,有,6600000,53979,升降機械,12.1,0,親友、員工、共有人或其他特殊關係間之交易；,RPSPMLLJRHLGFEB48DA,79.5,0.0,7.29,有,0214
沙鹿區,房地(土地+建物),臺中市沙鹿區自強路５４５巷３７弄１６號,96.16,都市：其他:第二種住宅區,,,1150626,土地4建物1車位0,全,三層,透天厝,住家用,鋼筋混凝土造,1050604,150.38,4,2,3,有,有,13000000,86448,,0.0,0,,RPVNMLOKPHLGFFB88DA,144.77,0.0,5.61,無,
烏日區,房地(土地+建物)+車位,臺中市烏日區三榮三路１１號七樓之１,39.04,都市：其他:第二種住宅區,,,1150627,土地1建物1車位1,七層,十三層,住宅大樓(11層含以上有電梯),住家用,鋼筋混凝土造,1090120,165.67000000000002,4,2,2,有,有,15350000,92654,坡道平面,33.13,0,,RPSNMLLJRHLGFIB68DA,81.84,0.0,6.97,有,0215
烏日區,房地(土地+建物)+車位,臺中市烏日區中山路三段４３６號十四樓之９,15.19,都市：其他:商業區,,,1150628,土地1建物1車位1,十四層,十五層,住宅大樓(11層含以上有電梯),住家用,鋼筋混凝土造,1120822,122.73,2,2,1,有,有,11460000,93376,坡道平面,33.2,0,,RPPNMLMJRHLGFIB48DA,55.05,0.0,4.19,有,0216
龍井區,房地(土地+建物),臺中市龍井區南社路二段１１７巷３１號,112.5,都市：其他:第二種住宅區,,,1150617,土地2建物1車位0,全,三層,透天厝,住家用,鋼筋混凝土造,1011119,180.86,4,2,4,有,有,18800000,103948,,0.0,0,其他增建；,RPPNMLPJQHLGFKB88DA,170.67,0.0,10.19,有,
北屯區,房地(土地+建物)+車位,臺中市北屯區南興路８６８號十樓之６,23.48,都市：其他:第二之一種住宅區,,,1150607,土地1建物1車位1,十層,十四層,住宅大樓(11層含以上有電梯),住家用,鋼筋混凝土造,1121206,187.44,3,2,2,有,有,22000000,117371,坡道平面,26.64,0,,RPWNMLRJQHLGFBB88DA,94.61,2.55,11.02,有,0217
北屯區,房地(土地+建物)+車位,臺中市北屯區平興街７７號,79.42,都市：其他:第二種住宅區,,,1150627,土地2建物1車位1,全,四層,透天厝,住家用,鋼筋混凝土造,0920903,222.12,3,3,4,有,有,20680000,93103,一樓平面,0.0,0,公契與私契權利人不一,RPSOMLRJQHLGFBB58DA,208.26,0.0,12.56,無,
北屯區,房地(土地+建物)+車位,臺中市北屯區太順一街５９號二樓之３,17.21,都市：其他:第三種住宅區。,,,1150613,土地1建物1車位1,二層,十一層,住宅大樓(11層含以上有電梯),住家用,鋼筋混凝土造,1140115,100.41,2,2,1,有,有,9500000,102165,坡道機械,18.19,1100000,,RPTNMLRLQHLGFBB78DA,47.54,0.0,5.7,有,
北屯區,房地(土地+建物)+車位,臺中市北屯區瀋陽路一段５１號３樓,13.28,都市：其他:第二種住宅區,,,1150609,土地1建物1車位2,三層,十四層,住宅大樓(11層含以上有電梯),住家用,鋼筋混凝土造,0830718,173.54,4,2,2,有,有,11800000,67996,升降機械,0.0,0,陽台外推；,RPPOMLSLQHLGFBB58DA,102.77,0.55,21.82,有,
南屯區,土地,楓樹段132地號,157.5,都市：其他:道路用地,,,1150604,土地3建物0車位0,,,其他,,,,0.0,0,0,0,無,無,18104625,114950,,0.0,0,未登記建物；,RPOUMLOJOHLGFCB38DA,0.0,0.0,0.0,無,0218
西屯區,房地(土地+建物)+車位,臺中市西屯區工業區一路５８巷１號八樓之７,12.92,都市：其他:第三種住宅區。,,,1150614,土地1建物1車位1,八層,十四層,住宅大樓(11層含以上有電梯),住家用,鋼筋混凝土造,0940818,141.42,3,2,2,有,有,14660000,110092,坡道機械,15.98,850000,其他增建；,RPRNMLOKOHLGFCB08DA,79.31,1.51,10.56,有,
西屯區,房地(土地+建物)+車位,臺中市西屯區臺灣大道四段１２７０號十二樓之３,5.34,都市：其他:第一之一種住宅區,,,1150629,土地1建物1車位1,十二層,二十六層,住宅大樓(11層含以上有電梯),住家用,鋼筋混凝土造,0990112,92.08,1,1,1,有,有,9750000,105886,坡道機械,13.86,0,,RPPNMLPKPHLGFCB08DA,44.63,0.0,8.49,有,0219
西屯區,房地(土地+建物)+車位,臺中市西屯區西苑路２９號十七樓之３,41.52,都市：其他:第二種住宅區,,,1150627,土地1建物1車位2,十七層,十八層,住宅大樓(11層含以上有電梯),住家用,鋼筋混凝土造,1040608,329.02,2,2,3,有,有,39500000,120053,坡道平面,62.96,0,陽台外推；,RPURMLNKQHLGFCB88DA,144.99,0.0,33.49,有,0220
西屯區,房地(土地+建物)+車位,臺中市西屯區惠中三街５６號二十四樓之３,7.06,都市：其他:第七種新市政中心專用區,,,1150630,土地1建物1車位1,二十四層,二十七層,住宅大樓(11層含以上有電梯),住家用,鋼骨鋼筋混凝土造、鋼筋混凝土造,1150622,109.79,2,2,2,有,有,20630000,230799,坡道平面,31.67,2600000,預售屋、或土地及建物分件登記案件；,RPWNMLKLQHLGFCB48DA,46.2,0.0,4.57,有,
西屯區,房地(土地+建物)+車位,臺中市西屯區福星北路８２巷３７號六樓之３,19.45,都市：其他:第二種創新研發專用區,,,1150622,土地1建物1車位1,六層,九層,華廈(10層含以下有電梯),住家用,鋼筋混凝土造,1111124,111.88,2,2,2,有,有,15100000,134966,坡道平面,34.63,0,,RPVOMLLLQHLGFCB58DA,45.64,0.0,4.52,有,0221
外埔區,房地(土地+建物),臺中市外埔區水美路２２之５號,102.38,,特定農業區,甲種建築用地,1150628,土地5建物1車位0,全,四層,透天厝,住家用,鋼筋混凝土造,1141013,185.22,4,3,3,有,無,13500000,72886,,0.0,0,,RPRNMLLMPHLGFEB28DA,170.97,0.0,14.25,無,
潭子區,房地(土地+建物),臺中市潭子區潭富路二段萬豐巷１５號,124.13,都市：其他:第一之一種住宅區,,,1150626,土地1建物1車位0,全,一層,透天厝,住家用,磚造,0630401,70.49,7,0,7,有,無,10690000,151653,,0.0,0,頂樓加蓋；其他增建；,RPRNMLSLQHLGFHB66DA,70.49,0.0,0.0,無,0222
烏日區,房地(土地+建物),臺中市烏日區中華路２０３巷２２弄１７號,81.1,都市：其他:第三種住宅區。,,,1150624,土地1建物1車位0,全,三層,透天厝,住家用,鋼筋混凝土造,0770526,151.36,4,3,3,有,無,14900000,98441,,0.0,0,其他增建；,RPRNMLQJPHLGFIB88DA,139.83,4.16,7.37,無,
梧棲區,房地(土地+建物)+車位,臺中市梧棲區文明街２３６號十三樓之７,31.86,都市：其他:第四種住宅區,,,1150612,土地1建物1車位1,十三層,十三層,住宅大樓(11層含以上有電梯),住家用,鋼筋混凝土造,1131024,150.91,3,2,2,有,有,15050000,109794,坡道平面,25.22,1250000,,RPQNMLMJRHLGFFB38EA,75.15,0.0,6.54,有,
南區,房地(土地+建物)+車位,臺中市南區忠明南路９３６號十五樓之一,17.6,都市：其他:第三種住宅區。,,,1150621,土地1建物1車位1,十五層,十五層,住宅大樓(11層含以上有電梯),住家用,鋼筋混凝土造,1021108,170.89,3,2,2,有,有,17800000,104161,坡道機械,14.89,0,,RPTOMLSKQHLGFAB78DA,90.01,4.62,8.27,有,
南區,房地(土地+建物)+車位,臺中市南區復興北路８０１巷６８號三樓之７,24.33,都市：其他:第二種住宅區,,,1150614,土地1建物1車位1,三層,十二層,住宅大樓(11層含以上有電梯),住家用,鋼筋混凝土造,1070223,129.32999999999998,2,2,1,有,有,13550000,104771,坡道平面,24.17,0,,RPPNMLMLQHLGFAB77DA,60.47,4.43,4.21,有,0223
西區,房地(土地+建物)+車位,臺中市西區中美街１３９號十一樓之２,55.68,都市：其他:第二種住宅區,,,1150602,土地1建物1車位2,十一層,十一層,住宅大樓(11層含以上有電梯),住家用,鋼筋混凝土造,1050629,356.05,3,2,3,有,有,37500000,111173,坡道平面,52.92,3800000,土地價金：20625000元整建物價金：13075000元整。車位未拆分個別價格。,RPQPMLMJRHLGFAB97DA,170.75,13.46,18.82,有,
北屯區,房地(土地+建物)+車位,臺中市北屯區四平路２３８巷１３號七樓之１,55.12,都市：其他:第二種住宅區,,,1150615,土地1建物1車位2,七層，八層,十三層,住宅大樓(11層含以上有電梯),住家用,鋼筋混凝土造,0800115,418.75,5,3,4,有,有,18150000,43344,坡道平面,0.0,0,陽台外推；,RPTNMLRJPHLGFBB48DA,249.18,6.64,43.61,有,
北屯區,房地(土地+建物)+車位,臺中市北屯區太順一街５９號九樓之３,17.21,都市：其他:第三種住宅區。,,,1150617,土地1建物1車位2,九層,十一層,住宅大樓(11層含以上有電梯),住家用,鋼筋混凝土造,1140115,118.6,2,2,1,有,有,11580000,118949,坡道機械,36.38,1800000,車位總價未拆分個別車位之價款。,RPQNMLMLPHLGFBB87DA,47.54,0.0,5.7,有,
北屯區,房地(土地+建物)+車位,臺中市北屯區環太東路４６３號十三樓之８,19.37,都市：其他:第三種住宅區。,,,1150628,土地1建物1車位1,十三層,十五層,住宅大樓(11層含以上有電梯),住家用,鋼筋混凝土造,1090820,122.74,2,2,1,有,有,10600000,86361,坡道平面,23.87,0,,RPRPMLQJQHLGFBB48DA,58.4,0.0,7.29,有,0224
北屯區,房地(土地+建物)+車位,臺中市北屯區敦富路６１１號十九樓之３,16.77,都市：其他:第二之一種住宅區,,,1150625,土地1建物1車位1,十九層,十九層,住宅大樓(11層含以上有電梯),住家用,鋼筋混凝土造,1091117,133.06,2,2,2,有,有,15350000,115361,坡道平面,36.2,0,,RPWQMLQJQHLGFBB09DA,58.29,0.9,5.49,有,0225
北屯區,房地(土地+建物),臺中市北屯區南興二路２１號,73.0,都市：其他:住宅區,,,1150619,土地1建物1車位0,全,四層,透天厝,住家用,ＲＣ造,0921203,163.0,3,3,3,有,無,21000000,128834,,0.0,0,陽台外推；其他增建；,RPXNMLMKQHLGFBB58DA,147.82,0.0,15.18,無,
北屯區,房地(土地+建物)+車位,臺中市北屯區敦富一街２６５號八樓之２,18.86,都市：其他:第二種商業區,,,1150614,土地1建物1車位2,八層,十五層,住宅大樓(11層含以上有電梯),住家用,鋼筋混凝土造,1121104,221.64999999999998,4,2,2,有,有,20920000,94383,坡道平面,55.09,0,,RPUNMLOLQHLGFBB58DA,101.75,0.0,10.57,有,0226
北區,房地(土地+建物),臺中市北區學士路１９６巷２３之４號,25.04,都市：其他:第二種住宅區,,,1150619,土地1建物1車位0,五層,五層,公寓(5樓含以下無電梯),住家用,鋼筋混凝土造,0690304,73.68,3,2,1,有,無,4320000,58632,,0.0,0,頂樓加蓋；,RPPRMLNJRHLGFBB28DA,73.68,0.0,0.0,無,
南屯區,房地(土地+建物)+車位,臺中市南屯區建功路７７號二樓之１０,9.39,都市：其他:第五種住宅區,,,1150624,土地1建物1車位1,二層,二十四層,住宅大樓(11層含以上有電梯),住家用,鋼筋混凝土造,1130704,109.07,2,2,1,有,有,10060000,92234,坡道平面,29.11,0,,RPQOMLSJPHLGFCB48DA,47.09,0.0,5.97,有,0227
西屯區,房地(土地+建物)+車位,臺中市西屯區重慶路３２２號四樓之３,9.73,都市：其他:第一種商業區,,,1150627,土地1建物1車位1,四層,十五層,住宅大樓(11層含以上有電梯),住家用,鋼筋混凝土造,0840401,98.77,2,2,2,有,有,9100000,92133,坡道機械,0.0,0,,RPOQMLKLQHLGFCB97DA,61.1,0.7,7.5,有,
西屯區,房地(土地+建物),臺中市西屯區臺灣大道三段６９９號十三樓之１１,11.04,都市：其他:第四之一種商業區,,,1150628,土地1建物1車位0,十三層,二十四層,住宅大樓(11層含以上有電梯),住家用,鋼筋混凝土造,0980914,113.74,2,2,1,有,有,10800000,94953,,0.0,0,,RPPNMLQJRHLGFCB28DA,64.61,3.52,7.08,有,
大甲區,房地(土地+建物),臺中市大甲區雁門路２９３巷４７號,84.69,都市：其他:住宅區,,,1150627,土地1建物1車位0,全,四層,透天厝,住家用,鋼筋混凝土造,0900423,145.46,5,2,3,有,無,12000000,82497,,0.0,0,其他增建；,RPTNMLRJQHLGFEB88DA,124.69,7.35,13.42,無,
大肚區,房地(土地+建物)+車位,臺中市大肚區平等街１２５號七樓,26.14,都市：其他:住宅區,,,1150626,土地1建物1車位1,七層,八層,華廈(10層含以下有電梯),住家用,鋼筋混凝土造,0830601,159.7,3,2,2,有,有,7600000,47589,坡道平面,0.0,0,陽台外推；,RPTOMLQLQHLGFKB07DA,101.68,4.59,11.79,有,
中區,土地,柳川段二小段36-4地號,61.0,都市：其他:第一種商業區,,,1150611,土地2建物0車位0,,,其他,,,,0.0,0,0,0,無,無,11600000,190164,,0.0,0,含未辦保存建物,RPPPMLSKQHLGFAB48DA,0.0,0.0,0.0,無,
北屯區,房地(土地+建物),臺中市北屯區昌平路二段金谷巷１２弄６號,91.0,都市：其他:第二種住宅區,,,1150602,土地1建物1車位0,全,一層,透天厝,住家用,鋼筋混凝土加強磚造,0620709,50.93,0,0,1,有,無,10900000,214019,,0.0,0,增建:壹樓空地 鐵鋁窗 遮雨棚,RPXPMLNLPHLGFBB88DA,50.93,0.0,0.0,無,
北屯區,房地(土地+建物)+車位,臺中市北屯區太順路８９號六樓之６,18.86,都市：其他:第三種住宅區。,,,1150627,土地1建物1車位1,六層,十五層,住宅大樓(11層含以上有電梯),住家用,鋼筋混凝土造,1080424,154.36,3,2,2,有,有,13820000,89531,坡道平面,27.55,0,,RPSTMLOLPHLGFBB88DA,74.29,1.95,9.79,有,
北屯區,房地(土地+建物),臺中市北屯區遼寧路一段１６０巷１６號９樓,10.82,都市：其他:第二種住宅區,,,1150628,土地2建物1車位0,九層,十四層,住宅大樓(11層含以上有電梯),住家用,鋼筋混凝土造,0890218,87.29,2,2,1,有,有,8300000,95085,,0.0,0,其他增建；,RPTNMLLKQHLGFBB08DA,56.1,0.0,8.19,有,
北屯區,房地(土地+建物)+車位,臺中市北屯區興安路二段７９號三樓,33.4,都市：其他:第二種住宅區,,,1150607,土地1建物1車位1,三層,十一層,住宅大樓(11層含以上有電梯),住家用,鋼筋混凝土造,1040721,183.96,3,2,2,有,有,17300000,94042,坡道平面,30.26,0,,RPURMLMJRHLGFBB68DA,84.84,9.47,8.87,有,
南屯區,房地(土地+建物)+車位,臺中市南屯區惠文路３１８號十三樓,21.14,都市：其他:第二種住宅區,,,1150622,土地1建物1車位1,十三層,十三層,住宅大樓(11層含以上有電梯),住家用,鋼筋混凝土造,1150605,125.4,2,2,2,有,有,23360000,229824,坡道平面,35.07,2600000,預售屋、或土地及建物分件登記案件；,RPRUMLOLOHLGFCB88DA,52.31,0.0,5.46,有,
南屯區,房地(土地+建物)+車位,臺中市南屯區嶺東路８８８號三樓之２,29.94,都市：其他:第二種住宅區,,,1150627,土地1建物1車位1,三層,十四層,住宅大樓(11層含以上有電梯),住家用,鋼筋混凝土造,1050902,181.15,3,2,2,有,有,17680000,97599,坡道平面,23.45,0,陽台外推；,RPPNMLKLPHLGFCB67DA,89.08,2.75,14.2,有,
西屯區,房地(土地+建物),臺中市西屯區漢成六街４９號四樓之１,8.03,都市：其他:第二種住宅區,,,1150605,土地1建物1車位0,四層,六層,華廈(10層含以下有電梯),住家用,鋼筋混凝土造,0810409,49.25,1,2,1,有,有,4250000,86294,,0.0,0,其他增建；,RPOPMLRJRHLGFCB48DA,30.56,2.03,2.14,有,
潭子區,房地(土地+建物)+車位,臺中市潭子區興華一路１１３號三樓之５,25.85,都市：其他:住宅區,,,1150606,土地1建物1車位2,三層,十五層,住宅大樓(11層含以上有電梯),住家用,鋼筋混凝土造,1141216,194.69,3,2,2,有,有,20950000,126186,坡道平面,58.78,3800000,含裝潢費1050000元；,RPXNMLOJRHLGFHB76DA,77.9,0.0,11.27,有,
烏日區,房地(土地+建物)+車位,臺中市烏日區三榮十五路１１號八樓之５,27.4,都市：其他:第二種住宅區,,,1150628,土地1建物1車位1,八層,十二層,住宅大樓(11層含以上有電梯),住家用,鋼筋混凝土造,1031227,147.66,3,2,2,有,有,14580000,98740,坡道平面,29.95,0,,RPSPMLPKPHLGFIB56DA,68.92,1.38,10.61,有,
烏日區,房地(土地+建物)+車位,臺中市烏日區三榮三路１５號六樓之３,26.52,都市：其他:第二種住宅區,,,1150630,土地1建物1車位1,六層,十三層,住宅大樓(11層含以上有電梯),住家用,鋼筋混凝土造,1090120,123.72,2,2,1,有,有,11900000,96185,坡道平面,33.13,0,,RPUOMLSLPHLGFIB07DA,54.79,0.0,5.94,有,
霧峰區,房地(土地+建物),臺中市霧峰區樹仁路１３８號六樓之２,9.65,都市：其他:商業區,,,1150621,土地2建物1車位0,六層,九層,華廈(10層含以下有電梯),住家用,鋼筋混凝土造,1050127,70.1,2,2,2,有,有,3550000,50642,,0.0,0,,RPUNMLTKQHLGFIB07DA,33.17,0.0,4.62,有,
太平區,房地(土地+建物)+車位,臺中市太平區祥順路一段９９號十一樓之７,25.52,都市：其他:住宅區,,,1150609,土地1建物1車位1,十一層,十一層,住宅大樓(11層含以上有電梯),住家用,鋼筋混凝土造,1091120,163.86,3,2,2,有,有,13500000,82387,坡道平面,31.22,0,,RPUNMLOLPHLGFJB66DA,79.86,6.0,5.02,有,
太平區,房地(土地+建物),臺中市太平區大源十七街８８號,163.83,,鄉村區,乙種建築用地,1150619,土地3建物1車位0,全,三層,透天厝,住家用,鋼筋混凝土造,0930325,161.11,5,2,3,有,無,17480000,108497,,0.0,0,,RPSNMLRKQHLGFJB76DA,146.45,2.18,12.48,無,
太平區,房地(土地+建物),臺中市太平區育才路１７７號二樓之３,12.76,都市：其他:住宅區,,,1150629,土地1建物1車位0,二層,十五層,住宅大樓(11層含以上有電梯),住家用,鋼筋混凝土造,1150113,63.53,1,1,1,有,有,7600000,119629,,0.0,0,,RPUNMLRKQHLGFJB96DA,36.35,0.0,5.15,有,
太平區,房地(土地+建物),臺中市太平區樹德九街１００巷２２號,97.87,都市：其他:住宅區,,,1150629,土地1建物1車位0,全,三層,透天厝,住家用,鋼筋混凝土造,1031105,205.03,4,3,5,有,無,20360000,99303,,0.0,0,頂樓加蓋；其他增建；,RPWNMLOJRHLGFJB86DA,197.75,0.0,7.28,無,
西區,房地(土地+建物),臺中市西區自由路一段１０６號２樓之１,12.2,都市：其他:第二種住宅區,,,1150522,土地4建物1車位0,二層,七層,華廈(10層含以下有電梯),辦公用,鋼筋混凝土造,0870508,72.7,2,1,1,有,有,5880000,80880,,0.0,0,親友、員工、共有人或其他特殊關係間之交易；,RPTPMLPLOHLGFAB48DA,46.35,2.3,8.18,有,0228
東區,房地(土地+建物)+車位,臺中市東區東光園路１１５號十五樓之５,20.73,都市：其他:第三種住宅區。,,,1150508,土地2建物1車位1,十五層,二十四層,住宅大樓(11層含以上有電梯),住家用,鋼筋混凝土造,1120426,144.92000000000002,3,2,2,有,有,16300000,112476,坡道平面,30.53,0,,RPXNMLOJQHLGFAB58DA,74.73,0.0,3.51,有,0229
北屯區,房地(土地+建物)+車位,臺中市北屯區軍福十三路２００號二樓之１,23.61,都市：其他:第二種商業區,,,1150524,土地1建物1車位1,二層,十五層,住宅大樓(11層含以上有電梯),住家用,鋼筋混凝土造,1050822,217.04000000000002,4,2,2,有,有,19050000,87772,坡道平面,24.81,0,,RPTNMLQKPHLGFBB48DA,117.16,0.72,12.74,有,0230
北屯區,房地(土地+建物),臺中市北屯區大連路一段４１巷１３７號,86.33,都市：其他:第三之二種住宅區,,,1150515,土地3建物1車位0,全,三層,透天厝,住商用,鋼筋混凝土造,0701130,227.79,4,3,2,有,無,19400000,85166,,0.0,0,增值稅約定由買受人負擔，唯自用住宅優惠稅率未通過部分買賣雙方各負擔一半其他增建；畸零地或有合併使用效益；,RPUQMLLLQHLGFBB58DA,227.79,0.0,0.0,無,
西屯區,房地(土地+建物)+車位,臺中市西屯區玉門路２３５號二十一樓之２,33.41,都市：其他:第六種住宅區,,,1150514,土地1建物1車位2,二十一層,二十五層,住宅大樓(11層含以上有電梯),住家用,鋼筋混凝土造,1050502,354.33,3,2,3,有,有,39800000,112325,坡道平面,49.2,0,,RPSNMLOKQHLGFCB38DA,176.34,12.89,17.72,有,
大雅區,土地,山德段1076地號,10.61,都市：其他:農業區,,,1150508,土地1建物0車位0,,,其他,,,,0.0,0,0,0,無,無,50000,4713,,0.0,0,,RPSOMLKKPHLGFHB48DA,0.0,0.0,0.0,無,0231
大雅區,房地(土地+建物),臺中市大雅區振興路８９之３號,82.14,都市：其他:農業區,,,1150508,土地2建物1車位0,全,四層,透天厝,住家用,鋼筋混凝土造,1150206,205.42,4,2,6,有,無,25950000,126327,,0.0,0,,RPWOMLKKPHLGFHB88DA,188.36,0.0,17.06,有,
烏日區,房地(土地+建物)+車位,臺中市烏日區三榮路二段２０７號五樓之１,39.19,都市：其他:第二種住宅區,,,1150530,土地1建物1車位2,五層,十二層,住宅大樓(11層含以上有電梯),住家用,鋼筋混凝土造,1030603,218.01,4,2,2,有,有,17500000,80272,坡道平面,61.02,0,,RPXNMLPJQHLGFIB86DA,96.34,1.98,10.91,有,
太平區,房地(土地+建物)+車位,臺中市太平區新平路一段２０９巷１４號二樓之１,19.21,都市：其他:第一種住宅區,,,1150511,土地1建物1車位1,二層,七層,華廈(10層含以下有電梯),住家用,鋼筋混凝土造,0820619,91.53,3,2,2,有,有,6500000,71015,坡道平面,0.0,0,,RPSQMLSKOHLGFJB96DA,65.47,0.0,5.85,有,
太平區,房地(土地+建物),臺中市太平區永和街２１號三樓,28.43,都市：其他:住宅區,,,1150518,土地1建物1車位0,三層,七層,華廈(10層含以下有電梯),住家用,鋼筋混凝土造,0821230,129.88,3,1,2,有,有,6000000,46196,,0.0,0,親友、員工、共有人或其他特殊關係間之交易；,RPSNMLQLQHLGFJB76DA,93.16,2.67,12.08,有,
南區,房地(土地+建物),臺中市南區懷寧街２００號七樓之２,19.11,都市：其他:第二種住宅區,,,1150525,土地1建物1車位0,七層,七層,華廈(10層含以下有電梯),住家用,鋼筋混凝土造,1140213,85.12,2,2,2,有,有,11000000,129229,,0.0,0,,RPQNMLNJPHLGFAB67DA,51.67,0.0,2.21,有,
南區,房地(土地+建物),臺中市南區崇倫北街７３巷１２號,71.0,都市：其他:第二種住宅區,,,1150506,土地1建物1車位0,全,四層,透天厝,住家用,鋼筋混凝土造,1150325,219.5,7,2,8,有,無,30000000,136674,,0.0,0,頂樓加蓋；其他增建；,RPROMLNLPHLGFAB08DA,199.04,0.0,20.46,有,
西區,房地(土地+建物),臺中市西區華美西街一段１９５巷２弄１３號,122.58,都市：其他:第二種住宅區,,,1150521,土地2建物1車位0,全,四層,透天厝,住商用,鋼筋混凝土造,1000901,278.55,5,2,4,有,無,28200000,101239,,0.0,0,陽台外推；頂樓加蓋；其他增建；,RPRNMLOLQHLGFAB18DA,247.68,5.36,25.51,無,
北屯區,房地(土地+建物),臺中市北屯區山西北一街８２號,72.17,都市：其他:第二種住宅區,,,1150514,土地2建物1車位0,全,五層,透天厝,住家用,鋼筋混凝土造,0910527,196.66,3,1,3,有,無,20000000,101698,,0.0,0,,RPURMLLLQHLGFBB68DA,169.01,0.0,26.84,無,0232
北屯區,房地(土地+建物),臺中市北屯區山西北一街８６號,70.24,都市：其他:第二種住宅區,,,1150514,土地2建物1車位0,全,五層,透天厝,住家用,鋼筋混凝土造,0910527,196.1,3,1,3,有,無,19000000,96889,,0.0,0,,RPWRMLLLQHLGFBB88DA,163.22,0.0,25.92,無,
南屯區,土地,山子腳段300地號,992.5,都市：其他:第一種乙種工業區,,,1150524,土地3建物0車位0,,,其他,,,,0.0,0,0,0,無,無,26439400,26639,,0.0,0,,RPVTMLMKQHLGFCB09DA,0.0,0.0,0.0,無,0233
南屯區,房地(土地+建物),臺中市南屯區干城街２４０巷１弄２７號,62.0,都市：其他:第二種住宅區,,,1150513,土地1建物1車位0,全,二層,透天厝,住家用,加強磚造,0640806,76.5,3,2,2,有,無,15250000,199346,,0.0,0,其他增建；,RPQQMLSLQHLGFCB98DA,76.5,0.0,0.0,無,
清水區,房地(土地+建物)+車位,臺中市清水區港都路１號十四樓之１,14.38,都市：其他:第四種商業區,,,1150516,土地1建物1車位1,十四層,十四層,住宅大樓(11層含以上有電梯),住家用,鋼筋混凝土造,1130411,182.46,3,2,2,有,有,13800000,75633,坡道平面,24.94,0,,RPQOMLKKQHLGFFB18DA,87.93,0.0,20.02,有,0234
霧峰區,房地(土地+建物),臺中市霧峰區五福路３３１號,228.61,,鄉村區,乙種建築用地,1150515,土地2建物1車位0,全,二層,透天厝,住家用,加強磚造,0690220,113.96,5,5,4,有,無,21750000,190856,,0.0,0,頂樓加蓋；,RPROMLSKQHLGFIB76DA,113.96,0.0,0.0,無,0235
南區,房地(土地+建物),臺中市南區樹義二巷８號,193.0,都市：其他:第三種住宅區。,,,1150518,土地1建物1車位0,全,一層,透天厝,其他,磚造,0351001,55.5,2,1,1,有,無,28000000,504505,,0.0,0,其他增建；,RPQNMLTLPHLGFAB48DA,55.5,0.0,0.0,無,
南區,房地(土地+建物),臺中市南區樹義二巷８－１號,135.0,都市：其他:第三種住宅區。,,,1150518,土地1建物1車位0,全,四層,透天厝,住家用,鋼筋混凝土造,0850612,292.67,7,2,4,有,無,24000000,82004,,0.0,0,其他增建；,RPRNMLTLPHLGFAB58DA,262.68,13.01,16.98,無,
北區,房地(土地+建物),臺中市北區德化街５８８巷５之８號,26.88,都市：其他:第一種商業區,,,1150515,土地2建物1車位0,五層,五層,公寓(5樓含以下無電梯),住家用,鋼筋混凝土造,0681004,72.93,3,2,1,有,無,4500000,61703,,0.0,0,頂樓加蓋；,RPRNMLKMPHLGFBB87DA,72.93,0.0,0.0,無,
西屯區,房地(土地+建物)+車位,臺中市西屯區國安一路１２７號八樓之１,10.39,都市：其他:第六種住宅區,,,1150514,土地1建物1車位1,八層,二十四層,住宅大樓(11層含以上有電梯),住家用,鋼筋混凝土造,0991119,119.72999999999999,2,2,1,有,有,14000000,116930,坡道平面,22.28,0,陽台外推；其他增建；,RPSQMLRJPHLGFCB78DA,53.56,4.47,9.02,有,
清水區,房地(土地+建物)+車位,臺中市清水區港都五路３６號十二樓之３,15.14,都市：其他:第四種商業區,,,1150526,土地1建物1車位1,十二層,十五層,住宅大樓(11層含以上有電梯),住家用,鋼筋混凝土造,1140414,172.17,3,2,2,有,有,12400000,76766,坡道平面,24.97,1100000,,RPUNMLLJRHLGFFB58DA,87.74,0.0,10.97,有,
烏日區,房地(土地+建物)+車位,臺中市烏日區健行路８０８號二樓之１,40.0,都市：其他:第二種住宅區,,,1150517,土地1建物1車位2,二層,十四層,住宅大樓(11層含以上有電梯),住家用,鋼筋混凝土造,1091029,201.93,3,2,2,有,有,17500000,86664,坡道平面,60.36,0,,RPQOMLKKQHLGFIB48DA,84.46,0.0,11.33,有,0236
太平區,土地,竹村段380-5地號,2759.8,,山坡地保育區,農牧用地,1150509,土地1建物0車位0,,,其他,,,,0.0,0,0,0,無,無,2890000,1047,,0.0,0,,RPTNMLPLQHLGFJB76DA,0.0,0.0,0.0,無,0237
北屯區,房地(土地+建物)+車位,臺中市北屯區漢口路五段１３５之２號三樓,31.16,都市：其他:第二種住宅區,,,1150505,土地1建物1車位1,三層,十層,華廈(10層含以下有電梯),住家用,鋼筋混凝土造,1050923,179.32,3,2,2,有,有,17880000,99710,坡道平面,27.42,0,,RPPSMLNKQHLGFBB38DA,90.03,3.32,9.18,有,0238
西屯區,房地(土地+建物)+車位,臺中市西屯區福安路５５巷１０號七樓之１,14.14,都市：其他:第三之一種住宅區,,,1150530,土地1建物1車位1,七層,十三層,住宅大樓(11層含以上有電梯),住家用,鋼筋混凝土造,0880206,114.50999999999999,3,2,2,有,有,10050000,87765,坡道機械,7.77,0,,RPWQMLQKPHLGFCB56DA,73.57,1.27,9.93,有,
西屯區,房地(土地+建物)+車位,臺中市西屯區河南路二段４１９號五樓之２,16.12,都市：其他:第三之二種住宅區,,,1150508,土地2建物1車位1,五層,十五層,住宅大樓(11層含以上有電梯),住家用,鋼筋混凝土造,0840310,168.25,3,2,2,有,有,14300000,84993,坡道平面,0.0,0,,RPOOMLLMQHLGFCB97DA,114.45,0.0,14.35,有,
南屯區,房地(土地+建物),臺中市南屯區惠弘街１６０號二樓之５,22.41,都市：其他:第二種住宅區,,,1150522,土地1建物1車位0,二層,十六層,住宅大樓(11層含以上有電梯),住家用,鋼筋混凝土造,0851216,138.16,3,2,2,有,有,8880000,64273,,0.0,0,,RPRRMLLJRHLGFCB38DA,88.5,0.0,11.68,有,
南屯區,房地(土地+建物)+車位,臺中市南屯區大業路５６０號八樓之２,6.52,都市：其他:第二種住宅區,,,1150520,土地1建物1車位1,八層,二十二層,住宅大樓(11層含以上有電梯),住家用,鋼筋混凝土造,0871113,84.3,2,2,1,有,有,8550000,101423,坡道機械,11.57,0,,RPXRMLLJRHLGFCB98DA,47.1,1.43,5.29,有,
潭子區,房地(土地+建物),臺中市潭子區豐栗路９１巷５號,105.8,都市：其他:乙種工業區,,,1150526,土地1建物1車位0,全,二層,透天厝,住家用,加強磚造、磚石造,0000000,87.3,9,1,9,有,無,8240000,94387,,0.0,0,頂樓加蓋；其他增建；,RPSNMLQJQHLGFHB98DA,87.3,0.0,0.0,無,0239
霧峰區,土地,新厝段811地號,1136.7,,特定農業區,甲種建築用地,1150506,土地1建物0車位0,,,其他,,,,0.0,0,0,0,無,無,154732500,136124,,0.0,0,,RPUNMLLMQHLGFIB09DA,0.0,0.0,0.0,無,0240
太平區,房地(土地+建物),臺中市太平區中平路順昌巷６５弄２１號,70.0,都市：其他:第一種住宅區,,,1150511,土地2建物1車位0,全,二層,透天厝,住家用,鐵筋磚造瓦頂,0611201,78.68,5,3,2,有,無,5000000,63549,,0.0,0,親友、員工、共有人或其他特殊關係間之交易；,RPQNMLOLPHLGFJB88DA,78.68,0.0,0.0,無,
北屯區,房地(土地+建物)+車位,臺中市北屯區軍福十三路６３號十三樓之３,18.7,都市：其他:第三種住宅區。,,,1150524,土地1建物1車位1,十三層,十五層,住宅大樓(11層含以上有電梯),住家用,鋼筋混凝土造,1150703,155.07999999999998,3,2,2,有,有,16500000,110775,坡道平面,25.99,2200000,115.7.7轉讓交易金額不變。預售屋、或土地及建物分件登記案件；,RPXPMLLJRHLGFBB68DA,74.37,0.0,11.11,有,
神岡區,房地(土地+建物),臺中市神岡區豐洲路３０１巷１３之１號,133.27,都市：其他:農業區,,,1150531,土地8建物1車位0,全,三層,透天厝,住家用,鋼筋混凝土造,0991210,179.03,5,2,3,有,無,15800000,88253,,0.0,0,其他增建；,RPUNMLRJQHLGFDB88DA,172.03,0.0,7.0,無,
潭子區,房地(土地+建物)+車位,臺中市潭子區興華一路１４２巷１５號八樓之２,29.15,都市：其他:第一之二種住宅區,,,1150510,土地2建物1車位1,八層,十四層,住宅大樓(11層含以上有電梯),住家用,鋼筋混凝土造,1100510,163.94,3,2,2,有,有,14860000,90643,坡道平面,38.39,0,,RPRNMLLKQHLGFHB48DA,71.97,3.1,9.31,有,0241
太平區,房地(土地+建物),臺中市太平區中山路一段３２２巷１６號一樓之２,12.34,,鄉村區,乙種建築用地,1150522,土地1建物1車位0,一層,五層,華廈(10層含以下有電梯),住家用,鋼筋混凝土造,1150126,42.36,1,1,1,有,有,4550000,107413,,0.0,0,,RPQNMLLJRHLGFJB58DA,27.14,0.0,3.0,有,
北屯區,房地(土地+建物),臺中市北屯區太順五街８３號,126.34,都市：其他:第二種住宅區,,,1150526,土地2建物1車位0,全,五層,透天厝,住家用,鋼筋混凝土造,1130503,357.28,5,3,6,有,無,47000000,131549,,0.0,0,,RPQSMLMJRHLGFBB38DA,326.85,0.0,30.43,有,
南區,房地(土地+建物)+車位,臺中市南區大慶街一段１３０巷４７號十二樓,13.36,都市：其他:第三種住宅區。,,,1150529,土地1建物1車位1,十二層,十二層,住宅大樓(11層含以上有電梯),住家用,鋼筋混凝土造,0970624,106.3,2,2,1,有,有,11320000,124448,坡道機械,22.57,900000,陽台外推；其他增建；,RPQNMLNKOHLGFAB67DA,50.24,1.38,7.96,有,
東區,土地,旱溪段249-14地號,76.0,都市：其他:第二種住宅區,,,1150508,土地1建物0車位0,,,其他,,,,0.0,0,0,0,無,無,13500000,177632,,0.0,0,親友、員工、共有人或其他特殊關係間之交易；未登記建物；,RPXNMLRKPHLGFAB88DA,0.0,0.0,0.0,無,
東區,房地(土地+建物)+車位,臺中市東區東光園路１１７號十三樓之５,15.03,都市：其他:第三種住宅區。,,,1150530,土地2建物1車位1,十三層,二十四層,住宅大樓(11層含以上有電梯),住家用,鋼筋混凝土造,1120426,115.27000000000001,2,2,1,有,有,13250000,114948,坡道平面,30.53,0,,RPPNMLTKQHLGFAB38DA,53.61,0.0,3.13,有,0242
太平區,房地(土地+建物),臺中市太平區振福路１５９巷１３號,94.89,都市：其他:住宅區,,,1150511,土地2建物1車位0,全,四層,透天厝,住家用,鋼筋混凝土造,1110223,304.99,4,3,6,有,有,35880000,117643,,0.0,0,其他增建:頂樓、陽台外推、五樓陽台外推、頂樓露台其他增建；,RPVNMLQKOHLGFJB76DA,287.07,0.0,17.92,有,0243
太平區,房地(土地+建物)+車位,臺中市太平區樹孝路２７３巷２０號九樓之１,26.67,都市：其他:住宅區,,,1150507,土地1建物1車位2,九層,十五層,住宅大樓(11層含以上有電梯),住家用,鋼筋混凝土造,1120908,187.89,4,2,2,有,有,18270000,97238,坡道平面,49.28,0,,RPUNMLNJRHLGFJB56DA,82.65,0.0,8.66,有,0244
北屯區,房地(土地+建物)+車位,臺中市北屯區敦富路７９５號八樓之３,15.15,都市：其他:第二之一種住宅區,,,1150503,土地1建物1車位1,八層,十五層,住宅大樓(11層含以上有電梯),住家用,鋼筋混凝土造,1111116,116.18,3,2,2,有,有,13450000,115769,坡道平面,24.83,0,,RPUQMLQKOHLGFBB78DA,55.56,0.0,5.69,有,
南屯區,房地(土地+建物),臺中市南屯區春安路１３０號四樓之３,10.66,都市：其他:第五種住宅區,,,1150524,土地1建物1車位0,四層,十三層,住宅大樓(11層含以上有電梯),住家用,鋼筋混凝土造,1081128,71.22999999999999,2,2,1,有,有,8050000,113014,,0.0,0,,RPQNMLOLNHLGFCB97DA,42.88,0.0,5.2,有,
西屯區,房地(土地+建物)+車位,臺中市西屯區市政北一路２８８號,99.29,都市：其他:第一種新市政中心專用區,,,1150525,土地3建物1車位2,全,四層,透天厝,住家用,鋼筋混凝土造,0900823,276.66,4,3,3,有,有,44000000,159040,坡道平面,0.0,4000000,陽台外推；,RPSPMLPLNHLGFCB48DA,188.61,0.0,33.79,無,
太平區,房地(土地+建物)+車位,臺中市太平區環中東路三段６１８號十二樓之３,18.05,都市：其他:住宅區,,,1150507,土地1建物1車位1,十二層,十三層,住宅大樓(11層含以上有電梯),住家用,鋼筋混凝土造,1140911,118.91,2,2,2,有,有,12020000,117033,坡道平面,31.67,1810000,,RPPOMLMKQHLGFJB68DA,52.07,0.0,5.56,有,
潭子區,房地(土地+建物),臺中市潭子區大德北路４５號,13.49,都市：其他:第一之一種住宅區,,,1150519,土地3建物1車位0,一層，騎樓,七層,華廈(10層含以下有電梯),商業用,鋼筋混凝土造,0800621,62.75,1,1,1,有,有,6000000,95618,,0.0,0,親友、員工、共有人或其他特殊關係間之交易；,RPPNMLTKQHLGFHB56EA,62.38,0.0,0.0,有,
龍井區,土地,竹師段760地號,62.68,都市：其他:第四種住宅區,,,1150430,土地1建物0車位0,,,其他,,,,0.0,0,0,0,無,無,3128400,49911,,0.0,0,親友、員工、共有人或其他特殊關係間之交易；,RPPNMLPLQHLGFKB09DA,0.0,0.0,0.0,無,0245
北區,房地(土地+建物)+車位,臺中市北區育樂街６２號十六樓之１１,9.44,都市：其他:第二之一種商業區,,,1150405,土地1建物1車位1,十六層,二十一層,住宅大樓(11層含以上有電梯),住家用,鋼筋混凝土造,1080513,107.38,1,2,1,有,有,10300000,95921,坡道平面,34.66,0,,RPUNMLPJQHLGFBB48DA,45.01,0.0,5.2,有,0246
后里區,房地(土地+建物)+車位,臺中市后里區九甲五路１８８巷１１號四樓,24.99,,特定農業區,甲種建築用地,1150406,土地1建物1車位1,四層,八層,華廈(10層含以下有電梯),住家用,鋼筋混凝土造,1150316,103.98,2,2,2,有,有,9200000,97255,一樓平面,22.75,1300000,1.本案土地交易總價為新台幣237萬元整，房屋交易總價為新台幣553萬元整。2.本案車位交易總價為新台幣130萬元整。預售屋、或土地及建物分件登記案件；,RPROMLOJOHLGFDB18DA,53.88,0.0,3.46,有,
沙鹿區,房地(土地+建物),臺中市沙鹿區斗潭路文光巷３１號,88.58,都市：其他:第四種住宅區,,,1150415,土地1建物1車位0,全,二層,透天厝,住商用,加強磚造,0671101,119.82,1,3,2,有,無,8000000,66767,,0.0,0,頂樓加蓋；其他增建；,RPTNMLRJQHLGFFB98DA,119.82,0.0,0.0,無,
烏日區,土地,螺潭段978地號,1506.5,,特定農業區,農牧用地,1150423,土地1建物0車位0,,,其他,,,,0.0,0,0,0,無,無,31900000,21175,,0.0,0,,RPSNMLPJQHLGFIB98DA,0.0,0.0,0.0,無,
大里區,房地(土地+建物),臺中市大里區福大路４３巷２０弄１０號,895.22,,鄉村區,乙種建築用地,1150423,土地2建物1車位0,全,一層,透天厝,其他,加強磚造,0690310,54.03,2,1,1,有,無,35200000,651490,,0.0,0,其他增建；,RPROMLRKQHLGFIB66DA,54.03,0.0,0.0,無,
中區,房地(土地+建物)+車位,臺中市中區民權路１８０號八樓之３,14.55,都市：其他:第二種商業區,,,1150425,土地2建物1車位1,八層,十二層,住宅大樓(11層含以上有電梯),住家用,鋼筋混凝土造,1150524,140.01,3,2,2,有,有,19400000,152618,坡道平面,26.0,2000000,預售屋、或土地及建物分件登記案件；,RPUOMLSLQHLGFAB98DA,68.15,0.0,7.59,有,
梧棲區,房地(土地+建物)+車位,臺中市梧棲區中央路二段２１９巷７５號五樓之６,17.63,都市：其他:第五種住宅區,,,1150430,土地2建物1車位1,五層,十二層,住宅大樓(11層含以上有電梯),住家用,鋼筋混凝土造,1131206,111.11999999999999,3,2,2,有,有,7600000,68395,坡道機械,16.54,0,,RPSNMLTKQHLGFFB56DA,65.35,0.0,2.97,有,0247
北屯區,房地(土地+建物)+車位,臺中市北屯區軍福十三路６５號十四樓之３,18.02,都市：其他:第三種住宅區。,,,1150401,土地1建物1車位1,十四層,十五層,住宅大樓(11層含以上有電梯),住家用,鋼筋混凝土造,1150703,150.24,3,2,2,有,有,16010000,111147,坡道平面,25.99,2200000,預售屋、或土地及建物分件登記案件；,RPOPMLQJQHLGFBB18DA,75.72,0.0,6.52,有,
南屯區,房地(土地+建物)+車位,臺中市南屯區建功路７７號十七樓之３,10.53,都市：其他:第五種住宅區,,,1150409,土地1建物1車位1,十七層,二十四層,住宅大樓(11層含以上有電梯),住家用,鋼筋混凝土造,1130704,118.44,3,2,1,有,有,13150000,111027,坡道平面,29.11,0,,RPXPNLMKQHLGFCB98DA,53.7,0.0,5.64,有,0248
南屯區,房地(土地+建物),臺中市南屯區萬和路二段３０之１號,132.0,都市：其他:第二種住宅區,,,1150423,土地1建物1車位0,全,四層,透天厝,住家用,鋼筋混凝土造,1150121,317.37,12,0,12,有,無,40000000,126036,,0.0,0,其他增建；,RPQNMLQLQHLGFCB48DA,293.25,0.0,24.12,無,
西屯區,房地(土地+建物)+車位,臺中市西屯區國安二路１７９號十三樓之３,9.53,都市：其他:第六種住宅區,,,1150411,土地1建物1車位2,十三層,二十二層,住宅大樓(11層含以上有電梯),住家用,鋼筋混凝土造,1070503,109.93,1,1,1,有,有,12500000,113709,坡道機械,42.02,0,親友、員工、共有人或其他特殊關係間之交易；,RPRQMLLMQHLGFCB48DA,38.29,0.0,6.39,有,0249
大甲區,土地,臨江段840地號,379.66,都市：其他:住宅區,,,1150401,土地1建物0車位0,,,其他,,,,0.0,0,0,0,無,無,21820958,57475,,0.0,0,,RPPNMLPJQHLGFEB28DA,0.0,0.0,0.0,無,
南區,房地(土地+建物)+車位,臺中市南區東興路一段１６號九樓之三,3.88,都市：其他:第三種住宅區。,,,1150323,土地1建物1車位1,九層,三十二層,住宅大樓(11層含以上有電梯),住家用,鋼筋混凝土造,0951026,89.81,2,2,2,有,有,6300000,70148,坡道機械,4.86,0,,RPQNMLOLQHLGFAB08DA,41.89,0.0,11.19,有,0250
北屯區,房地(土地+建物)+車位,臺中市北屯區洲際二街５３號,130.71,都市：其他:第一之一種住宅區,,,1150312,土地1建物1車位1,全,五層,透天厝,住家用,鋼筋混凝土造,1140904,327.4,4,3,6,有,無,54000000,164936,一樓平面,0.0,0,,RPQOMLQLQHLGFBB48DA,306.11,0.0,21.29,有,
西屯區,房地(土地+建物),臺中市西屯區上石路１８１巷２３號二樓之２,9.33,都市：其他:第三種商業區,,,1150325,土地1建物1車位0,二層,十五層,住宅大樓(11層含以上有電梯),住家用,鋼筋混凝土造,0961012,102.12,2,1,1,有,有,2440000,23893,,0.0,0,親友、員工、共有人或其他特殊關係間之交易；,RPPNMLMLPHLGFCB87DA,54.99,2.77,10.51,有,
南區,房地(土地+建物),臺中市南區新華街１９０巷１２號,63.0,都市：其他:第一種商業區,,,1150321,土地1建物1車位0,全,二層,透天厝,住家用,鐵筋加強磚,,78.74,2,2,2,有,無,5800000,73660,,0.0,0,,RPSNMLLJRHLGFAB87DA,78.74,0.0,0.0,無,
北區,房地(土地+建物),臺中市北區柳川東路四段１３號６樓之１６,8.97,都市：其他:第二種住宅區,,,1150319,土地2建物1車位0,六層,七層,華廈(10層含以下有電梯),住家用,鋼筋混凝土造,0741024,39.47,1,1,1,有,有,2950000,74740,,0.0,0,,RPPNMLLJRHLGFBB67DA,34.57,0.0,4.9,有,0251
東區,房地(土地+建物),臺中市東區一心街５０６號,99.62,都市：其他:第一種商業區,,,1150317,土地1建物1車位0,全,四層,透天厝,住商用,鋼筋混凝土造,0961116,209.38,3,3,3,有,無,25000000,119400,,0.0,0,其他增建；,RPQOMLLLNHLGFAB57DA,193.95,0.0,15.43,無,
東區,房地(土地+建物),臺中市東區東英一街６５號,72.73,都市：其他:第二之一種商業區,,,1150307,土地1建物1車位0,全,四層,透天厝,住家用,鋼筋混凝土造,0960402,238.83,5,2,4,有,無,23880000,99987,,0.0,0,其他增建；,RPPPMLMJRHLGFAB87DA,204.93,16.43,17.47,無,
西屯區,房地(土地+建物),臺中市西屯區櫻城三街２１號六樓之１,10.4,都市：其他:第二種住宅區,,,1150309,土地3建物1車位0,六層,八層,華廈(10層含以下有電梯),住家用,鋼筋混凝土造,0840426,65.13,3,0,3,有,有,4800000,73699,,0.0,0,,RPRUMLMKQHLGFCB78DA,37.22,0.0,7.26,有,
西屯區,房地(土地+建物),臺中市西屯區櫻城三街２１號六樓之３,6.89,都市：其他:第二種住宅區,,,1150309,土地3建物1車位0,六層,八層,華廈(10層含以下有電梯),住家用,鋼筋混凝土造,0840426,43.36,2,0,2,有,有,2700000,62269,,0.0,0,,RPPQNLMKQHLGFCB28DA,25.5,0.0,4.02,有,
西屯區,房地(土地+建物),臺中市西屯區櫻城三街２１號六樓之２,6.08,都市：其他:第二種住宅區,,,1150309,土地3建物1車位0,六層,八層,華廈(10層含以下有電梯),住家用,鋼筋混凝土造,0840426,37.7,2,0,2,有,有,2400000,63660,,0.0,0,,RPQNMLNKQHLGFCB08DA,20.7,0.0,5.03,有,
東勢區,房地(土地+建物),臺中市東勢區第三橫街５之１號,72.97,都市：其他:住宅區,,,1150302,土地2建物1車位0,全,四層,透天厝,住家用,鋼筋混凝土造,1150210,238.84,4,1,6,有,有,20200000,84575,,0.0,0,土地價格404萬 建物價格1616萬,RPOOMLNJRHLGFGB38DA,234.73,0.0,2.61,無,
北區,房地(土地+建物),臺中市北區育才北路３７號三樓,97.32,都市：其他:第二種住宅區,,,1150310,土地3建物1車位0,三層，四層,四層,華廈(10層含以下有電梯),辦公用,鋼筋混凝土造,1080430,220.04000000000002,0,0,0,無,無,32000000,145435,,0.0,0,親友、員工、共有人或其他特殊關係間之交易；,RPVPMLNJRHLGFBB68DA,144.69,0.0,2.08,有,
西屯區,房地(土地+建物)+車位,臺中市西屯區西屯路二段２４７號十樓之１９,7.75,都市：其他:第三種商業區,,,1150304,土地2建物1車位2,十層,十一層,住宅大樓(11層含以上有電梯),住家用,鋼筋混凝土造,0990201,78.8,1,1,1,有,有,10000000,126904,坡道機械,0.0,0,,RPQNMLSLOHLGFCB48DA,27.41,0.0,5.52,有,
烏日區,房地(土地+建物)+車位,臺中市烏日區健行北路８８號八樓之２,21.07,都市：其他:商業區,,,1150315,土地1建物1車位1,八層,十五層,住宅大樓(11層含以上有電梯),住家用,鋼筋混凝土造,1050729,156.51,3,2,2,有,有,14880000,95074,坡道平面,27.13,0,,RPRNMLOLPHLGFIB88DA,81.25,0.0,8.16,有,
南屯區,房地(土地+建物)+車位,臺中市南屯區向上路二段１６５號十四樓,26.82,都市：其他:第二種商業區,,,1150203,土地1建物1車位3,十四層,二十五層,住宅大樓(11層含以上有電梯),住家用,鋼骨鋼筋混凝土造,1030729,316.37,3,2,2,有,有,44800000,141606,坡道平面,69.42,0,,RPPPMLNLPHLGFCB18DA,145.27,7.08,13.14,有,0252
清水區,房地(土地+建物)+車位,臺中市清水區港都路５號十二樓之１,15.55,都市：其他:第四種商業區,,,1150206,土地1建物1車位1,十二層,二十四層,住宅大樓(11層含以上有電梯),住家用,鋼筋混凝土造,1130411,200.63,3,2,2,有,有,15000000,78832,坡道平面,24.94,1150000,,RPSOMLOKQHLGFFB78DA,108.83,0.0,9.62,有,
豐原區,土地,豐社段465地號,22.19,都市：其他:第一之一種住宅區,,,1150203,土地1建物0車位0,,,其他,,,,0.0,0,0,0,無,無,2013743,90750,,0.0,0,,RPWOMLLLQHLGFDB78DA,0.0,0.0,0.0,無,
大雅區,土地,學雅段42-15地號,131.38,都市：其他:第二種住宅區,,,1150209,土地5建物0車位0,,,其他,,,,0.0,0,0,0,無,無,18000000,137007,,0.0,0,親友、員工、共有人或其他特殊關係間之交易；,RPPNMLMJRHLGFHB38DA,0.0,0.0,0.0,無,0253
沙鹿區,土地,自強段469地號,2.8,都市：其他:第二種住宅區,,,1150101,土地3建物0車位0,,,其他,,,,0.0,0,0,0,無,無,141884,50673,,0.0,0,,RPQNMLSLQHLGFFB09EA,0.0,0.0,0.0,無,0254
豐原區,房地(土地+建物),臺中市豐原區東陽路獅座巷６號,5179.0,,山坡地保育區,農牧用地,1150116,土地2建物1車位0,全,一層,透天厝,農業用,鋼骨造,0970721,689.5,3,2,1,有,無,13200000,19144,,0.0,0,含租約；,RPQNMLMLJHLGFDB47DA,689.5,0.0,0.0,無,
沙鹿區,土地,自強段469地號,11.37,都市：其他:第二種住宅區,,,1150101,土地3建物0車位0,,,其他,,,,0.0,0,0,0,無,無,567550,49916,,0.0,0,,RPRNMLSLQHLGFFB56EA,0.0,0.0,0.0,無,0254
北區,房地(土地+建物),臺中市北區進化北路３０２號,77.0,都市：其他:第三種住宅區。,,,1141226,土地1建物1車位0,全,五層,透天厝,住商用,鋼筋混凝土造,0770128,333.1,0,0,5,有,無,23500000,70549,,0.0,0,其他：1-5樓增建後面其他增建；,RPROMLQJPHLGFBB28DA,327.28,5.82,0.0,無,
大甲區,土地,義和段489地號,193.44,都市：其他:乙種工業區,,,1141210,土地1建物0車位0,,,其他,,,,0.0,0,0,0,無,無,14337400,74118,,0.0,0,,RPSOMLSJLHLGFEB48DA,0.0,0.0,0.0,無,
南屯區,房地(土地+建物)+車位,臺中市南屯區忠勇路１２９之１號八樓之６,16.44,都市：其他:第三種住宅區。,,,1141216,土地1建物1車位1,八層,二十一層,住宅大樓(11層含以上有電梯),住家用,鋼筋混凝土造,1150710,153.27,3,2,2,有,有,21500000,153548,坡道平面,29.53,2500000,親友、員工、共有人或其他特殊關係間之交易；預售屋、或土地及建物分件登記案件；,RPOROLQLQHLGFCB88DA,74.96,0.0,7.33,有,
南屯區,房地(土地+建物)+車位,臺中市南屯區忠勇路１２９之５號十一樓之２,16.55,都市：其他:第三種住宅區。,,,1141028,土地1建物1車位1,十一層,二十一層,住宅大樓(11層含以上有電梯),住家用,鋼筋混凝土造,1150710,153.79000000000002,3,2,2,有,有,21880000,152342,坡道平面,29.53,2950000,親友、員工、共有人或其他特殊關係間之交易；預售屋、或土地及建物分件登記案件；,RPXNOLQLQHLGFCB76DA,75.48,0.0,7.33,有,
北屯區,房地(土地+建物)+車位,臺中市北屯區榮富街６５號四樓,29.9,都市：其他:第一之一種住宅區,,,1140908,土地1建物1車位1,四層,八層,華廈(10層含以下有電梯),住家用,鋼筋混凝土造,1150526,114.36,2,2,2,有,有,17900000,184326,坡道平面,28.1,2000000,預售屋、或土地及建物分件登記案件；,RPPNMLPJPHLGFBB87DA,50.26,0.0,6.68,有,
豐原區,房地(土地+建物)+車位,臺中市豐原區豐原大道三段２３９巷１０６號八樓之２,19.44,都市：其他:第二種住宅區,,,1140920,土地1建物1車位1,八層,十四層,住宅大樓(11層含以上有電梯),住家用,鋼筋混凝土造,1150424,114.69999999999999,2,2,1,有,有,12050000,123224,坡道平面,32.33,1900000,預售屋、或土地及建物分件登記案件；,RPRNMLPLQHLGFDB58DA,50.84,0.0,3.6,有,
西屯區,土地,西屯段2358地號,35.34,都市：其他:第三之二種住宅區,,,1140815,土地4建物0車位0,,,其他,,,,0.0,0,0,0,無,無,10241990,289813,,0.0,0,親友、員工、共有人或其他特殊關係間之交易；未登記建物；,RPSRMLRLQHLGFCB56DA,0.0,0.0,0.0,無,0256
西屯區,土地,西屯段2358地號,70.69,都市：其他:第三之二種住宅區,,,1140815,土地4建物0車位0,,,其他,,,,0.0,0,0,0,無,無,23753800,336028,,0.0,0,親友、員工、共有人或其他特殊關係間之交易；未登記建物；,RPVRMLRLQHLGFCB86DA,0.0,0.0,0.0,無,0256
西屯區,土地,西屯段2358地號,94.98,都市：其他:第三之二種住宅區,,,1140815,土地4建物0車位0,,,其他,,,,0.0,0,0,0,無,無,22986080,242010,,0.0,0,親友、員工、共有人或其他特殊關係間之交易；未登記建物；,RPRSMLRLQHLGFCB56DA,0.0,0.0,0.0,無,0256
西屯區,土地,西屯段2358地號,94.98,都市：其他:第三之二種住宅區,,,1140815,土地4建物0車位0,,,其他,,,,0.0,0,0,0,無,無,22986080,242010,,0.0,0,親友、員工、共有人或其他特殊關係間之交易；未登記建物；,RPWSMLRLQHLGFCB07DA,0.0,0.0,0.0,無,0256
北屯區,房地(土地+建物)+車位,臺中市北屯區敦富一街３６８號四樓之３,22.86,都市：其他:第二之一種住宅區,,,1140820,土地1建物1車位1,四層,十七層,住宅大樓(11層含以上有電梯),住家用,鋼筋混凝土造,1150318,158.44,3,2,2,有,有,21080000,150597,坡道平面,32.74,2150000,預售屋、或土地及建物分件登記案件；,RPVOMLQJQHLGFBB78DA,74.17,0.0,8.99,有,
梧棲區,房地(土地+建物)+車位,臺中市梧棲區中央路一段５３５之１號二樓之８,45.18,都市：其他:農業區,,,1140712,土地1建物1車位1,二層,四層,華廈(10層含以下有電梯),住家用,鋼筋混凝土造,1150623,110.27000000000001,2,1,1,有,有,8154602,83920,一樓平面,28.59,1300000,原合約總價新台幣818萬元整，因工程變更追減2萬5398元整，追減後價金為 815萬4602元整。預售屋、或土地及建物分件登記案件；,RPVNMLLJRHLGFFB68DA,49.05,0.0,8.34,有,
南屯區,土地,知高段179-13地號,2.44,都市：其他:機關用地,,,1140710,土地1建物0車位0,,,其他,,,,0.0,0,0,0,無,無,73929,30299,,0.0,0,親友、員工、共有人或其他特殊關係間之交易；,RPSNMLRKQHLGFCB68DA,0.0,0.0,0.0,無,0260
南屯區,土地,知高段180-2地號,2.97,都市：其他:機關用地,,,1140710,土地1建物0車位0,,,其他,,,,0.0,0,0,0,無,無,89712,30206,,0.0,0,親友、員工、共有人或其他特殊關係間之交易；,SPSNMLRKQHLGFCB78DA,0.0,0.0,0.0,無,
南屯區,土地,知高段180-39地號,0.06,都市：其他:機關用地,,,1140710,土地1建物0車位0,,,其他,,,,0.0,0,0,0,無,無,1938,0,,0.0,0,親友、員工、共有人或其他特殊關係間之交易；,TPSNMLRKQHLGFCB88DA,0.0,0.0,0.0,無,0261
南屯區,土地,知高段181-24地號,25.28,都市：其他:機關用地,,,1140710,土地1建物0車位0,,,其他,,,,0.0,0,0,0,無,無,764811,30254,,0.0,0,親友、員工、共有人或其他特殊關係間之交易；,UPSNMLRKQHLGFCB98DA,0.0,0.0,0.0,無,
南屯區,土地,知高段181-28地號,1.58,都市：其他:乙種工業區,,,1140710,土地1建物0車位0,,,其他,,,,0.0,0,0,0,無,無,47888,30309,,0.0,0,親友、員工、共有人或其他特殊關係間之交易；,VPSNMLRKQHLGFCB09DA,0.0,0.0,0.0,無,0262
南屯區,土地,知高段181-29地號,0.1,都市：其他:乙種工業區,,,1140710,土地1建物0車位0,,,其他,,,,0.0,0,0,0,無,無,3063,0,,0.0,0,親友、員工、共有人或其他特殊關係間之交易；,WPSNMLRKQHLGFCB56DA,0.0,0.0,0.0,無,0263
南屯區,土地,知高段181-36地號,2.46,都市：其他:道路用地,,,1140710,土地1建物0車位0,,,其他,,,,0.0,0,0,0,無,無,74337,30218,,0.0,0,親友、員工、共有人或其他特殊關係間之交易；,XPSNMLRKQHLGFCB66DA,0.0,0.0,0.0,無,
南屯區,土地,知高段181-37地號,4.06,都市：其他:機關用地,,,1140710,土地1建物0車位0,,,其他,,,,0.0,0,0,0,無,無,122782,30242,,0.0,0,親友、員工、共有人或其他特殊關係間之交易；,YPSNMLRKQHLGFCB76DA,0.0,0.0,0.0,無,
南屯區,土地,知高段182-1地號,6.31,都市：其他:乙種工業區,,,1140710,土地1建物0車位0,,,其他,,,,0.0,0,0,0,無,無,190776,30234,,0.0,0,親友、員工、共有人或其他特殊關係間之交易；,ZPSNMLRKQHLGFCB86DA,0.0,0.0,0.0,無,0264
南屯區,土地,知高段182-2地號,10.03,都市：其他:乙種工業區,,,1140710,土地1建物0車位0,,,其他,,,,0.0,0,0,0,無,無,303469,30256,,0.0,0,親友、員工、共有人或其他特殊關係間之交易；,QQSNMLRKQHLGFCB68DA,0.0,0.0,0.0,無,
南屯區,土地,知高段184-15地號,1.42,都市：其他:乙種工業區,,,1140710,土地1建物0車位0,,,其他,,,,0.0,0,0,0,無,無,43095,30349,,0.0,0,親友、員工、共有人或其他特殊關係間之交易；,RQSNMLRKQHLGFCB78DA,0.0,0.0,0.0,無,0265
南屯區,土地,知高段184-25地號,0.85,都市：其他:道路用地,,,1140710,土地1建物0車位0,,,其他,,,,0.0,0,0,0,無,無,25579,0,,0.0,0,親友、員工、共有人或其他特殊關係間之交易；,SQSNMLRKQHLGFCB88DA,0.0,0.0,0.0,無,0266
南屯區,土地,知高段184-32地號,1.57,都市：其他:道路用地,,,1140710,土地1建物0車位0,,,其他,,,,0.0,0,0,0,無,無,47544,30283,,0.0,0,親友、員工、共有人或其他特殊關係間之交易；,TQSNMLRKQHLGFCB98DA,0.0,0.0,0.0,無,
南屯區,土地,知高段184-34地號,3.14,都市：其他:道路用地,,,1140710,土地1建物0車位0,,,其他,,,,0.0,0,0,0,無,無,95087,30282,,0.0,0,親友、員工、共有人或其他特殊關係間之交易；,UQSNMLRKQHLGFCB09DA,0.0,0.0,0.0,無,
南屯區,房地(土地+建物)+車位,臺中市南屯區精誠南路１３５巷１５號十一樓之５,22.38,都市：其他:第二種住宅區,,,1140702,土地1建物1車位1,十一層,十一層,住宅大樓(11層含以上有電梯),住家用,鋼筋混凝土造,1150601,116.69,2,2,2,有,有,19100000,200987,坡道平面,33.6,2400000,預售屋、或土地及建物分件登記案件；,RPPTMLNJPHLGFCB38DA,48.85,0.0,4.77,有,
東區,土地,福成段177地號,157.6,都市：其他:道路用地,,,1140630,土地5建物0車位0,,,其他,,,,0.0,0,0,0,無,無,12782084,81105,,0.0,0,東區福成段177、177-1地號每坪126000元，同段184、184-1、184-5地號每坪406000元。,RPPNMLNJRHLGFAB87EA,0.0,0.0,0.0,無,
烏日區,房地(土地+建物),臺中市烏日區溪南路一段２３８巷２４３弄１１之３號,77.33,,鄉村區,乙種建築用地,1140515,土地4建物1車位0,全,四層,透天厝,住家用,鋼筋混凝土造,1150416,171.4,4,2,3,有,無,16980000,99067,,0.0,0,預售屋、或土地及建物分件登記案件；,RPWNMLPLQHLGFIB96DA,163.26,0.0,8.14,無,
外埔區,房地(土地+建物)+車位,臺中市外埔區東西巷３２之８號三樓之５,31.85,,鄉村區,乙種建築用地,1140518,土地1建物1車位1,三層,七層,華廈(10層含以下有電梯),住家用,鋼筋混凝土造,1150608,112.12,3,2,2,有,有,8600000,75629,坡道機械,9.91,870000,二親等贈與。換約日期：115.07.25。換約價格：860萬。預售屋、或土地及建物分件登記案件；,RPSOMLLJRHLGFEB38DA,68.3,0.0,6.17,有,
后里區,房地(土地+建物)+車位,臺中市后里區甲后路三段１４２號八樓之３,28.74,,鄉村區,乙種建築用地,1140427,土地1建物1車位1,八層,九層,華廈(10層含以下有電梯),住家用,鋼筋混凝土造,1150513,139.71,3,2,2,有,有,13790000,109693,坡道平面,27.67,1500000,親友、員工、共有人或其他特殊關係間之交易；預售屋、或土地及建物分件登記案件；,RPPTMLNKPHLGFDB58DA,68.99,0.0,6.05,有,
后里區,房地(土地+建物)+車位,臺中市后里區甲后路三段１３６號八樓之３,28.85,,鄉村區,乙種建築用地,1140427,土地1建物1車位1,八層,九層,華廈(10層含以下有電梯),住家用,鋼筋混凝土造,1150513,137.84,3,2,2,有,有,13830000,109707,坡道平面,25.45,1500000,親友、員工、共有人或其他特殊關係間之交易；預售屋、或土地及建物分件登記案件；,RPRTMLNKPHLGFDB78DA,69.2,0.0,6.06,有,
太平區,房地(土地+建物),臺中市太平區新光路５９之１０號,83.59,都市：其他:住宅區,,,1140401,土地4建物1車位0,全,四層,透天厝,住家用,鋼筋混凝土造,1141022,200.99,4,3,5,有,無,28570000,142146,,0.0,0,預售屋、或土地及建物分件登記案件；,RPTNMLMJRHLGFJB98DA,192.58,0.0,8.41,有,
外埔區,房地(土地+建物)+車位,臺中市外埔區東西巷３２之８號六樓之５,31.85,,鄉村區,乙種建築用地,1140215,土地1建物1車位1,六層,七層,華廈(10層含以下有電梯),住家用,鋼筋混凝土造,1150608,112.12,3,2,2,有,有,9000000,79738,坡道機械,9.91,850000,預售屋、或土地及建物分件登記案件；,RPRNMLLJRHLGFEB18DA,68.3,0.0,6.17,有,
后里區,房地(土地+建物)+車位,臺中市后里區民生路９８號六樓之２,27.57,都市：其他:住宅區,,,1140224,土地1建物1車位1,六層,十三層,住宅大樓(11層含以上有電梯),住家用,鋼筋混凝土造,1150510,153.65,3,2,2,有,有,16450000,114691,坡道平面,25.48,1750000,預售屋、或土地及建物分件登記案件；,RPOQMLSLPHLGFDB78DA,76.08,0.0,8.54,有,
中區,房地(土地+建物)+車位,臺中市中區民權路１８０號十樓之１,13.92,都市：其他:第二種商業區,,,1140120,土地2建物1車位1,十層,十二層,住宅大樓(11層含以上有電梯),住家用,鋼筋混凝土造,1150524,134.63,3,2,2,有,有,18940000,154101,坡道平面,26.0,2200000,預售屋、或土地及建物分件登記案件；,RPUOMLKKQHLGFAB08DA,63.8,0.0,8.37,有,
后里區,房地(土地+建物)+車位,臺中市后里區甲后路三段１４２號四樓之１,28.85,,鄉村區,乙種建築用地,1131202,土地1建物1車位1,四層,九層,華廈(10層含以下有電梯),住家用,鋼筋混凝土造,1150513,140.07,3,2,2,有,有,12300000,96530,坡道平面,27.67,1450000,預售屋、或土地及建物分件登記案件；,RPSPMLNKPHLGFDB48DA,69.2,0.0,6.06,有,
中區,房地(土地+建物)+車位,臺中市中區民權路１８０號五樓之１,13.92,都市：其他:第二種商業區,,,1131214,土地2建物1車位1,五層,十二層,住宅大樓(11層含以上有電梯),住家用,鋼筋混凝土造,1150524,121.65,3,2,2,有,有,17120000,149300,坡道機械,13.01,900000,預售屋、或土地及建物分件登記案件；,RPROMLSLQHLGFAB68DA,63.8,0.0,8.37,有,
西屯區,房地(土地+建物)+車位,臺中市西屯區青海南街２３３號三樓之１,13.9,都市：其他:第二種住宅區,,,1131130,土地1建物1車位1,三層,二十三層,住宅大樓(11層含以上有電梯),住家用,鋼筋混凝土造,1150407,93.49000000000001,2,1,1,有,有,16280000,194573,坡道機械,15.73,1150000,預售屋、或土地及建物分件登記案件；,RPTNMLLKQHLGFCB18DA,45.08,0.0,4.02,有,
北屯區,房地(土地+建物)+車位,臺中市北屯區興安路二段１００號二樓之５,21.74,都市：其他:第二種住宅區,,,1131101,土地1建物1車位1,二層,十四層,住宅大樓(11層含以上有電梯),住家用,鋼筋混凝土造,1150507,155.79,3,2,2,有,有,18650000,126900,坡道平面,24.19,1950000,預售屋、或土地及建物分件登記案件；,RPUSMLMJRHLGFBB78DA,78.47,0.0,9.05,有,
烏日區,房地(土地+建物),臺中市烏日區光明路２４巷１號,98.65,都市：其他:農業區,,,1131108,土地4建物1車位0,全,四層,透天厝,住家用,鋼筋混凝土造,1150209,234.82,5,1,6,有,無,24500000,104335,,0.0,0,預售屋、或土地及建物分件登記案件；,RPTNMLNLOHLGFIB88DA,210.35,0.0,24.47,有,
外埔區,房地(土地+建物)+車位,臺中市外埔區東西巷３２之８號二樓之５,31.85,,鄉村區,乙種建築用地,1131116,土地1建物1車位1,二層,七層,華廈(10層含以下有電梯),住家用,鋼筋混凝土造,1150608,112.12,3,2,2,有,有,8700000,77781,坡道機械,9.91,750000,預售屋、或土地及建物分件登記案件；,RPPNMLLJRHLGFEB97DA,68.3,0.0,6.17,有,
烏日區,房地(土地+建物),臺中市烏日區光明路２２號,82.03,都市：其他:農業區,,,1131116,土地3建物1車位0,全,四層,透天厝,住家用,鋼筋混凝土造,1150209,208.31,5,2,6,有,無,24680000,118477,,0.0,0,預售屋、或土地及建物分件登記案件；,RPSNMLNLOHLGFIB78DA,173.22,0.0,35.09,有,
南屯區,房地(土地+建物)+車位,臺中市南屯區精誠南路１３５巷１５號三樓之５,22.38,都市：其他:第二種住宅區,,,1131111,土地1建物1車位1,三層,十一層,住宅大樓(11層含以上有電梯),住家用,鋼筋混凝土造,1150601,100.5,2,2,2,有,有,16900000,184138,坡道機械,17.41,1600000,預售屋、或土地及建物分件登記案件；,RPTQMLNJPHLGFCB48DA,48.85,0.0,4.77,有,
后里區,房地(土地+建物)+車位,臺中市后里區民生路１００號三樓之３,26.62,都市：其他:住宅區,,,1131122,土地1建物1車位1,三層,十三層,住宅大樓(11層含以上有電梯),住家用,鋼筋混凝土造,1150510,149.26,3,2,2,有,有,15300000,109064,坡道平面,25.48,1800000,預售屋、或土地及建物分件登記案件；,RPWOMLSLQHLGFDB86DA,74.05,0.0,7.66,有,
后里區,房地(土地+建物)+車位,臺中市后里區甲后路三段１３８號一樓之８,19.92,,鄉村區,乙種建築用地,1131016,土地1建物1車位1,一層,九層,華廈(10層含以下有電梯),住家用,鋼筋混凝土造,1150513,103.21000000000001,2,2,1,有,有,9880000,109053,坡道平面,25.45,1400000,預售屋、或土地及建物分件登記案件；,RPVNMLPLQHLGFDB98DA,46.35,0.0,5.68,有,
北屯區,房地(土地+建物)+車位,臺中市北屯區長富街１８８號六樓之１,25.82,都市：其他:第一之三種住宅區,,,1130913,土地1建物1車位1,六層,十層,華廈(10層含以下有電梯),住家用,鋼筋混凝土造,1150609,135.53,2,2,2,有,有,17420000,168368,坡道平面,45.43,2250000,預售屋、或土地及建物分件登記案件；,RPRWMLQJPHLGFBB09DA,54.06,0.0,3.56,有,
西區,房地(土地+建物),臺中市西區南屯路一段４２－１號,161.68,都市：其他:第二種商業區,,,1130915,土地2建物1車位0,全,二層,透天厝,商業用,鐵筋加強磚,0630503,200.66,4,3,2,有,無,29000000,144523,,0.0,0,,RPUNMLSLQHLGFAB88DA,200.66,0.0,0.0,無,
北屯區,房地(土地+建物)+車位,臺中市北屯區敦富一街３６８號八樓之５,22.46,都市：其他:第二之一種住宅區,,,1130930,土地1建物1車位1,八層,十七層,住宅大樓(11層含以上有電梯),住家用,鋼筋混凝土造,1150318,156.26,3,2,2,有,有,20660000,150664,坡道平面,32.74,2050000,預售屋、或土地及建物分件登記案件；,RPUQMLSKQHLGFBB56DA,73.96,0.0,7.77,有,
梧棲區,房地(土地+建物)+車位,臺中市梧棲區民和東街９１號二樓之３,24.44,都市：其他:第四種住宅區,,,1130921,土地1建物1車位1,二層,七層,華廈(10層含以下有電梯),住家用,鋼筋混凝土造,1150505,105.3,2,2,1,有,有,7700000,88508,坡道平面,32.99,1300000,,RPUNMLMLQHLGFFB78DA,46.41,0.0,5.27,有,
梧棲區,房地(土地+建物)+車位,臺中市梧棲區中央路一段５３５之１號三樓之９,36.41,都市：其他:農業區,,,1130926,土地1建物1車位1,三層,四層,華廈(10層含以下有電梯),住家用,鋼筋混凝土造,1150623,94.47,2,1,1,有,有,7185100,89331,一樓平面,28.59,1300000,原合約總價新台幣718萬元整，因工程變更追加5100元整，追加後價金為718萬5100元整。預售屋、或土地及建物分件登記案件；,RPPOMLLJRHLGFFB18DA,42.74,0.0,3.58,有,
梧棲區,房地(土地+建物)+車位,臺中市梧棲區中央路一段５３５之１號四樓之７,40.39,都市：其他:農業區,,,1130922,土地1建物1車位1,四層,四層,華廈(10層含以下有電梯),住家用,鋼筋混凝土造,1150623,102.15,2,1,1,有,有,7687000,87507,一樓平面,28.59,1250000,原合約總價新台幣768萬元整，因工程變更追加7000元整，追加後價金為768萬7000元整。預售屋、或土地及建物分件登記案件；,RPQOMLLJRHLGFFB28DA,45.37,0.0,6.32,有,
北屯區,房地(土地+建物)+車位,臺中市北屯區榮德一路３５９號二樓之１,27.37,都市：其他:第一之一種住宅區,,,1130917,土地2建物1車位1,二層,七層,華廈(10層含以下有電梯),住家用,鋼筋混凝土造,1150428,103.03,2,2,2,有,無,15800000,177209,坡道平面,25.72,2100000,於民國115年3月13日配偶之間讓渡，買賣總價不變。預售屋、或土地及建物分件登記案件；,RPUTNLOKQHLGFBB56DA,46.1,0.0,5.3,有,
烏日區,房地(土地+建物),臺中市烏日區光明路２４巷２號,77.88,都市：其他:農業區,,,1130919,土地4建物1車位0,全,三層,透天厝,住家用,鋼筋混凝土造,1150209,140.48,2,2,2,有,無,18500000,131691,,0.0,0,預售屋、或土地及建物分件登記案件；,RPWNMLMLOHLGFIB09DA,125.0,0.0,15.48,無,
南屯區,房地(土地+建物)+車位,臺中市南屯區精誠南路１３５巷１５號十樓之５,22.38,都市：其他:第二種住宅區,,,1130910,土地1建物1車位1,十層,十一層,住宅大樓(11層含以上有電梯),住家用,鋼筋混凝土造,1150601,116.69,2,2,2,有,有,19160000,201709,坡道平面,33.6,2400000,預售屋、或土地及建物分件登記案件；,RPWSMLNJPHLGFCB98DA,48.85,0.0,4.77,有,
北屯區,房地(土地+建物)+車位,臺中市北屯區長富街１８８號十樓之５,25.41,都市：其他:第一之三種住宅區,,,1130803,土地1建物1車位1,十層,十層,華廈(10層含以下有電梯),住家用,鋼筋混凝土造,1150609,134.07999999999998,2,2,2,有,有,17250000,170897,坡道平面,45.43,2100000,預售屋、或土地及建物分件登記案件；,RPTPNLQJPHLGFBB68DA,52.75,0.0,3.95,有,
后里區,房地(土地+建物)+車位,臺中市后里區甲后路三段１３８號四樓之６,22.21,,鄉村區,乙種建築用地,1130809,土地1建物1車位1,四層,九層,華廈(10層含以下有電梯),住家用,鋼筋混凝土造,1150513,114.21000000000001,2,2,2,有,有,9820000,96141,坡道平面,27.67,1500000,預售屋、或土地及建物分件登記案件；,RPPQMLNKPHLGFDB28DA,52.49,0.0,5.4,有,
大肚區,房地(土地+建物),臺中市大肚區太平路２８號九樓之３,19.83,,鄉村區,乙種建築用地,1130804,土地1建物1車位0,九層,十層,華廈(10層含以下有電梯),住家用,鋼筋混凝土造,1150616,74.55,2,2,1,有,有,9900000,132797,,0.0,0,預售屋、或土地及建物分件登記案件；,RPSNMLPLQHLGFKB76DA,44.58,0.0,5.21,有,
南區,房地(土地+建物)+車位,臺中市南區忠孝路７６之３號十七樓之１,26.06,都市：其他:第二種商業區,,,1130818,土地7建物1車位2,十七層,二十四層,住宅大樓(11層含以上有電梯),住家用,鋼筋混凝土造,1150706,249.42000000000002,4,2,2,有,有,34980000,162321,坡道平面,59.18,4100000,預售屋、或土地及建物分件登記案件；,RPPOMLNJRHLGFAB87DA,116.08,0.0,9.57,有,
南屯區,房地(土地+建物)+車位,臺中市南屯區忠勇路１２９之１３號三樓之３,16.98,都市：其他:第三種住宅區。,,,1130810,土地1建物1車位1,三層,二十一層,住宅大樓(11層含以上有電梯),住家用,鋼筋混凝土造,1150710,157.86,3,2,2,有,有,23700000,166758,坡道平面,29.53,2300000,預售屋、或土地及建物分件登記案件；,RPPPMLQLQHLGFCB58DA,78.73,0.0,6.59,有,
南屯區,房地(土地+建物)+車位,臺中市南屯區忠勇路１２９之５號十六樓之２,16.55,都市：其他:第三種住宅區。,,,1130812,土地1建物1車位1,十六層,二十一層,住宅大樓(11層含以上有電梯),住家用,鋼筋混凝土造,1150710,153.79000000000002,3,2,2,有,有,24570000,175197,坡道平面,29.53,2800000,預售屋、或土地及建物分件登記案件；,RPWOOLQLQHLGFCB76DA,75.48,0.0,7.33,有,
南屯區,房地(土地+建物)+車位,臺中市南屯區忠勇路１２９之１６號十五樓之６,16.44,都市：其他:第三種住宅區。,,,1130831,土地1建物1車位1,十五層,二十一層,住宅大樓(11層含以上有電梯),住家用,鋼筋混凝土造,1150710,153.27,3,2,2,有,有,24960000,177873,坡道平面,29.53,2950000,預售屋、或土地及建物分件登記案件；,RPWQMLRLQHLGFCB86DA,74.96,0.0,7.33,有,
南屯區,房地(土地+建物)+車位,臺中市南屯區精誠南路１３５巷１５號三樓之１,23.3,都市：其他:第二種住宅區,,,1130805,土地1建物1車位1,三層,十一層,住宅大樓(11層含以上有電梯),住家用,鋼筋混凝土造,1150601,103.9,2,2,2,有,有,17030000,185339,坡道機械,17.41,1000000,預售屋、或土地及建物分件登記案件；,RPQQMLNJPHLGFCB18DA,50.05,0.0,5.76,有,
南屯區,房地(土地+建物)+車位,臺中市南屯區精誠南路１３５巷１５號四樓之１,23.3,都市：其他:第二種住宅區,,,1130811,土地1建物1車位1,四層,十一層,住宅大樓(11層含以上有電梯),住家用,鋼筋混凝土造,1150601,103.9,2,2,2,有,有,17270000,188114,坡道機械,17.41,1000000,預售屋、或土地及建物分件登記案件；,RPUQMLNJPHLGFCB58DA,50.05,0.0,5.76,有,
南屯區,房地(土地+建物)+車位,臺中市南屯區永春東七路５５２號十一樓之５,27.55,都市：其他:第一之一種住宅區,,,1130817,土地2建物1車位3,十一層,十五層,住宅大樓(11層含以上有電梯),住家用,鋼筋混凝土造,1140831,316.81,4,2,3,有,有,50950000,191158,坡道平面,91.08,7800000,預售屋、或土地及建物分件登記案件；,RPQQNLMKQHLGFCB38DA,137.52,0.0,11.47,有,
北屯區,房地(土地+建物)+車位,臺中市北屯區南興園路８６號,31.64,都市：其他:第一之三種住宅區,,,1130714,土地1建物1車位1,一層，見其他登記事項,十層,華廈(10層含以下有電梯),商業用,鋼筋混凝土造,1150609,199.5,0,0,0,無,有,37900000,231388,坡道平面,45.43,2250000,預售屋、或土地及建物分件登記案件；,RPRQMLQJPHLGFBB48DA,114.21,0.0,0.0,有,
北屯區,房地(土地+建物),臺中市北屯區南興園路８２號,24.99,都市：其他:第一之三種住宅區,,,1130702,土地1建物1車位0,一層，見其他登記事項,十層,華廈(10層含以下有電梯),辦公用,鋼筋混凝土造,1150609,121.43,0,0,0,無,有,30580000,251832,,0.0,0,預售屋、或土地及建物分件登記案件；,RPUQMLQJPHLGFBB78DA,90.0,0.0,0.0,有,
北屯區,房地(土地+建物)+車位,臺中市北屯區長富街１８２號,13.66,都市：其他:第一之三種住宅區,,,1130707,土地1建物1車位1,一層，見其他登記事項,十層,華廈(10層含以下有電梯),辦公用,鋼筋混凝土造,1150609,111.77000000000001,0,0,0,無,有,17000000,224299,坡道平面,45.43,2120000,預售屋、或土地及建物分件登記案件；,RPWQMLQJPHLGFBB98DA,49.18,0.0,0.0,有,
北屯區,房地(土地+建物)+車位,臺中市北屯區長富街１８８號七樓之２,25.85,都市：其他:第一之三種住宅區,,,1130714,土地1建物1車位1,七層,十層,華廈(10層含以下有電梯),住家用,鋼筋混凝土造,1150609,135.66,2,2,2,有,有,17060000,165799,坡道平面,45.43,2100000,預售屋、或土地及建物分件登記案件；,RPWNNLQJPHLGFBB78DA,54.15,0.0,3.56,有,
后里區,房地(土地+建物)+車位,臺中市后里區甲后路三段１３８號四樓之１,28.74,,鄉村區,乙種建築用地,1130726,土地1建物1車位1,四層,九層,華廈(10層含以下有電梯),住家用,鋼筋混凝土造,1150513,139.71,3,2,2,有,有,12200000,95502,坡道平面,27.67,1500000,預售屋、或土地及建物分件登記案件；,RPOQMLNKPHLGFDB18DA,68.99,0.0,6.05,有,
北屯區,房地(土地+建物)+車位,臺中市北屯區昌平東八路１３號三樓之２,46.64,都市：其他:第一之一種住宅區,,,1130719,土地1建物1車位1,三層,十四層,住宅大樓(11層含以上有電梯),住家用,鋼筋混凝土造,1150606,197.68,4,2,2,有,有,32070000,175789,坡道平面,27.76,2200000,預售屋、或土地及建物分件登記案件；,RPTOMLOLOHLGFBB38DA,100.87,0.0,12.09,有,
北屯區,房地(土地+建物)+車位,臺中市北屯區昌平東八路１５號十四樓之５,32.87,都市：其他:第一之一種住宅區,,,1130727,土地1建物1車位1,十四層,十四層,住宅大樓(11層含以上有電梯),住家用,鋼筋混凝土造,1150606,145.74,2,2,2,有,有,24500000,187260,坡道平面,26.12,2100000,預售屋、或土地及建物分件登記案件；,RPQPNLOLOHLGFBB28DA,70.68,0.0,8.85,有,
北屯區,房地(土地+建物)+車位,臺中市北屯區昌平東六路５８９號十八樓之７,35.34,都市：其他:第一之一種住宅區,,,1130722,土地1建物1車位1,十八層,二十一層,住宅大樓(11層含以上有電梯),住家用,鋼筋混凝土造,1150608,160.06,3,2,2,有,有,22520000,165956,坡道平面,35.81,1900000,預售屋、或土地及建物分件登記案件；,RPPPMLLMQHLGFBB08DA,72.88,0.0,8.18,有,
南屯區,房地(土地+建物)+車位,臺中市南屯區忠勇路１２９之１５號八樓之５,16.98,都市：其他:第三種住宅區。,,,1130713,土地1建物1車位1,八層,二十一層,住宅大樓(11層含以上有電梯),住家用,鋼筋混凝土造,1150710,157.86,3,2,2,有,有,23300000,163641,坡道平面,29.53,2300000,預售屋、或土地及建物分件登記案件；,RPOPOLQLQHLGFCB68DA,78.73,0.0,6.59,有,
南屯區,房地(土地+建物)+車位,臺中市南屯區忠勇路１２９之１５號十五樓之５,16.98,都市：其他:第三種住宅區。,,,1130726,土地1建物1車位1,十五層,二十一層,住宅大樓(11層含以上有電梯),住家用,鋼筋混凝土造,1150710,157.86,3,2,2,有,有,24600000,169485,坡道平面,29.53,2850000,預售屋、或土地及建物分件登記案件；,RPPPMLRLQHLGFCB68DA,78.73,0.0,6.59,有,
南屯區,房地(土地+建物)+車位,臺中市南屯區忠勇路１２９之１５號十六樓之５,16.98,都市：其他:第三種住宅區。,,,1130721,土地1建物1車位2,十六層,二十一層,住宅大樓(11層含以上有電梯),住家用,鋼筋混凝土造,1150710,187.39,3,2,2,有,有,27830000,173225,坡道平面,59.06,5600000,預售屋、或土地及建物分件登記案件；,RPWPMLRLQHLGFCB76DA,78.73,0.0,6.59,有,
后里區,房地(土地+建物)+車位,臺中市后里區民生路１００號十樓之１,27.44,都市：其他:住宅區,,,1130706,土地1建物1車位1,十層,十三層,住宅大樓(11層含以上有電梯),住家用,鋼筋混凝土造,1150510,153.0,3,2,2,有,有,16700000,118021,坡道平面,25.48,1650000,預售屋、或土地及建物分件登記案件；,RPWOMLTLPHLGFDB86DA,75.9,0.0,8.32,有,
后里區,房地(土地+建物)+車位,臺中市后里區民生路１００號十二樓之２,27.44,都市：其他:住宅區,,,1130717,土地1建物1車位1,十二層,十三層,住宅大樓(11層含以上有電梯),住家用,鋼筋混凝土造,1150510,153.0,3,2,2,有,有,16860000,119668,坡道平面,25.48,1600000,預售屋、或土地及建物分件登記案件；,RPQQMLTLPHLGFDB09DA,75.9,0.0,8.32,有,
北屯區,房地(土地+建物)+車位,臺中市北屯區長富街１８８號十樓之６,23.1,都市：其他:第一之三種住宅區,,,1130622,土地1建物1車位1,十層,十層,華廈(10層含以下有電梯),住家用,鋼筋混凝土造,1150609,126.05,2,2,1,有,有,17360000,186182,坡道平面,45.43,2350000,預售屋、或土地及建物分件登記案件；,RPUPNLQJPHLGFBB78DA,47.39,0.0,4.17,有,
后里區,房地(土地+建物)+車位,臺中市后里區甲后路三段１３６號二樓之１,28.85,,鄉村區,乙種建築用地,1130602,土地1建物1車位1,二層,九層,華廈(10層含以下有電梯),住家用,鋼筋混凝土造,1150513,140.06,3,2,2,有,有,11850000,92980,坡道平面,27.67,1400000,預售屋、或土地及建物分件登記案件；,RPVNMLNKPHLGFDB58DA,69.19,0.0,6.06,有,
太平區,房地(土地+建物)+車位,臺中市太平區育才路１７３號十四樓之３,32.96,都市：其他:住宅區,,,1130613,土地1建物1車位2,十四層,十五層,住宅大樓(11層含以上有電梯),住家用,鋼筋混凝土造,1150113,215.6,4,2,2,有,有,20850000,112165,坡道平面,56.46,3000000,預售屋、或土地及建物分件登記案件；,RPSNMLSLQHLGFJB96DA,98.88,0.0,10.0,有,
中區,房地(土地+建物)+車位,臺中市中區民權路１８０號三樓之２,15.56,都市：其他:第二種商業區,,,1130601,土地2建物1車位1,三層,十二層,住宅大樓(11層含以上有電梯),住家用,鋼筋混凝土造,1150524,134.8,3,2,2,有,有,18230000,141062,坡道機械,13.01,1050000,預售屋、或土地及建物分件登記案件；,RPQOMLSLQHLGFAB58DA,71.73,0.0,9.16,有,
北屯區,房地(土地+建物)+車位,臺中市北屯區昌平東八路１５號四樓之５,33.48,都市：其他:第一之一種住宅區,,,1130614,土地1建物1車位1,四層,十四層,住宅大樓(11層含以上有電梯),住家用,鋼筋混凝土造,1150606,149.70999999999998,2,2,2,有,有,23600000,176712,坡道平面,27.76,2050000,預售屋、或土地及建物分件登記案件；,RPQPMLRLPHLGFBB58DA,70.68,0.0,10.39,有,
南區,房地(土地+建物)+車位,臺中市南區永和街１２５巷１６弄８號八樓之１,13.58,都市：其他:第二種住宅區,,,1130622,土地1建物1車位1,八層,十層,華廈(10層含以下有電梯),住家用,鋼筋混凝土造,1150510,98.59,2,2,1,有,有,12150000,171865,坡道平面,38.95,1900000,預售屋、或土地及建物分件登記案件；,RPXOMLKMOHLGFAB38DA,34.37,0.0,3.42,有,
北屯區,房地(土地+建物)+車位,臺中市北屯區昌平東八路１３號三樓之１,46.64,都市：其他:第一之一種住宅區,,,1130622,土地1建物1車位2,三層,十四層,住宅大樓(11層含以上有電梯),住家用,鋼筋混凝土造,1150606,223.79,4,2,2,有,有,34120000,175799,坡道平面,53.88,4250000,預售屋、或土地及建物分件登記案件；,RPQNMLOLOHLGFBB97DA,100.87,0.0,12.09,有,
北屯區,房地(土地+建物)+車位,臺中市北屯區昌平東八路１３號四樓之２,45.61,都市：其他:第一之一種住宅區,,,1130613,土地1建物1車位2,四層,十四層,住宅大樓(11層含以上有電梯),住家用,鋼筋混凝土造,1150606,221.6,4,2,2,有,有,34120000,179853,坡道平面,55.52,4250000,預售屋、或土地及建物分件登記案件；,RPUOMLOLOHLGFBB48DA,100.87,0.0,9.54,有,
北屯區,房地(土地+建物)+車位,臺中市北屯區昌平東八路１５號三樓之５,33.48,都市：其他:第一之一種住宅區,,,1130606,土地1建物1車位1,三層,十四層,住宅大樓(11層含以上有電梯),住家用,鋼筋混凝土造,1150606,149.70999999999998,2,2,2,有,有,23680000,176548,坡道平面,27.76,2150000,預售屋、或土地及建物分件登記案件；,RPXNNLOLOHLGFBB78DA,70.68,0.0,10.39,有,
北屯區,房地(土地+建物)+車位,臺中市北屯區興安路二段９８號二樓之１,20.99,都市：其他:第二種住宅區,,,1130601,土地1建物1車位1,二層,十五層,住宅大樓(11層含以上有電梯),住家用,鋼筋混凝土造,1150507,152.32999999999998,3,2,2,有,有,18200000,127595,坡道平面,24.19,1850000,預售屋、或土地及建物分件登記案件；,RPSPMLKKPHLGFBB97DA,77.61,0.0,7.65,有,
大肚區,房地(土地+建物)+車位,臺中市大肚區太平路２８號八樓之３,19.83,,鄉村區,乙種建築用地,1130602,土地1建物1車位1,八層,十層,華廈(10層含以下有電梯),住家用,鋼筋混凝土造,1150616,101.35,2,2,1,有,有,11180000,126509,坡道平面,26.81,1750000,預售屋、或土地及建物分件登記案件；,RPQNMLPLQHLGFKB56DA,44.58,0.0,5.21,有,
大肚區,房地(土地+建物)+車位,臺中市大肚區太平路２８號五樓之３,19.83,,鄉村區,乙種建築用地,1130630,土地1建物1車位1,五層,十層,華廈(10層含以下有電梯),住家用,鋼筋混凝土造,1150616,101.35,2,2,1,有,有,11100000,125436,坡道平面,26.81,1750000,預售屋、或土地及建物分件登記案件；,RPXNMLQLQHLGFKB37DA,44.58,0.0,5.21,有,
北屯區,房地(土地+建物)+車位,臺中市北屯區榮德一路３５９號五樓之３,27.36,都市：其他:第一之一種住宅區,,,1130618,土地2建物1車位1,五層,七層,華廈(10層含以下有電梯),住家用,鋼筋混凝土造,1150428,103.00999999999999,2,2,2,有,無,15700000,175314,一樓平面,25.72,2150000,預售屋、或土地及建物分件登記案件；,RPVSNLOKQHLGFBB56DA,46.09,0.0,5.3,有,
南屯區,房地(土地+建物)+車位,臺中市南屯區忠勇路１２９之１６號十三樓之１,16.88,都市：其他:第三種住宅區。,,,1130622,土地1建物1車位1,十三層,二十一層,住宅大樓(11層含以上有電梯),住家用,鋼筋混凝土造,1150710,156.76999999999998,3,2,2,有,有,23680000,167243,坡道平面,29.53,2400000,預售屋、或土地及建物分件登記案件；,RPXPOLQLQHLGFCB96DA,73.73,0.0,11.02,有,
南屯區,房地(土地+建物)+車位,臺中市南屯區忠勇路１２９之１５號五樓之３,16.98,都市：其他:第三種住宅區。,,,1130608,土地1建物1車位2,五層,二十一層,住宅大樓(11層含以上有電梯),住家用,鋼筋混凝土造,1150710,187.39,3,2,2,有,有,25250000,161303,坡道平面,59.06,4550000,預售屋、或土地及建物分件登記案件；,RPTOMLRLQHLGFCB98DA,78.73,0.0,6.59,有,
南屯區,房地(土地+建物)+車位,臺中市南屯區忠勇路１２９之１６號二十樓之２,19.51,都市：其他:第三種住宅區。,,,1130609,土地1建物1車位2,二十層,二十一層,住宅大樓(11層含以上有電梯),住家用,鋼筋混凝土造,1150710,205.81,4,2,2,有,有,33450000,188416,坡道平面,59.06,5800000,預售屋、或土地及建物分件登記案件；,RPTQMLRLQHLGFCB56DA,90.43,0.0,7.09,有,
后里區,房地(土地+建物)+車位,臺中市后里區民生路１００號三樓之６,26.36,都市：其他:住宅區,,,1130602,土地1建物1車位1,三層,十三層,住宅大樓(11層含以上有電梯),住家用,鋼筋混凝土造,1150510,148.06,3,2,2,有,有,14780000,107930,坡道平面,25.48,1550000,預售屋、或土地及建物分件登記案件；,RPROMLRLPHLGFDB78DA,76.12,0.0,4.8,有,
后里區,房地(土地+建物)+車位,臺中市后里區民生路９８號十樓之５,27.57,都市：其他:住宅區,,,1130601,土地1建物1車位1,十層,十三層,住宅大樓(11層含以上有電梯),住家用,鋼筋混凝土造,1150510,153.65,3,2,2,有,有,16700000,117032,坡道平面,25.48,1700000,預售屋、或土地及建物分件登記案件；,RPSPMLTLPHLGFDB56DA,76.08,0.0,8.54,有,
后里區,房地(土地+建物)+車位,臺中市后里區民生路１００號十二樓之１,27.44,都市：其他:住宅區,,,1130603,土地1建物1車位1,十二層,十三層,住宅大樓(11層含以上有電梯),住家用,鋼筋混凝土造,1150510,153.0,3,2,2,有,有,16800000,118413,坡道平面,25.48,1700000,預售屋、或土地及建物分件登記案件；,RPPQMLTLPHLGFDB98DA,75.9,0.0,8.32,有,
后里區,房地(土地+建物)+車位,臺中市后里區甲后路三段１３６號九樓之５,19.92,,鄉村區,乙種建築用地,1130510,土地1建物1車位1,九層,九層,華廈(10層含以下有電梯),住家用,鋼筋混凝土造,1150513,105.43,2,2,1,有,有,9460000,103652,坡道平面,27.67,1400000,預售屋、或土地及建物分件登記案件；,RPPUMLNKPHLGFDB68DA,46.35,0.0,5.68,有,
沙鹿區,房地(土地+建物)+車位,臺中市沙鹿區平等六街８９號五樓之２,31.09,都市：其他:第二種住宅區,,,1130523,土地1建物1車位1,五層,七層,華廈(10層含以下有電梯),住家用,鋼筋混凝土造,1150423,128.75,2,1,2,有,無,15100000,137725,坡道平面,33.27,1950000,含裝潢費1000000元；預售屋、或土地及建物分件登記案件；,RPWNMLQJNHLGFFB88DA,58.85,0.0,3.85,有,
后里區,房地(土地+建物),臺中市后里區九甲五路１８８巷１１號二樓,24.99,,特定農業區,甲種建築用地,1130510,土地1建物1車位0,二層,八層,華廈(10層含以下有電梯),住家用,鋼筋混凝土造,1150316,81.22,2,2,2,有,有,8170000,100591,,0.0,0,預售屋、或土地及建物分件登記案件；,RPRNMLOJOHLGFDB08DA,53.88,0.0,3.46,有,
后里區,房地(土地+建物),臺中市后里區九甲五路１８８巷１５號二樓,24.99,,特定農業區,甲種建築用地,1130516,土地1建物1車位0,二層,八層,華廈(10層含以下有電梯),住家用,鋼筋混凝土造,1150316,81.22,2,2,2,有,有,8220000,101207,,0.0,0,預售屋、或土地及建物分件登記案件；,RPWOMLSLPHLGFDB76DA,53.88,0.0,3.46,有,
北屯區,房地(土地+建物)+車位,臺中市北屯區榮德路３９８號十二樓之２,37.1,都市：其他:第一之一種住宅區,,,1130501,土地1建物1車位1,十二層,十三層,住宅大樓(11層含以上有電梯),住家用,鋼筋混凝土造,1150621,167.79,3,2,2,有,有,25200000,174379,坡道平面,36.18,2250000,預售屋、或土地及建物分件登記案件；,RPSWMLQJPHLGFBB56DA,76.52,0.0,8.14,有,
北屯區,房地(土地+建物)+車位,臺中市北屯區昌平東八路１５號九樓之５,33.48,都市：其他:第一之一種住宅區,,,1130514,土地1建物1車位1,九層,十四層,住宅大樓(11層含以上有電梯),住家用,鋼筋混凝土造,1150606,149.70999999999998,2,2,2,有,有,24000000,179172,坡道平面,27.76,2150000,預售屋、或土地及建物分件登記案件；,RPUONLOLOHLGFBB58DA,70.68,0.0,10.39,有,
北屯區,房地(土地+建物)+車位,臺中市北屯區昌平東八路１３號十一樓之１,46.64,都市：其他:第一之一種住宅區,,,1130512,土地1建物1車位2,十一層,十四層,住宅大樓(11層含以上有電梯),住家用,鋼筋混凝土造,1150606,225.44,4,2,2,有,有,34580000,177613,坡道平面,55.52,4400000,預售屋、或土地及建物分件登記案件；,RPPOMLOLOHLGFBB97DA,100.87,0.0,12.09,有,
北屯區,房地(土地+建物)+車位,臺中市北屯區昌平東八路１３號十四樓之１,45.69,都市：其他:第一之一種住宅區,,,1130522,土地1建物1車位2,十四層,十四層,住宅大樓(11層含以上有電梯),住家用,鋼筋混凝土造,1150606,221.97,4,2,2,有,有,35790000,186783,坡道平面,55.52,4700000,預售屋、或土地及建物分件登記案件；,RPSOMLOLOHLGFBB28DA,100.87,0.0,9.78,有,
北屯區,房地(土地+建物)+車位,臺中市北屯區昌平東八路１５號二樓之２,40.62,都市：其他:第一之一種住宅區,,,1130518,土地1建物1車位2,二層,十四層,住宅大樓(11層含以上有電梯),住家用,鋼筋混凝土造,1150606,203.45,3,2,2,有,有,30300000,176097,坡道平面,55.52,4250000,預售屋、或土地及建物分件登記案件；,RPVUMLOLOHLGFBB56DA,86.64,0.0,11.71,有,
北屯區,房地(土地+建物)+車位,臺中市北屯區昌平東八路１５號十一樓之５,33.48,都市：其他:第一之一種住宅區,,,1130526,土地1建物1車位1,十一層,十四層,住宅大樓(11層含以上有電梯),住家用,鋼筋混凝土造,1150606,149.70999999999998,2,2,2,有,有,24700000,184912,坡道平面,27.76,2150000,預售屋、或土地及建物分件登記案件；,RPWONLOLOHLGFBB78DA,70.68,0.0,10.39,有,
北屯區,房地(土地+建物)+車位,臺中市北屯區興安路二段９６號七樓之１,20.99,都市：其他:第二種住宅區,,,1130511,土地1建物1車位1,七層,十五層,住宅大樓(11層含以上有電梯),住家用,鋼筋混凝土造,1150507,145.38,3,2,2,有,有,18000000,134239,坡道機械,17.25,800000,預售屋、或土地及建物分件登記案件；,RPWQMLKKPHLGFBB48DA,77.61,0.0,7.65,有,
北屯區,房地(土地+建物)+車位,臺中市北屯區興安路二段９６號三樓之２,21.37,都市：其他:第二種住宅區,,,1130505,土地1建物1車位1,三層,十五層,住宅大樓(11層含以上有電梯),住家用,鋼筋混凝土造,1150507,147.3,3,2,2,有,有,17090000,123722,坡道機械,17.25,1000000,預售屋、或土地及建物分件登記案件；,RPVSMLMJRHLGFBB88DA,77.41,0.0,9.05,有,
大肚區,房地(土地+建物)+車位,臺中市大肚區太平路２８號五樓之５,22.75,,鄉村區,乙種建築用地,1130517,土地1建物1車位1,五層,十層,華廈(10層含以下有電梯),住家用,鋼筋混凝土造,1150616,112.27,2,2,2,有,有,12220000,120173,坡道平面,26.81,1950000,預售屋、或土地及建物分件登記案件；,RPPOMLQLQHLGFKB66DA,51.8,0.0,5.25,有,
南屯區,房地(土地+建物)+車位,臺中市南屯區忠勇路１２９之１５號八樓之３,16.98,都市：其他:第三種住宅區。,,,1130511,土地1建物1車位1,八層,二十一層,住宅大樓(11層含以上有電梯),住家用,鋼筋混凝土造,1150710,157.86,3,2,2,有,有,23430000,164654,坡道平面,29.53,2300000,預售屋、或土地及建物分件登記案件；,RPXOOLQLQHLGFCB86DA,78.73,0.0,6.59,有,
南屯區,房地(土地+建物)+車位,臺中市南屯區忠勇路１２９之１５號六樓之３,16.98,都市：其他:第三種住宅區。,,,1130511,土地1建物1車位1,六層,二十一層,住宅大樓(11層含以上有電梯),住家用,鋼筋混凝土造,1150710,157.86,3,2,2,有,有,23380000,162706,坡道平面,29.53,2500000,預售屋、或土地及建物分件登記案件；,RPUOMLRLQHLGFCB09DA,78.73,0.0,6.59,有,
南屯區,房地(土地+建物)+車位,臺中市南屯區忠勇路１２９之１５號十樓之３,16.98,都市：其他:第三種住宅區。,,,1130518,土地1建物1車位1,十層,二十一層,住宅大樓(11層含以上有電梯),住家用,鋼筋混凝土造,1150710,157.86,3,2,2,有,有,24100000,165978,坡道平面,29.53,2800000,預售屋、或土地及建物分件登記案件；,RPVOMLRLQHLGFCB56DA,78.73,0.0,6.59,有,
外埔區,房地(土地+建物)+車位,臺中市外埔區東西巷３２之８號五樓之１,24.92,,鄉村區,乙種建築用地,1130505,土地1建物1車位1,五層,七層,華廈(10層含以下有電梯),住家用,鋼筋混凝土造,1150608,89.96000000000001,2,2,1,有,有,7500000,84322,坡道機械,9.91,750000,預售屋、或土地及建物分件登記案件；,RPSNMLLJRHLGFEB28DA,54.84,0.0,3.51,有,
外埔區,房地(土地+建物)+車位,臺中市外埔區東西巷３２之８號五樓之３,24.94,,鄉村區,乙種建築用地,1130502,土地1建物1車位1,五層,七層,華廈(10層含以下有電梯),住家用,鋼筋混凝土造,1150608,90.01,2,2,1,有,有,7350000,82397,坡道機械,9.91,750000,預售屋、或土地及建物分件登記案件；,RPTNMLLJRHLGFEB38DA,54.84,0.0,3.62,有,
外埔區,房地(土地+建物)+車位,臺中市外埔區東西巷３２之８號四樓之１,24.92,,鄉村區,乙種建築用地,1130511,土地1建物1車位1,四層,七層,華廈(10層含以下有電梯),住家用,鋼筋混凝土造,1150608,89.96000000000001,2,2,1,有,有,7400000,83073,坡道機械,9.91,750000,預售屋、或土地及建物分件登記案件；,RPUOMLLJRHLGFEB58DA,54.84,0.0,3.51,有,
南區,房地(土地+建物)+車位,臺中市南區復興路三段１６５號六樓之１,19.62,都市：其他:第二種住宅區,,,1130526,土地2建物1車位1,六層,十二層,住宅大樓(11層含以上有電梯),住家用,鋼筋混凝土造,1150606,147.85000000000002,3,2,2,有,有,18090000,139730,坡道平面,30.91,1750000,預售屋、或土地及建物分件登記案件；,RPVOMLRLQHLGFAB98DA,69.41,0.0,7.93,有,
南屯區,房地(土地+建物)+車位,臺中市南屯區精誠南路１３５巷１５號五樓之３,22.38,都市：其他:第二種住宅區,,,1130523,土地1建物1車位1,五層,十一層,住宅大樓(11層含以上有電梯),住家用,鋼筋混凝土造,1150601,100.5,2,2,2,有,有,16400000,185341,坡道機械,17.41,1000000,預售屋、或土地及建物分件登記案件；,RPORMLNJPHLGFCB08DA,48.85,0.0,4.77,有,
南屯區,房地(土地+建物)+車位,臺中市南屯區精誠南路１３５巷１５號五樓之５,22.38,都市：其他:第二種住宅區,,,1130518,土地1建物1車位1,五層,十一層,住宅大樓(11層含以上有電梯),住家用,鋼筋混凝土造,1150601,100.5,2,2,2,有,有,17080000,186304,坡道機械,17.41,1600000,預售屋、或土地及建物分件登記案件；,RPPRMLNJPHLGFCB18DA,48.85,0.0,4.77,有,
南屯區,房地(土地+建物)+車位,臺中市南屯區精誠南路１３５巷１５號七樓之３,22.38,都市：其他:第二種住宅區,,,1130522,土地1建物1車位1,七層,十一層,住宅大樓(11層含以上有電梯),住家用,鋼筋混凝土造,1150601,116.69,2,2,2,有,有,18070000,192201,坡道平面,33.6,2100000,預售屋、或土地及建物分件登記案件；,RPURMLNJPHLGFCB68DA,48.85,0.0,4.77,有,
后里區,房地(土地+建物)+車位,臺中市后里區民生路１００號六樓之６,26.36,都市：其他:住宅區,,,1130514,土地1建物1車位1,六層,十三層,住宅大樓(11層含以上有電梯),住家用,鋼筋混凝土造,1150510,148.06,3,2,2,有,有,14500000,106053,坡道平面,25.48,1500000,預售屋、或土地及建物分件登記案件；,RPVPMLSLPHLGFDB76DA,76.12,0.0,4.8,有,
后里區,房地(土地+建物)+車位,臺中市后里區民生路１００號十樓之２,27.44,都市：其他:住宅區,,,1130523,土地1建物1車位1,十層,十三層,住宅大樓(11層含以上有電梯),住家用,鋼筋混凝土造,1150510,153.0,3,2,2,有,有,15750000,110571,坡道平面,25.48,1650000,預售屋、或土地及建物分件登記案件；,RPXOMLTLPHLGFDB96DA,75.9,0.0,8.32,有,
中區,房地(土地+建物)+車位,臺中市中區民權路１８０號八樓之５,11.72,都市：其他:第二種商業區,,,1130418,土地2建物1車位1,八層,十二層,住宅大樓(11層含以上有電梯),住家用,鋼筋混凝土造,1150524,104.78999999999999,2,2,1,有,有,14590000,147527,坡道機械,13.01,1050000,預售屋、或土地及建物分件登記案件；,RPVOMLSLQHLGFAB09DA,53.84,0.0,7.13,有,
中區,房地(土地+建物)+車位,臺中市中區民權路１８０號十二樓之５,11.72,都市：其他:第二種商業區,,,1130421,土地2建物1車位1,十二層,十二層,住宅大樓(11層含以上有電梯),住家用,鋼筋混凝土造,1150524,117.78,2,2,1,有,有,15970000,150033,坡道平面,26.0,2200000,本案於民國115年4月23日由配偶讓渡預售屋、或土地及建物分件登記案件；,RPPPMLSLQHLGFAB58DA,53.84,0.0,7.13,有,
北屯區,房地(土地+建物)+車位,臺中市北屯區榮德路３９８號五樓之２,37.1,都市：其他:第一之一種住宅區,,,1130404,土地1建物1車位1,五層,十三層,住宅大樓(11層含以上有電梯),住家用,鋼筋混凝土造,1150621,167.79,3,2,2,有,有,23870000,163513,坡道平面,36.18,2350000,預售屋、或土地及建物分件登記案件；,RPPTMLQJPHLGFBB58DA,76.52,0.0,8.14,有,
北屯區,房地(土地+建物)+車位,臺中市北屯區榮德路３９８號九樓之１,37.1,都市：其他:第一之一種住宅區,,,1130404,土地1建物1車位1,九層,十三層,住宅大樓(11層含以上有電梯),住家用,鋼筋混凝土造,1150621,167.82999999999998,3,2,2,有,有,24710000,170604,坡道平面,36.18,2250000,預售屋、或土地及建物分件登記案件；,RPVUMLQJPHLGFBB66DA,76.52,0.0,8.14,有,
北屯區,房地(土地+建物)+車位,臺中市北屯區榮德路３９８號九樓之２,37.1,都市：其他:第一之一種住宅區,,,1130412,土地1建物1車位1,九層,十三層,住宅大樓(11層含以上有電梯),住家用,鋼筋混凝土造,1150621,167.79,3,2,2,有,有,24510000,169136,坡道平面,36.18,2250000,預售屋、或土地及建物分件登記案件；,RPXUMLQJPHLGFBB86DA,76.52,0.0,8.14,有,
北屯區,房地(土地+建物)+車位,臺中市北屯區敦富路８１８號三樓之３,54.25,都市：其他:第二之一種住宅區,,,1130419,土地1建物3車位1,三層,十五層,住宅大樓(11層含以上有電梯),住家用,鋼筋混凝土造,1150613,449.51,3,2,2,有,有,21490000,47204,坡道平面,34.5,1900000,預售屋、或土地及建物分件登記案件；,RPSRMLLLPHLGFBB38DA,203.95,0.0,23.89,有,
北屯區,房地(土地+建物)+車位,臺中市北屯區昌平東八路１３號十樓之１,45.61,都市：其他:第一之一種住宅區,,,1130410,土地1建物1車位2,十層,十四層,住宅大樓(11層含以上有電梯),住家用,鋼筋混凝土造,1150606,221.6,4,2,2,有,有,33980000,178408,坡道平面,55.52,4350000,預售屋、或土地及建物分件登記案件；,RPOOMLOLOHLGFBB87DA,100.87,0.0,9.54,有,
北屯區,房地(土地+建物)+車位,臺中市北屯區昌平東八路１３號五樓之２,46.64,都市：其他:第一之一種住宅區,,,1130414,土地1建物1車位2,五層,十四層,住宅大樓(11層含以上有電梯),住家用,鋼筋混凝土造,1150606,225.44,4,2,2,有,有,33550000,171551,坡道平面,55.52,4400000,預售屋、或土地及建物分件登記案件；,RPVOMLOLOHLGFBB58DA,100.87,0.0,12.09,有,
北屯區,房地(土地+建物)+車位,臺中市北屯區昌平東八路１５號五樓之５,33.48,都市：其他:第一之一種住宅區,,,1130413,土地1建物1車位1,五層,十四層,住宅大樓(11層含以上有電梯),住家用,鋼筋混凝土造,1150606,149.70999999999998,2,2,2,有,有,23200000,172202,坡道平面,27.76,2200000,預售屋、或土地及建物分件登記案件；,RPQONLOLOHLGFBB18DA,70.68,0.0,10.39,有,
南區,房地(土地+建物)+車位,臺中市南區永和街１２５巷１６弄８號七樓之１,13.58,都市：其他:第二種住宅區,,,1130428,土地1建物1車位1,七層,十層,華廈(10層含以下有電梯),住家用,鋼筋混凝土造,1150510,98.59,2,2,1,有,有,11980000,168176,坡道平面,38.95,1950000,預售屋、或土地及建物分件登記案件；,RPVOMLKMOHLGFAB18DA,34.37,0.0,3.42,有,
北屯區,房地(土地+建物)+車位,臺中市北屯區昌平東八路１３號十三樓之１,45.69,都市：其他:第一之一種住宅區,,,1130413,土地1建物1車位2,十三層,十四層,住宅大樓(11層含以上有電梯),住家用,鋼筋混凝土造,1150606,221.9,4,2,2,有,有,34250000,179409,坡道平面,55.52,4400000,預售屋、或土地及建物分件登記案件；,RPROMLOLOHLGFBB18DA,100.87,0.0,9.75,有,
北屯區,房地(土地+建物)+車位,臺中市北屯區昌平東八路１５號十三樓之３,33.48,都市：其他:第一之一種住宅區,,,1130413,土地1建物1車位1,十三層,十四層,住宅大樓(11層含以上有電梯),住家用,鋼筋混凝土造,1150606,149.70999999999998,2,2,2,有,有,23980000,178598,坡道平面,27.76,2200000,預售屋、或土地及建物分件登記案件；,RPTNNLOLOHLGFBB38DA,70.68,0.0,10.39,有,
北屯區,房地(土地+建物)+車位,臺中市北屯區昌平東八路１５號二樓之５,33.48,都市：其他:第一之一種住宅區,,,1130427,土地1建物1車位1,二層,十四層,住宅大樓(11層含以上有電梯),住家用,鋼筋混凝土造,1150606,149.70999999999998,2,2,2,有,有,23430000,174088,坡道平面,27.76,2200000,預售屋、或土地及建物分件登記案件；,RPWNNLOLOHLGFBB68DA,70.68,0.0,10.39,有,
北屯區,房地(土地+建物)+車位,臺中市北屯區昌平東八路１５號十樓之５,33.48,都市：其他:第一之一種住宅區,,,1130421,土地1建物1車位1,十層,十四層,住宅大樓(11層含以上有電梯),住家用,鋼筋混凝土造,1150606,149.70999999999998,2,2,2,有,有,23870000,176876,坡道平面,27.76,2300000,預售屋、或土地及建物分件登記案件；,RPVONLOLOHLGFBB68DA,70.68,0.0,10.39,有,
北屯區,房地(土地+建物)+車位,臺中市北屯區昌平東八路１５號十二樓之５,33.48,都市：其他:第一之一種住宅區,,,1130419,土地1建物1車位1,十二層,十四層,住宅大樓(11層含以上有電梯),住家用,鋼筋混凝土造,1150606,149.70999999999998,2,2,2,有,有,23770000,179336,坡道平面,27.76,1900000,預售屋、或土地及建物分件登記案件；,RPXONLOLOHLGFBB88DA,70.68,0.0,10.39,有,
北屯區,房地(土地+建物)+車位,臺中市北屯區昌平東八路１５號十樓之２,40.62,都市：其他:第一之一種住宅區,,,1130412,土地1建物1車位2,十層,十四層,住宅大樓(11層含以上有電梯),住家用,鋼筋混凝土造,1150606,201.81,3,2,2,有,有,30850000,181167,坡道平面,53.88,4050000,預售屋、或土地及建物分件登記案件；,RPOPMLTJPHLGFBB38DA,86.64,0.0,11.71,有,
北屯區,房地(土地+建物)+車位,臺中市北屯區興安路二段９６號八樓之５,21.37,都市：其他:第二種住宅區,,,1130425,土地1建物1車位1,八層,十五層,住宅大樓(11層含以上有電梯),住家用,鋼筋混凝土造,1150507,154.72,3,2,2,有,有,18450000,126408,坡道平面,24.19,1950000,親友、員工、共有人或其他特殊關係間之交易；預售屋、或土地及建物分件登記案件；,RPPRMLKKPHLGFBB87DA,77.61,0.0,9.2,有,
北屯區,房地(土地+建物)+車位,臺中市北屯區興安路二段９８號三樓之５,21.37,都市：其他:第二種住宅區,,,1130430,土地1建物1車位1,三層,十五層,住宅大樓(11層含以上有電梯),住家用,鋼筋混凝土造,1150507,147.77,3,2,2,有,有,16990000,122510,坡道機械,17.25,1000000,預售屋、或土地及建物分件登記案件；,RPSOMLPKPHLGFBB38DA,77.61,0.0,9.2,有,
大肚區,房地(土地+建物)+車位,臺中市大肚區太平路２８號三樓之１,27.3,,鄉村區,乙種建築用地,1130420,土地1建物1車位1,三層,十層,華廈(10層含以下有電梯),住家用,鋼筋混凝土造,1150616,129.42,3,2,2,有,有,13480000,114316,坡道平面,26.81,1750000,其他 禮券:20000元；預售屋、或土地及建物分件登記案件；,RPRNMLQLQHLGFKB76DA,63.28,0.0,5.24,有,
南屯區,房地(土地+建物)+車位,臺中市南屯區忠勇路１２９之１３號九樓之３,16.98,都市：其他:第三種住宅區。,,,1130407,土地1建物1車位1,九層,二十一層,住宅大樓(11層含以上有電梯),住家用,鋼筋混凝土造,1150710,157.86,3,2,2,有,有,23980000,166602,坡道平面,29.53,2600000,預售屋、或土地及建物分件登記案件；,RPVOOLQLQHLGFCB66DA,78.73,0.0,6.59,有,
南屯區,房地(土地+建物)+車位,臺中市南屯區忠勇路１２９之１５號九樓之５,16.98,都市：其他:第三種住宅區。,,,1130420,土地1建物1車位1,九層,二十一層,住宅大樓(11層含以上有電梯),住家用,鋼筋混凝土造,1150710,157.86,3,2,2,有,有,24130000,165822,坡道平面,29.53,2850000,預售屋、或土地及建物分件登記案件；,RPWOMLRLQHLGFCB66DA,78.73,0.0,6.59,有,
南屯區,房地(土地+建物)+車位,臺中市南屯區忠勇路１２９之１５號十樓之５,16.98,都市：其他:第三種住宅區。,,,1130404,土地1建物1車位1,十層,二十一層,住宅大樓(11層含以上有電梯),住家用,鋼筋混凝土造,1150710,157.86,3,2,2,有,有,24270000,166913,坡道平面,29.53,2850000,預售屋、或土地及建物分件登記案件；,RPXOMLRLQHLGFCB76DA,78.73,0.0,6.59,有,
后里區,房地(土地+建物)+車位,臺中市后里區民生路１００號八樓之３,26.62,都市：其他:住宅區,,,1130410,土地1建物1車位1,八層,十三層,住宅大樓(11層含以上有電梯),住家用,鋼筋混凝土造,1150510,149.26,3,2,2,有,有,15310000,110357,坡道平面,25.48,1650000,預售屋、或土地及建物分件登記案件；,RPVQMLSLPHLGFDB86DA,74.05,0.0,7.66,有,
后里區,房地(土地+建物)+車位,臺中市后里區民生路１００號七樓之３,26.62,都市：其他:住宅區,,,1130411,土地1建物1車位1,七層,十三層,住宅大樓(11層含以上有電梯),住家用,鋼筋混凝土造,1150510,149.26,3,2,2,有,有,15140000,109388,坡道平面,25.48,1600000,預售屋、或土地及建物分件登記案件；,RPOPMLSLQHLGFDB78DA,74.05,0.0,7.66,有,
后里區,房地(土地+建物)+車位,臺中市后里區甲后路三段１４０號六樓之５,19.92,,鄉村區,乙種建築用地,1130307,土地1建物1車位1,六層,九層,華廈(10層含以下有電梯),住家用,鋼筋混凝土造,1150513,105.43,2,2,1,有,有,8600000,92593,坡道平面,27.67,1400000,預售屋、或土地及建物分件登記案件；,RPWRMLNKPHLGFDB09DA,46.35,0.0,5.68,有,
沙鹿區,房地(土地+建物)+車位,臺中市沙鹿區平等六街８５號二樓之３,40.02,都市：其他:第二種住宅區,,,1130327,土地1建物1車位1,二層,七層,華廈(10層含以下有電梯),住家用,鋼筋混凝土造,1150423,156.19,3,1,2,有,無,15350000,109014,坡道平面,33.27,1950000,預售屋、或土地及建物分件登記案件；,RPTOMLOJNHLGFFB48DA,76.84,0.0,3.94,有,
大雅區,房地(土地+建物),臺中市大雅區振興路８９號,77.37,都市：其他:農業區,,,1130328,土地2建物1車位0,全,四層,透天厝,住家用,鋼筋混凝土造,1150206,175.58,4,2,6,有,無,19830000,112940,,0.0,0,預售屋、或土地及建物分件登記案件；,RPRNMLKKPHLGFHB28DA,159.71,0.0,15.87,無,
大雅區,房地(土地+建物),臺中市大雅區振興路８９之２號,80.93,都市：其他:農業區,,,1130322,土地2建物1車位0,全,四層,透天厝,住家用,鋼筋混凝土造,1150206,203.37,4,2,6,有,無,24950000,122683,,0.0,0,預售屋、或土地及建物分件登記案件；,RPTNMLKKPHLGFHB48DA,186.31,0.0,17.06,有,
大雅區,房地(土地+建物),臺中市大雅區振興路９１之２號,81.13,都市：其他:農業區,,,1130325,土地2建物1車位0,全,四層,透天厝,住家用,鋼筋混凝土造,1150206,204.7,4,2,6,有,無,25150000,122863,,0.0,0,預售屋、或土地及建物分件登記案件；,RPXNMLKKPHLGFHB88DA,187.72,0.0,16.98,有,
大雅區,土地,山德段1076地號,6.65,都市：其他:農業區,,,1130328,土地1建物0車位0,,,其他,,,,0.0,0,0,0,無,無,50000,7519,,0.0,0,,RPPOMLKKPHLGFHB18DA,0.0,0.0,0.0,無,0231
大雅區,土地,山德段1076地號,10.52,都市：其他:農業區,,,1130322,土地1建物0車位0,,,其他,,,,0.0,0,0,0,無,無,50000,4753,,0.0,0,,RPROMLKKPHLGFHB38DA,0.0,0.0,0.0,無,0231
大雅區,土地,山德段1076地號,11.61,都市：其他:農業區,,,1130325,土地1建物0車位0,,,其他,,,,0.0,0,0,0,無,無,50000,4307,,0.0,0,,RPUOMLKKPHLGFHB68DA,0.0,0.0,0.0,無,0231
梧棲區,房地(土地+建物)+車位,臺中市梧棲區文心街２１巷８５號四樓之５,30.06,都市：其他:第四種住宅區,,,1130305,土地1建物1車位1,四層,六層,華廈(10層含以下有電梯),住家用,鋼筋混凝土造,1150212,106.38999999999999,2,1,2,有,有,9220000,87209,坡道機械,11.56,950000,預售屋、或土地及建物分件登記案件；,RPQOMLRKQHLGFFB88DA,56.09,0.0,8.32,有,
北屯區,房地(土地+建物)+車位,臺中市北屯區榮德路３９８號五樓之１,37.1,都市：其他:第一之一種住宅區,,,1130302,土地1建物1車位1,五層,十三層,住宅大樓(11層含以上有電梯),住家用,鋼筋混凝土造,1150621,167.82999999999998,3,2,2,有,有,23980000,165059,坡道平面,36.18,2250000,預售屋、或土地及建物分件登記案件；,RPOTMLQJPHLGFBB48DA,76.52,0.0,8.14,有,
北屯區,房地(土地+建物)+車位,臺中市北屯區榮德路３９８號七樓之１,37.1,都市：其他:第一之一種住宅區,,,1130314,土地1建物1車位2,七層,十三層,住宅大樓(11層含以上有電梯),住家用,鋼筋混凝土造,1150621,204.01,3,2,2,有,有,26380000,166198,坡道平面,72.36,4500000,承買人113.04.28增購一車位，車位價格225萬元整。預售屋、或土地及建物分件登記案件；,RPVTMLQJPHLGFBB56DA,76.52,0.0,8.14,有,
北屯區,房地(土地+建物)+車位,臺中市北屯區榮德路３９８號七樓之２,37.1,都市：其他:第一之一種住宅區,,,1130314,土地1建物1車位1,七層,十三層,住宅大樓(11層含以上有電梯),住家用,鋼筋混凝土造,1150621,167.79,3,2,2,有,有,23930000,164729,坡道平面,36.18,2250000,預售屋、或土地及建物分件登記案件；,RPWTMLQJPHLGFBB66DA,76.52,0.0,8.14,有,
北屯區,房地(土地+建物)+車位,臺中市北屯區敦富路８１８號十四樓之３,21.83,都市：其他:第二之一種住宅區,,,1130330,土地1建物1車位1,十四層,十五層,住宅大樓(11層含以上有電梯),住家用,鋼筋混凝土造,1150613,173.81,3,2,2,有,有,22660000,147585,坡道平面,34.5,2100000,114.12.08 第一次二親等間讓渡。115.01.05 第二次二親等間讓渡。預售屋、或土地及建物分件登記案件；,RPXSMLLLPHLGFBB98DA,81.34,0.0,10.4,有,
梧棲區,房地(土地+建物)+車位,臺中市梧棲區文心街２１巷８５號六樓之５,30.06,都市：其他:第四種住宅區,,,1130305,土地1建物1車位1,六層,六層,華廈(10層含以下有電梯),住家用,鋼筋混凝土造,1150212,106.38999999999999,2,1,2,有,有,9280000,87841,坡道機械,11.56,950000,預售屋、或土地及建物分件登記案件；,RPPOMLRKQHLGFFB78DA,56.09,0.0,8.32,有,
烏日區,房地(土地+建物)+車位,臺中市烏日區日新街５６巷３號十一樓之５,29.73,都市：其他:第三種住宅區。,,,1130324,土地1建物1車位2,十一層,十一層,住宅大樓(11層含以上有電梯),住家用,鋼筋混凝土造,1150513,175.47,3,2,2,有,有,18620000,120186,坡道平面,50.58,3610000,預售屋、或土地及建物分件登記案件；,RPUOMLOLPHLGFIB66DA,73.8,0.0,7.58,有,
北屯區,房地(土地+建物)+車位,臺中市北屯區昌平東八路１３號七樓之２,46.64,都市：其他:第一之一種住宅區,,,1130317,土地1建物1車位2,七層,十四層,住宅大樓(11層含以上有電梯),住家用,鋼筋混凝土造,1150606,225.44,4,2,2,有,有,33600000,171846,坡道平面,55.52,4400000,預售屋、或土地及建物分件登記案件；,RPXOMLOLOHLGFBB78DA,100.87,0.0,12.09,有,
北屯區,房地(土地+建物)+車位,臺中市北屯區昌平東八路１５號六樓之５,33.48,都市：其他:第一之一種住宅區,,,1130312,土地1建物1車位1,六層,十四層,住宅大樓(11層含以上有電梯),住家用,鋼筋混凝土造,1150606,149.70999999999998,2,2,2,有,有,23020000,171546,坡道平面,27.76,2100000,預售屋、或土地及建物分件登記案件；,RPRONLOLOHLGFBB28DA,70.68,0.0,10.39,有,
北屯區,房地(土地+建物)+車位,臺中市北屯區昌平東八路１５號七樓之５,33.48,都市：其他:第一之一種住宅區,,,1130331,土地1建物1車位1,七層,十四層,住宅大樓(11層含以上有電梯),住家用,鋼筋混凝土造,1150606,149.70999999999998,2,2,2,有,有,23150000,172612,坡道平面,27.76,2100000,預售屋、或土地及建物分件登記案件；,RPSONLOLOHLGFBB38DA,70.68,0.0,10.39,有,
西屯區,房地(土地+建物),臺中市西屯區中清路二段１２５０巷３５號三樓之５,11.98,都市：其他:第二種住宅區,,,1130312,土地4建物1車位0,三層,六層,華廈(10層含以下有電梯),住家用,鋼筋混凝土造,1150512,50.61,1,1,1,有,有,9220000,182177,,0.0,0,預售屋、或土地及建物分件登記案件；,RPWTMLLMQHLGFCB66DA,29.59,0.0,0.79,有,
西屯區,房地(土地+建物)+車位,臺中市西屯區中清路二段１２５０巷３５號三樓之６,14.61,都市：其他:第二種住宅區,,,1130307,土地4建物1車位1,三層,六層,華廈(10層含以下有電梯),住家用,鋼筋混凝土造,1150512,73.32,2,1,1,有,有,13800000,194515,升降機械,10.6,1600000,預售屋、或土地及建物分件登記案件；,RPXTMLLMQHLGFCB76DA,30.58,0.0,7.07,有,
北屯區,房地(土地+建物)+車位,臺中市北屯區昌平東八路１５號十樓之３,33.48,都市：其他:第一之一種住宅區,,,1130323,土地1建物1車位1,十層,十四層,住宅大樓(11層含以上有電梯),住家用,鋼筋混凝土造,1150606,149.70999999999998,2,2,2,有,有,23400000,173842,坡道平面,27.76,2200000,預售屋、或土地及建物分件登記案件；,RPONNLOLOHLGFBB87DA,70.68,0.0,10.39,有,
北屯區,房地(土地+建物)+車位,臺中市北屯區昌平東八路１５號十一樓之３,33.48,都市：其他:第一之一種住宅區,,,1130329,土地1建物1車位1,十一層,十四層,住宅大樓(11層含以上有電梯),住家用,鋼筋混凝土造,1150606,148.06,2,2,2,有,有,23430000,175332,坡道平面,26.12,2050000,預售屋、或土地及建物分件登記案件；,RPQNNLOLOHLGFBB08DA,70.68,0.0,10.39,有,
北屯區,房地(土地+建物)+車位,臺中市北屯區昌平東八路１５號十二樓之３,33.48,都市：其他:第一之一種住宅區,,,1130330,土地1建物1車位1,十二層,十四層,住宅大樓(11層含以上有電梯),住家用,鋼筋混凝土造,1150606,149.70999999999998,2,2,2,有,有,23600000,176302,坡道平面,27.76,2100000,預售屋、或土地及建物分件登記案件；,RPRNNLOLOHLGFBB18DA,70.68,0.0,10.39,有,
北屯區,房地(土地+建物)+車位,臺中市北屯區昌平東八路１５號十四樓之３,32.87,都市：其他:第一之一種住宅區,,,1130315,土地1建物1車位1,十四層,十四層,住宅大樓(11層含以上有電梯),住家用,鋼筋混凝土造,1150606,147.38,2,2,2,有,有,23540000,177980,坡道平面,27.76,2250000,預售屋、或土地及建物分件登記案件；,RPUNNLOLOHLGFBB48DA,70.68,0.0,8.85,有,
北屯區,房地(土地+建物)+車位,臺中市北屯區昌平東八路１５號四樓之１,40.62,都市：其他:第一之一種住宅區,,,1130324,土地1建物1車位1,四層,十四層,住宅大樓(11層含以上有電梯),住家用,鋼筋混凝土造,1150606,175.69,3,2,2,有,有,28000000,175421,坡道平面,27.76,2050000,114年09月22日讓售總金額2800萬元整預售屋、或土地及建物分件登記案件；,RPXPMLLMQHLGFBB88DA,86.64,0.0,11.71,有,
大肚區,房地(土地+建物)+車位,臺中市大肚區太平路２８號三樓之３,19.83,,鄉村區,乙種建築用地,1130318,土地1建物1車位1,三層,十層,華廈(10層含以下有電梯),住家用,鋼筋混凝土造,1150616,99.32,2,2,1,有,有,10300000,115374,坡道平面,24.78,1700000,預售屋、或土地及建物分件登記案件；,RPTNMLQLQHLGFKB96DA,44.58,0.0,5.21,有,
大肚區,房地(土地+建物)+車位,臺中市大肚區太平路２８號五樓之１,27.3,,鄉村區,乙種建築用地,1130324,土地1建物1車位1,五層,十層,華廈(10層含以下有電梯),住家用,鋼筋混凝土造,1150616,129.42,3,2,2,有,有,13980000,118702,坡道平面,26.81,1800000,預售屋、或土地及建物分件登記案件；,RPVNMLQLQHLGFKB17DA,63.28,0.0,5.24,有,
大肚區,房地(土地+建物)+車位,臺中市大肚區太平路２８號九樓之２,26.89,,鄉村區,乙種建築用地,1130331,土地1建物1車位1,九層,十層,華廈(10層含以下有電梯),住家用,鋼筋混凝土造,1150616,128.23,3,2,2,有,有,14650000,127194,坡道平面,26.81,1750000,預售屋、或土地及建物分件登記案件；,RPROMLQLQHLGFKB86DA,62.62,0.0,5.24,有,
南屯區,房地(土地+建物)+車位,臺中市南屯區忠勇路１２９之１３號三樓之２,18.3,都市：其他:第三種住宅區。,,,1130313,土地1建物1車位2,三層,二十一層,住宅大樓(11層含以上有電梯),住家用,鋼筋混凝土造,1150710,196.78,3,2,2,有,有,26250000,158292,坡道平面,59.06,4450000,預售屋、或土地及建物分件登記案件；,RPXOMLQLQHLGFCB66DA,84.38,0.0,7.22,有,
南屯區,房地(土地+建物)+車位,臺中市南屯區忠勇路１２９之５號十四樓之２,16.55,都市：其他:第三種住宅區。,,,1130324,土地1建物1車位1,十四層,二十一層,住宅大樓(11層含以上有電梯),住家用,鋼筋混凝土造,1150710,153.79000000000002,3,2,2,有,有,22740000,163689,坡道平面,29.53,2400000,預售屋、或土地及建物分件登記案件；,RPROOLQLQHLGFCB88DA,75.48,0.0,7.33,有,
南屯區,房地(土地+建物)+車位,臺中市南屯區忠勇路１２９之８號二十一樓之１,16.44,都市：其他:第三種住宅區。,,,1130315,土地1建物1車位2,二十一層,二十一層,住宅大樓(11層含以上有電梯),住家用,鋼筋混凝土造,1150710,182.81,3,2,2,有,有,26610000,168162,坡道平面,59.06,5800000,預售屋、或土地及建物分件登記案件；,RPPQOLQLQHLGFCB88DA,74.96,0.0,7.33,有,
南屯區,房地(土地+建物)+車位,臺中市南屯區忠勇路１２９之８號十六樓之５,16.44,都市：其他:第三種住宅區。,,,1130305,土地1建物1車位1,十六層,二十一層,住宅大樓(11層含以上有電梯),住家用,鋼筋混凝土造,1150710,153.5,3,2,2,有,有,22200000,160119,坡道平面,29.53,2350000,預售屋、或土地及建物分件登記案件；,RPPROLQLQHLGFCB98DA,75.19,0.0,7.33,有,
南屯區,房地(土地+建物)+車位,臺中市南屯區忠勇路１２９之８號十三樓之６,16.22,都市：其他:第三種住宅區。,,,1130324,土地1建物1車位1,十三層,二十一層,住宅大樓(11層含以上有電梯),住家用,鋼筋混凝土造,1150710,152.09,3,2,2,有,有,23000000,164409,坡道平面,29.53,2850000,預售屋、或土地及建物分件登記案件；,RPUNMLRLQHLGFCB98DA,73.52,0.0,8.1,有,
南屯區,房地(土地+建物)+車位,臺中市南屯區忠勇路１２９之１６號十九樓之１,16.22,都市：其他:第三種住宅區。,,,1130301,土地1建物1車位1,十九層,二十一層,住宅大樓(11層含以上有電梯),住家用,鋼筋混凝土造,1150710,152.3,3,2,2,有,有,22580000,159892,坡道平面,29.53,2950000,預售屋、或土地及建物分件登記案件；,RPQQMLRLQHLGFCB88DA,73.73,0.0,8.1,有,
南屯區,房地(土地+建物)+車位,臺中市南屯區忠勇路１２９之１６號十三樓之２,19.51,都市：其他:第三種住宅區。,,,1130323,土地1建物1車位2,十三層,二十一層,住宅大樓(11層含以上有電梯),住家用,鋼筋混凝土造,1150710,205.81,4,2,2,有,有,29990000,169949,坡道平面,59.06,5050000,預售屋、或土地及建物分件登記案件；,RPRQMLRLQHLGFCB98DA,90.43,0.0,7.09,有,
南屯區,房地(土地+建物)+車位,臺中市南屯區忠勇路１２９之１６號八樓之７,16.55,都市：其他:第三種住宅區。,,,1130309,土地1建物1車位1,八層,二十一層,住宅大樓(11層含以上有電梯),住家用,鋼筋混凝土造,1150710,153.79000000000002,3,2,2,有,有,21580000,153549,坡道平面,29.53,2500000,預售屋、或土地及建物分件登記案件；,RPXQMLRLQHLGFCB96DA,75.48,0.0,7.33,有,
外埔區,房地(土地+建物)+車位,臺中市外埔區東西巷３２之８號三樓之２,33.07,,鄉村區,乙種建築用地,1130330,土地1建物1車位1,三層,七層,華廈(10層含以下有電梯),住家用,鋼筋混凝土造,1150608,116.07,3,2,2,有,有,8860000,76865,坡道機械,9.91,700000,預售屋、或土地及建物分件登記案件；,RPPOMLLJRHLGFEB08DA,70.99,0.0,6.34,有,
外埔區,房地(土地+建物)+車位,臺中市外埔區東西巷３２之８號三樓之３,24.94,,鄉村區,乙種建築用地,1130312,土地1建物1車位1,三層,七層,華廈(10層含以下有電梯),住家用,鋼筋混凝土造,1150608,90.01,2,2,1,有,有,6900000,75531,坡道機械,9.91,850000,預售屋、或土地及建物分件登記案件；,RPQOMLLJRHLGFEB18DA,54.84,0.0,3.62,有,
外埔區,房地(土地+建物)+車位,臺中市外埔區東西巷３２之８號四樓之２,33.07,,鄉村區,乙種建築用地,1130310,土地1建物1車位1,四層,七層,華廈(10層含以下有電梯),住家用,鋼筋混凝土造,1150608,116.07,3,2,2,有,有,9010000,76865,坡道機械,9.91,850000,配偶贈與。換約日期：115.07.12。換約價格：901萬。預售屋、或土地及建物分件登記案件；,RPROMLLJRHLGFEB28DA,70.99,0.0,6.34,有,
外埔區,房地(土地+建物)+車位,臺中市外埔區東西巷３２之８號四樓之３,24.94,,鄉村區,乙種建築用地,1130309,土地1建物1車位1,四層,七層,華廈(10層含以下有電梯),住家用,鋼筋混凝土造,1150608,90.01,2,2,1,有,有,6900000,75531,坡道機械,9.91,850000,配偶贈與：1/2。換約日期：115.07.20。換約價格：690萬。預售屋、或土地及建物分件登記案件；,RPXOMLLJRHLGFEB88DA,54.84,0.0,3.62,有,
南區,房地(土地+建物)+車位,臺中市南區復興路三段１６５號七樓之１,19.62,都市：其他:第二種住宅區,,,1130301,土地2建物1車位1,七層,十二層,住宅大樓(11層含以上有電梯),住家用,鋼筋混凝土造,1150606,147.85000000000002,3,2,2,有,有,17930000,140072,坡道平面,30.91,1550000,預售屋、或土地及建物分件登記案件；,RPWOMLRLQHLGFAB09DA,69.41,0.0,7.93,有,
西屯區,房地(土地+建物)+車位,臺中市西屯區臺灣大道三段１１２號十四樓之１,15.13,都市：其他:第五種住宅區,,,1130316,土地2建物1車位1,十四層,十九層,住宅大樓(11層含以上有電梯),住家用,鋼筋混凝土造,1150625,117.29,2,2,2,有,有,18680000,192619,坡道平面,33.29,2500000,預售屋、或土地及建物分件登記案件；,RPQUMLQLQHLGFCB56DA,49.17,0.0,5.03,有,
西屯區,房地(土地+建物)+車位,臺中市西屯區臺灣大道三段１１２號十七樓之１,15.13,都市：其他:第五種住宅區,,,1130313,土地2建物1車位1,十七層,十九層,住宅大樓(11層含以上有電梯),住家用,鋼筋混凝土造,1150625,117.29,2,2,2,有,有,19660000,206667,坡道平面,33.29,2300000,含裝潢費；預售屋、或土地及建物分件登記案件；,RPVOMLTLQHLGFCB76DA,49.17,0.0,5.03,有,
后里區,房地(土地+建物)+車位,臺中市后里區民生路９８號九樓之５,27.57,都市：其他:住宅區,,,1130306,土地1建物1車位1,九層,十三層,住宅大樓(11層含以上有電梯),住家用,鋼筋混凝土造,1150510,153.65,3,2,2,有,有,15940000,111883,坡道平面,25.48,1600000,預售屋、或土地及建物分件登記案件；,RPQPMLSLQHLGFDB98DA,76.08,0.0,8.54,有,
西屯區,房地(土地+建物)+車位,臺中市西屯區朝馬二街８號十樓之１,29.16,都市：其他:第二種住宅區,,,1130224,土地1建物1車位2,十層,十二層,住宅大樓(11層含以上有電梯),住家用,鋼筋混凝土造,1141124,231.01,3,2,2,有,有,33730000,192365,坡道平面,77.5,4200000,預售屋、或土地及建物分件登記案件；,RPWNMLSKQHLGFCB56DA,89.21,0.0,12.42,有,
南區,房地(土地+建物)+車位,臺中市南區永和街１２５巷１６弄８號七樓之６,20.75,都市：其他:第二種住宅區,,,1130229,土地1建物1車位2,七層,十層,華廈(10層含以下有電梯),住家用,鋼筋混凝土造,1150510,168.98,2,2,1,有,有,17600000,148221,坡道平面,77.9,4100000,預售屋、或土地及建物分件登記案件；,RPWOMLKMOHLGFAB28DA,54.39,0.0,3.32,有,
南區,房地(土地+建物)+車位,臺中市南區永和街１２５巷１６弄８號六樓之６,20.75,都市：其他:第二種住宅區,,,1130206,土地1建物1車位1,六層,十層,華廈(10層含以下有電梯),住家用,鋼筋混凝土造,1150510,130.03,2,2,1,有,有,14350000,134497,坡道平面,38.95,2100000,於113.12.13  讓渡   關係：母子   金額：平移預售屋、或土地及建物分件登記案件；,RPSNMLLJPHLGFAB67DA,54.39,0.0,3.32,有,
南區,房地(土地+建物)+車位,臺中市南區永和街１２５巷１６弄８號五樓之６,20.75,都市：其他:第二種住宅區,,,1130206,土地1建物1車位1,五層,十層,華廈(10層含以下有電梯),住家用,鋼筋混凝土造,1150510,130.03,2,2,1,有,有,14210000,132960,坡道平面,38.95,2100000,預售屋、或土地及建物分件登記案件；,RPWNMLTKQHLGFAB09DA,54.39,0.0,3.32,有,
中區,房地(土地+建物)+車位,臺中市中區民權路１８０號八樓之２,15.56,都市：其他:第二種商業區,,,1130216,土地2建物1車位1,八層,十二層,住宅大樓(11層含以上有電梯),住家用,鋼筋混凝土造,1150524,147.78,3,2,2,有,有,20110000,147068,坡道平面,26.0,2200000,預售屋、或土地及建物分件登記案件；,RPTOMLSLQHLGFAB88DA,71.73,0.0,9.16,有,
北屯區,房地(土地+建物)+車位,臺中市北屯區榮富街６５號二樓,29.9,都市：其他:第一之一種住宅區,,,1130218,土地1建物1車位1,二層,八層,華廈(10層含以下有電梯),住家用,鋼筋混凝土造,1150526,114.36,2,2,2,有,有,16320000,166010,坡道平面,28.1,2000000,預售屋、或土地及建物分件登記案件；,RPOQMLLJPHLGFBB67DA,50.26,0.0,6.68,有,
北屯區,房地(土地+建物)+車位,臺中市北屯區榮富街６５號三樓,29.9,都市：其他:第一之一種住宅區,,,1130204,土地1建物1車位1,三層,八層,華廈(10層含以下有電梯),住家用,鋼筋混凝土造,1150526,112.69999999999999,2,2,2,有,有,16450000,167536,坡道平面,26.45,2000000,預售屋、或土地及建物分件登記案件；,RPRQMLLJPHLGFBB97DA,50.26,0.0,6.68,有,
北屯區,房地(土地+建物)+車位,臺中市北屯區敦富路８１８號十二樓之６,22.63,都市：其他:第二之一種住宅區,,,1130220,土地1建物1車位1,十二層,十五層,住宅大樓(11層含以上有電梯),住家用,鋼筋混凝土造,1150613,178.98000000000002,3,2,2,有,有,22690000,143895,坡道平面,34.5,1900000,預售屋、或土地及建物分件登記案件；,RPONNLMLPHLGFBB77DA,84.65,0.0,10.46,有,
北屯區,房地(土地+建物)+車位,臺中市北屯區敦富路８１８號十四樓之６,22.63,都市：其他:第二之一種住宅區,,,1130222,土地1建物1車位1,十四層,十五層,住宅大樓(11層含以上有電梯),住家用,鋼筋混凝土造,1150613,178.98000000000002,3,2,2,有,有,22860000,145072,坡道平面,34.5,1900000,預售屋、或土地及建物分件登記案件；,RPQNNLMLPHLGFBB97DA,84.65,0.0,10.46,有,
西屯區,房地(土地+建物)+車位,臺中市西屯區同志巷６０之２５號,76.18,都市：其他:農業區,,,1130206,土地4建物1車位1,全,四層,透天厝,住家用,鋼筋混凝土造,1150212,239.95,4,3,5,有,無,29300000,122109,一樓平面,0.0,0,預售屋、或土地及建物分件登記案件；,RPPPMLTLOHLGFCB68DA,230.57,0.0,9.31,有,
北屯區,房地(土地+建物)+車位,臺中市北屯區昌平東八路１５號九樓之３,33.48,都市：其他:第一之一種住宅區,,,1130205,土地1建物1車位1,九層,十四層,住宅大樓(11層含以上有電梯),住家用,鋼筋混凝土造,1150606,149.70999999999998,2,2,2,有,有,22360000,166954,坡道平面,27.76,2000000,預售屋、或土地及建物分件登記案件；,RPXWMLOLOHLGFBB96DA,70.68,0.0,10.39,有,
北屯區,房地(土地+建物)+車位,臺中市北屯區昌平東八路１３號二樓之１,45.61,都市：其他:第一之一種住宅區,,,1130205,土地1建物1車位1,二層,十四層,住宅大樓(11層含以上有電梯),住家用,鋼筋混凝土造,1150606,193.84,4,2,2,有,有,29740000,166125,坡道平面,27.76,2150000,預售屋、或土地及建物分件登記案件；,RPPNMLOLOHLGFBB87DA,100.87,0.0,9.54,有,
北屯區,房地(土地+建物)+車位,臺中市北屯區昌平東八路１３號十二樓之１,45.61,都市：其他:第一之一種住宅區,,,1130217,土地1建物1車位2,十二層,十四層,住宅大樓(11層含以上有電梯),住家用,鋼筋混凝土造,1150606,221.6,4,2,2,有,有,33220000,174735,坡道平面,55.52,4200000,預售屋、或土地及建物分件登記案件；,RPQOMLOLOHLGFBB08DA,100.87,0.0,9.54,有,
北屯區,房地(土地+建物)+車位,臺中市北屯區昌平東八路１５號四樓之３,33.48,都市：其他:第一之一種住宅區,,,1130204,土地1建物1車位2,四層,十四層,住宅大樓(11層含以上有電梯),住家用,鋼筋混凝土造,1150606,177.47,2,2,2,有,有,23640000,161460,坡道平面,55.52,3950000,預售屋、或土地及建物分件登記案件；,RPSWMLOLOHLGFBB09DA,70.68,0.0,10.39,有,
東勢區,房地(土地+建物),臺中市東勢區東關路六段２９０號,84.41,都市：其他:住宅區,,,1130227,土地1建物1車位0,全,四層,透天厝,住商用,鋼筋混凝土造,1140627,200.82,3,3,4,有,無,16800000,83657,,0.0,0,未登記建物；預售屋、或土地及建物分件登記案件；,RPPNMLMJQHLGFGB18DA,182.56,0.0,18.26,無,
南區,房地(土地+建物)+車位,臺中市南區忠孝路７６之３號十四樓之５,25.76,都市：其他:第二種商業區,,,1130226,土地7建物1車位1,十四層,二十四層,住宅大樓(11層含以上有電梯),住家用,鋼筋混凝土造,1150706,215.36,4,2,2,有,有,31330000,157033,坡道平面,27.31,1800000,預售屋、或土地及建物分件登記案件；,RPOOMLNJRHLGFAB77DA,114.86,0.0,9.38,有,
南屯區,房地(土地+建物)+車位,臺中市南屯區忠勇路１２９之１６號三樓之１,16.88,都市：其他:第三種住宅區。,,,1130223,土地1建物1車位1,三層,二十一層,住宅大樓(11層含以上有電梯),住家用,鋼筋混凝土造,1150710,156.76999999999998,3,2,2,有,有,20550000,143430,坡道平面,29.53,2300000,預售屋、或土地及建物分件登記案件；,RPQPMLQLQHLGFCB68DA,73.73,0.0,11.02,有,
南屯區,房地(土地+建物)+車位,臺中市南屯區忠勇路１２９之５號十樓之６,16.33,都市：其他:第三種住宅區。,,,1130206,土地1建物1車位1,十層,二十一層,住宅大樓(11層含以上有電梯),住家用,鋼筋混凝土造,1150710,152.97,3,2,2,有,有,20580000,147683,坡道平面,29.53,2350000,預售屋、或土地及建物分件登記案件；,RPPOOLQLQHLGFCB68DA,75.62,0.0,6.37,有,
南屯區,房地(土地+建物)+車位,臺中市南屯區忠勇路１２９之５號十四樓之７,16.44,都市：其他:第三種住宅區。,,,1130203,土地1建物1車位1,十四層,二十一層,住宅大樓(11層含以上有電梯),住家用,鋼筋混凝土造,1150710,153.27,3,2,2,有,有,21870000,153709,坡道平面,29.53,2850000,預售屋、或土地及建物分件登記案件；,RPQOOLQLQHLGFCB78DA,74.96,0.0,7.33,有,
南屯區,房地(土地+建物)+車位,臺中市南屯區忠勇路１２９之５號十三樓之６,16.33,都市：其他:第三種住宅區。,,,1130201,土地1建物1車位2,十三層,二十一層,住宅大樓(11層含以上有電梯),住家用,鋼筋混凝土造,1150710,182.51,3,2,2,有,有,23380000,150101,坡道平面,59.06,4850000,預售屋、或土地及建物分件登記案件；,RPTPOLQLQHLGFCB56DA,75.62,0.0,6.37,有,
南屯區,房地(土地+建物)+車位,臺中市南屯區忠勇路１２９之８號十四樓之５,16.44,都市：其他:第三種住宅區。,,,1130203,土地1建物1車位1,十四層,二十一層,住宅大樓(11層含以上有電梯),住家用,鋼筋混凝土造,1150710,153.5,3,2,2,有,有,22000000,155280,坡道平面,29.53,2750000,預售屋、或土地及建物分件登記案件；,RPOQOLQLQHLGFCB78DA,75.19,0.0,7.33,有,
南屯區,房地(土地+建物)+車位,臺中市南屯區忠勇路１２９之１５號七樓之１,18.3,都市：其他:第三種住宅區。,,,1130214,土地1建物1車位1,七層,二十一層,住宅大樓(11層含以上有電梯),住家用,鋼筋混凝土造,1150710,167.25,3,2,2,有,有,23700000,155388,坡道平面,29.53,2300000,預售屋、或土地及建物分件登記案件；,RPOOMLRLQHLGFCB48DA,84.38,0.0,7.22,有,
后里區,房地(土地+建物)+車位,臺中市后里區民生路９８號十一樓之１,26.33,都市：其他:住宅區,,,1130214,土地1建物1車位2,十一層,十三層,住宅大樓(11層含以上有電梯),住家用,鋼筋混凝土造,1150510,173.29000000000002,3,2,2,有,有,16780000,112237,坡道平面,50.96,3050000,預售屋、或土地及建物分件登記案件；,RPSPMLSLQHLGFDB56DA,75.96,0.0,4.8,有,
中區,房地(土地+建物)+車位,臺中市中區民權路１８０號七樓之５,11.72,都市：其他:第二種商業區,,,1130113,土地2建物1車位1,七層,十二層,住宅大樓(11層含以上有電梯),住家用,鋼筋混凝土造,1150524,104.78999999999999,2,2,1,有,有,14480000,146328,坡道機械,13.01,1050000,預售屋、或土地及建物分件登記案件；,RPSOMLSLQHLGFAB78DA,53.84,0.0,7.13,有,
中區,房地(土地+建物)+車位,臺中市中區民權路１８０號十二樓之２,15.5,都市：其他:第二種商業區,,,1130106,土地2建物1車位1,十二層,十二層,住宅大樓(11層含以上有電梯),住家用,鋼筋混凝土造,1150524,146.94,3,2,2,有,有,20300000,149661,坡道平面,26.0,2200000,預售屋、或土地及建物分件登記案件；,RPOPMLSLQHLGFAB48DA,71.19,0.0,9.16,有,
北屯區,房地(土地+建物)+車位,臺中市北屯區榮德路３９８號八樓之３,28.6,都市：其他:第一之一種住宅區,,,1130112,土地1建物1車位1,八層,十三層,住宅大樓(11層含以上有電梯),住家用,鋼筋混凝土造,1150621,137.63,2,2,2,有,有,19330000,169345,坡道平面,36.18,2150000,預售屋、或土地及建物分件登記案件；,RPSUMLQJPHLGFBB98DA,58.63,0.0,6.64,有,
北屯區,房地(土地+建物)+車位,臺中市北屯區敦富路８１８號四樓之２,24.06,都市：其他:第二之一種住宅區,,,1130102,土地1建物1車位2,四層,十五層,住宅大樓(11層含以上有電梯),住家用,鋼筋混凝土造,1150613,222.54000000000002,3,2,2,有,有,26770000,149603,坡道平面,69.0,3800000,預售屋、或土地及建物分件登記案件；,RPUPMLLLPHLGFBB38DA,88.23,0.0,12.86,有,
北屯區,房地(土地+建物)+車位,臺中市北屯區敦富路８１８號十一樓之６,22.63,都市：其他:第二之一種住宅區,,,1130123,土地1建物1車位2,十一層,十五層,住宅大樓(11層含以上有電梯),住家用,鋼筋混凝土造,1150613,213.49,3,2,2,有,有,24700000,143263,坡道平面,69.0,4000000,預售屋、或土地及建物分件登記案件；,RPXWMLMLPHLGFBB86DA,84.65,0.0,10.46,有,
北屯區,房地(土地+建物)+車位,臺中市北屯區敦富路８１８號七樓之７,22.83,都市：其他:第二之一種住宅區,,,1130114,土地1建物1車位2,七層,十五層,住宅大樓(11層含以上有電梯),住家用,鋼筋混凝土造,1150613,214.69,3,2,2,有,有,26040000,150594,坡道平面,69.0,4100000,預售屋、或土地及建物分件登記案件；,RPVNMLNLPHLGFBB48DA,85.24,0.0,10.7,有,
北屯區,房地(土地+建物)+車位,臺中市北屯區敦富路８１８號十四樓之７,22.83,都市：其他:第二之一種住宅區,,,1130109,土地1建物1車位2,十四層,十五層,住宅大樓(11層含以上有電梯),住家用,鋼筋混凝土造,1150613,214.69,3,2,2,有,有,26750000,154781,坡道平面,69.0,4200000,預售屋、或土地及建物分件登記案件；,RPROMLNLPHLGFBB18DA,85.24,0.0,10.7,有,
北屯區,房地(土地+建物)+車位,臺中市北屯區榮德路３９８號七樓之３,28.6,都市：其他:第一之一種住宅區,,,1130112,土地1建物1車位1,七層,十三層,住宅大樓(11層含以上有電梯),住家用,鋼筋混凝土造,1150621,137.63,2,2,2,有,有,19030000,167866,坡道平面,36.18,2000000,預售屋、或土地及建物分件登記案件；,RPSTMLRKQHLGFBB56DA,58.63,0.0,6.64,有,
西屯區,房地(土地+建物)+車位,臺中市西屯區同志巷６０之１０號,163.7,都市：其他:農業區,,,1130128,土地6建物1車位2,全,四層,透天厝,住家用,鋼筋混凝土造,1150212,234.17,5,3,6,有,無,31200000,133237,一樓平面,0.0,0,預售屋、或土地及建物分件登記案件；,RPORMLMJPHLGFCB97DA,223.26,0.0,10.84,有,
烏日區,房地(土地+建物)+車位,臺中市烏日區日新街５６巷３號七樓之５,29.73,都市：其他:第三種住宅區。,,,1130121,土地1建物1車位1,七層,十一層,住宅大樓(11層含以上有電梯),住家用,鋼筋混凝土造,1150513,150.18,3,2,2,有,有,16670000,119065,坡道平面,25.29,1800000,預售屋、或土地及建物分件登記案件；,RPPTMLOJPHLGFIB09DA,73.8,0.0,7.58,有,
烏日區,房地(土地+建物)+車位,臺中市烏日區日新街５６巷１號九樓之３,29.99,都市：其他:第三種住宅區。,,,1130126,土地1建物1車位1,九層,十一層,住宅大樓(11層含以上有電梯),住家用,鋼筋混凝土造,1150513,151.3,3,2,2,有,有,16930000,119673,坡道平面,25.29,1850000,預售屋、或土地及建物分件登記案件；,RPROMLOLPHLGFIB98DA,74.98,0.0,7.13,有,
北屯區,房地(土地+建物)+車位,臺中市北屯區昌平東八路１３號六樓之１,45.61,都市：其他:第一之一種住宅區,,,1130123,土地1建物1車位2,六層,十四層,住宅大樓(11層含以上有電梯),住家用,鋼筋混凝土造,1150606,221.6,4,2,2,有,有,32500000,168593,坡道平面,55.52,4500000,預售屋、或土地及建物分件登記案件；,RPTNMLOLOHLGFBB28DA,100.87,0.0,9.54,有,
北屯區,房地(土地+建物)+車位,臺中市北屯區昌平東八路１３號四樓之１,45.61,都市：其他:第一之一種住宅區,,,1130128,土地1建物1車位2,四層,十四層,住宅大樓(11層含以上有電梯),住家用,鋼筋混凝土造,1150606,221.6,4,2,2,有,有,31970000,166004,坡道平面,55.52,4400000,預售屋、或土地及建物分件登記案件；,RPRNMLOLOHLGFBB08DA,100.87,0.0,9.54,有,
北屯區,房地(土地+建物)+車位,臺中市北屯區昌平東八路１３號十三樓之２,45.69,都市：其他:第一之一種住宅區,,,1130127,土地1建物1車位2,十三層,十四層,住宅大樓(11層含以上有電梯),住家用,鋼筋混凝土造,1150606,221.9,4,2,2,有,有,33410000,175261,坡道平面,55.52,4250000,預售屋、或土地及建物分件登記案件；,RPTPMLOLOHLGFBB48DA,100.87,0.0,9.75,有,
北屯區,房地(土地+建物)+車位,臺中市北屯區昌平東八路１３號二樓之３,35.75,都市：其他:第一之一種住宅區,,,1130113,土地1建物1車位1,二層,十四層,住宅大樓(11層含以上有電梯),住家用,鋼筋混凝土造,1150606,160.94,3,2,2,有,有,23500000,162467,坡道平面,30.76,2350000,預售屋、或土地及建物分件登記案件；,RPQQMLOLOHLGFBB28DA,76.36,0.0,10.19,有,
北屯區,房地(土地+建物)+車位,臺中市北屯區昌平東八路１３號二樓之５,35.75,都市：其他:第一之一種住宅區,,,1130119,土地1建物1車位1,二層,十四層,住宅大樓(11層含以上有電梯),住家用,鋼筋混凝土造,1150606,157.93,3,2,2,有,有,23300000,162480,坡道平面,27.76,2150000,預售屋、或土地及建物分件登記案件；,RPVRMLOLOHLGFBB88DA,76.36,0.0,10.19,有,
北屯區,房地(土地+建物)+車位,臺中市北屯區昌平東八路１５號五樓之１,40.58,都市：其他:第一之一種住宅區,,,1130106,土地1建物1車位3,五層,十四層,住宅大樓(11層含以上有電梯),住家用,鋼筋混凝土造,1150606,230.95999999999998,3,2,2,有,有,31400000,167931,坡道平面,83.28,6600000,預售屋、或土地及建物分件登記案件；,RPSTMLOLOHLGFBB78DA,86.64,0.0,11.56,有,
北屯區,房地(土地+建物)+車位,臺中市北屯區昌平東八路１５號十三樓之２,39.67,都市：其他:第一之一種住宅區,,,1130101,土地1建物1車位2,十三層,十四層,住宅大樓(11層含以上有電梯),住家用,鋼筋混凝土造,1150606,199.96,3,2,2,有,有,29870000,175990,坡道平面,55.52,4450000,預售屋、或土地及建物分件登記案件；,RPWVMLOLOHLGFBB76DA,86.64,0.0,9.37,有,
大肚區,房地(土地+建物)+車位,臺中市大肚區太平路２８號十樓之１,27.3,,鄉村區,乙種建築用地,1130127,土地1建物1車位1,十層,十層,華廈(10層含以下有電梯),住家用,鋼筋混凝土造,1150616,129.42,3,2,2,有,有,15250000,129617,坡道平面,26.81,1950000,預售屋、或土地及建物分件登記案件；,RPUNMLPLQHLGFKB96DA,63.28,0.0,5.24,有,
北屯區,房地(土地+建物)+車位,臺中市北屯區榮德一路３５９號五樓之５,27.37,都市：其他:第一之一種住宅區,,,1130114,土地2建物1車位1,五層,七層,華廈(10層含以下有電梯),住家用,鋼筋混凝土造,1150428,103.03,2,2,2,有,無,15150000,170094,坡道平面,25.72,2000000,預售屋、或土地及建物分件登記案件；,RPXRMLNKQHLGFBB09DA,46.1,0.0,5.3,有,
南屯區,房地(土地+建物)+車位,臺中市南屯區忠勇路１２９之５號四樓之１,16.44,都市：其他:第三種住宅區。,,,1130128,土地1建物1車位1,四層,二十一層,住宅大樓(11層含以上有電梯),住家用,鋼筋混凝土造,1150710,153.27,3,2,2,有,有,20730000,148941,坡道平面,29.53,2300000,預售屋、或土地及建物分件登記案件；,RPTWMLQLQHLGFCB07DA,74.96,0.0,7.33,有,
南屯區,房地(土地+建物)+車位,臺中市南屯區忠勇路１２９之８號四樓之２,16.44,都市：其他:第三種住宅區。,,,1130105,土地1建物1車位1,四層,二十一層,住宅大樓(11層含以上有電梯),住家用,鋼筋混凝土造,1150710,153.27,3,2,2,有,有,19450000,139405,坡道平面,29.53,2200000,預售屋、或土地及建物分件登記案件；,RPVWMLQLQHLGFCB27DA,74.96,0.0,7.33,有,
南屯區,房地(土地+建物)+車位,臺中市南屯區忠勇路１２９之１號五樓之１,19.61,都市：其他:第三種住宅區。,,,1130116,土地1建物1車位1,五層,二十一層,住宅大樓(11層含以上有電梯),住家用,鋼筋混凝土造,1150710,176.94,4,2,2,有,有,24660000,152703,坡道平面,29.53,2150000,預售屋、或土地及建物分件登記案件；,RPXWMLQLQHLGFCB47DA,91.09,0.0,7.09,有,
南屯區,房地(土地+建物)+車位,臺中市南屯區忠勇路１２９之５號十三樓之２,16.55,都市：其他:第三種住宅區。,,,1130102,土地1建物1車位1,十三層,二十一層,住宅大樓(11層含以上有電梯),住家用,鋼筋混凝土造,1150710,153.79000000000002,3,2,2,有,有,22080000,157573,坡道平面,29.53,2500000,預售屋、或土地及建物分件登記案件；,RPOOOLQLQHLGFCB58DA,75.48,0.0,7.33,有,
南屯區,房地(土地+建物)+車位,臺中市南屯區忠勇路１２９之８號五樓之７,16.55,都市：其他:第三種住宅區。,,,1130123,土地1建物1車位1,五層,二十一層,住宅大樓(11層含以上有電梯),住家用,鋼筋混凝土造,1150710,153.79000000000002,3,2,2,有,有,21660000,155802,坡道平面,29.53,2300000,預售屋、或土地及建物分件登記案件；,RPSPOLQLQHLGFCB09DA,75.48,0.0,7.33,有,
南屯區,房地(土地+建物)+車位,臺中市南屯區忠勇路１２９之５號九樓之７,16.44,都市：其他:第三種住宅區。,,,1130123,土地1建物1車位1,九層,二十一層,住宅大樓(11層含以上有電梯),住家用,鋼筋混凝土造,1150710,153.27,3,2,2,有,有,20770000,150477,坡道平面,29.53,2150000,預售屋、或土地及建物分件登記案件；,RPUPOLQLQHLGFCB66DA,74.96,0.0,7.33,有,
南屯區,房地(土地+建物)+車位,臺中市南屯區忠勇路１２９之１號十四樓之１,19.61,都市：其他:第三種住宅區。,,,1130113,土地1建物1車位1,十四層,二十一層,住宅大樓(11層含以上有電梯),住家用,鋼筋混凝土造,1150710,176.94,4,2,2,有,有,25800000,156706,坡道平面,29.53,2700000,預售屋、或土地及建物分件登記案件；,RPSQOLQLQHLGFCB56DA,91.09,0.0,7.09,有,
西屯區,房地(土地+建物)+車位,臺中市西屯區臺灣大道三段１２６號三樓之１,15.13,都市：其他:第五種住宅區,,,1130114,土地2建物1車位1,三層,十九層,住宅大樓(11層含以上有電梯),住家用,鋼筋混凝土造,1150625,117.30000000000001,2,2,2,有,有,19000000,198786,坡道平面,33.29,2300000,預售屋、或土地及建物分件登記案件；,RPTVMLOLQHLGFCB76DA,49.17,0.0,5.04,有,
西區,房地(土地+建物)+車位,臺中市西區樂群街３６８號八樓之２,17.59,都市：其他:第二種商業區,,,1121228,土地1建物1車位1,八層,二十四層,住宅大樓(11層含以上有電梯),住家用,鋼筋混凝土造,1150709,194.31,4,2,2,有,有,24100000,139382,坡道平面,36.47,2100000,預售屋、或土地及建物分件登記案件；,RPROMLQLQHLGFAB48DA,90.2,0.0,14.37,有,
后里區,房地(土地+建物),臺中市后里區九甲五路１８８巷１１號七樓,24.99,,特定農業區,甲種建築用地,1121225,土地1建物1車位0,七層,八層,華廈(10層含以下有電梯),住家用,鋼筋混凝土造,1150316,81.22,2,2,2,有,有,8100000,99729,,0.0,0,預售屋、或土地及建物分件登記案件；,RPOPMLSLPHLGFDB68DA,53.88,0.0,3.46,有,
沙鹿區,房地(土地+建物)+車位,臺中市沙鹿區台灣大道七段５１２巷１８２號十樓之６,23.37,都市：其他:第三種住宅區。,,,1121208,土地2建物1車位1,十層,十二層,住宅大樓(11層含以上有電梯),住家用,鋼筋混凝土造,1150603,150.94,3,2,2,有,有,12300000,86332,坡道平面,27.0,1600000,原承買人於115.04.27讓渡，讓渡房地總價為新臺幣1230萬元整。預售屋、或土地及建物分件登記案件；,RPSQMLLLPHLGFFB68DA,75.18,0.0,6.38,有,
沙鹿區,房地(土地+建物)+車位,臺中市沙鹿區台灣大道七段５１２巷１８２號十一樓之６,23.37,都市：其他:第三種住宅區。,,,1121202,土地2建物1車位1,十一層,十二層,住宅大樓(11層含以上有電梯),住家用,鋼筋混凝土造,1150603,150.94,3,2,2,有,有,12350000,86736,坡道平面,27.0,1600000,預售屋、或土地及建物分件登記案件；,RPVNMLRJQHLGFFB56DA,75.18,0.0,6.38,有,
北屯區,房地(土地+建物)+車位,臺中市北屯區榮德路３９８號九樓之３,28.6,都市：其他:第一之一種住宅區,,,1121224,土地1建物1車位1,九層,十三層,住宅大樓(11層含以上有電梯),住家用,鋼筋混凝土造,1150621,137.63,2,2,2,有,有,19400000,170034,坡道平面,36.18,2150000,預售屋、或土地及建物分件登記案件；,RPPVMLQJPHLGFBB78DA,58.63,0.0,6.64,有,
北屯區,房地(土地+建物)+車位,臺中市北屯區昌平東八路１３號八樓之１,45.61,都市：其他:第一之一種住宅區,,,1121202,土地1建物1車位2,八層,十四層,住宅大樓(11層含以上有電梯),住家用,鋼筋混凝土造,1150606,221.6,4,2,2,有,有,32520000,170520,坡道平面,55.52,4200000,預售屋、或土地及建物分件登記案件；,RPVNMLOLOHLGFBB48DA,100.87,0.0,9.54,有,
北屯區,房地(土地+建物)+車位,臺中市北屯區昌平東八路１５號十樓之１,40.62,都市：其他:第一之一種住宅區,,,1121216,土地1建物1車位2,十層,十四層,住宅大樓(11層含以上有電梯),住家用,鋼筋混凝土造,1150606,203.45,3,2,2,有,有,30300000,175759,坡道平面,55.52,4300000,預售屋、或土地及建物分件登記案件；,RPOUMLOLOHLGFBB48DA,86.64,0.0,11.71,有,
北屯區,房地(土地+建物)+車位,臺中市北屯區昌平東八路１５號八樓之３,33.48,都市：其他:第一之一種住宅區,,,1121206,土地1建物1車位1,八層,十四層,住宅大樓(11層含以上有電梯),住家用,鋼筋混凝土造,1150606,149.70999999999998,2,2,2,有,有,22490000,165970,坡道平面,27.76,2250000,預售屋、或土地及建物分件登記案件；,RPWWMLOLOHLGFBB86DA,70.68,0.0,10.39,有,
西屯區,房地(土地+建物)+車位,臺中市西屯區青海南街２３３號十七樓之１,13.95,都市：其他:第二種住宅區,,,1121216,土地1建物1車位1,十七層,二十三層,住宅大樓(11層含以上有電梯),住家用,鋼筋混凝土造,1150407,93.78,2,1,1,有,有,15800000,186419,坡道機械,15.73,1250000,預售屋、或土地及建物分件登記案件；,RPUOMLOKQHLGFCB68DA,45.23,0.0,4.02,有,
西屯區,房地(土地+建物)+車位,臺中市西屯區中清路二段１２５０巷３５號四樓之３,14.21,都市：其他:第二種住宅區,,,1121224,土地4建物1車位1,四層,六層,華廈(10層含以下有電梯),住家用,鋼筋混凝土造,1150512,70.53999999999999,1,1,1,有,有,12600000,183517,升降機械,10.6,1600000,預售屋、或土地及建物分件登記案件；,RPOUMLLMQHLGFCB58DA,32.06,0.0,3.92,有,
南區,房地(土地+建物)+車位,臺中市南區永和街１２５巷１６弄８號九樓之２,26.2,都市：其他:第二種住宅區,,,1121223,土地1建物1車位1,九層,十層,華廈(10層含以下有電梯),住家用,鋼筋混凝土造,1150510,153.99,3,2,2,有,有,18000000,139082,坡道平面,38.95,2000000,1、本戶價格含約定專用之露臺2、於115.05.26  讓渡   關係：配偶   金額：平移預售屋、或土地及建物分件登記案件；,RPUOMLLKQHLGFAB18DA,72.9,0.0,0.0,有,
北屯區,房地(土地+建物)+車位,臺中市北屯區昌平東八路１５號三樓之２,40.58,都市：其他:第一之一種住宅區,,,1121209,土地1建物1車位2,三層,十四層,住宅大樓(11層含以上有電梯),住家用,鋼筋混凝土造,1150606,203.21,3,2,2,有,有,28630000,164398,坡道平面,55.52,4350000,預售屋、或土地及建物分件登記案件；,RPWUMLOLOHLGFBB66DA,86.64,0.0,11.56,有,
北屯區,房地(土地+建物)+車位,臺中市北屯區昌平東八路１５號四樓之２,40.62,都市：其他:第一之一種住宅區,,,1121224,土地1建物1車位2,四層,十四層,住宅大樓(11層含以上有電梯),住家用,鋼筋混凝土造,1150606,201.81,3,2,2,有,有,28820000,167106,坡道平面,53.88,4100000,預售屋、或土地及建物分件登記案件；,RPXUMLOLOHLGFBB76DA,86.64,0.0,11.71,有,
北屯區,房地(土地+建物)+車位,臺中市北屯區昌平東八路１５號六樓之３,33.48,都市：其他:第一之一種住宅區,,,1121203,土地1建物1車位1,六層,十四層,住宅大樓(11層含以上有電梯),住家用,鋼筋混凝土造,1150606,149.70999999999998,2,2,2,有,有,22220000,164166,坡道平面,27.76,2200000,114年06月13日讓售總金額2222萬元整預售屋、或土地及建物分件登記案件；,RPUWMLOLOHLGFBB66DA,70.68,0.0,10.39,有,
南屯區,房地(土地+建物)+車位,臺中市南屯區忠勇路１２９之１號四樓之２,19.51,都市：其他:第三種住宅區。,,,1121202,土地1建物1車位2,四層,二十一層,住宅大樓(11層含以上有電梯),住家用,鋼筋混凝土造,1150710,205.81,4,2,2,有,有,25680000,145349,坡道平面,59.06,4350000,預售屋、或土地及建物分件登記案件；,RPSPMLQLQHLGFCB88DA,90.43,0.0,7.09,有,
南屯區,房地(土地+建物)+車位,臺中市南屯區忠勇路１２９之１號七樓之１,19.61,都市：其他:第三種住宅區。,,,1121219,土地1建物1車位2,七層,二十一層,住宅大樓(11層含以上有電梯),住家用,鋼筋混凝土造,1150710,206.47000000000003,4,2,2,有,有,26300000,151279,坡道平面,59.06,4000000,預售屋、或土地及建物分件登記案件；,RPQQOLQLQHLGFCB98DA,91.09,0.0,7.09,有,
南屯區,房地(土地+建物)+車位,臺中市南屯區忠勇路１２９之１號七樓之２,19.51,都市：其他:第三種住宅區。,,,1121203,土地1建物1車位2,七層,二十一層,住宅大樓(11層含以上有電梯),住家用,鋼筋混凝土造,1150710,205.81,4,2,2,有,有,26650000,151959,坡道平面,59.06,4350000,預售屋、或土地及建物分件登記案件；,RPTQOLQLQHLGFCB66DA,90.43,0.0,7.09,有,
西屯區,房地(土地+建物)+車位,臺中市西屯區臺灣大道三段１２２號六樓之３,26.14,都市：其他:第五種住宅區,,,1121217,土地2建物1車位1,六層,十九層,住宅大樓(11層含以上有電梯),住家用,鋼筋混凝土造,1150625,178.98000000000002,3,2,2,有,有,34050000,216556,坡道平面,33.29,2500000,含裝潢費；,RPPNMLTLQHLGFCB68DA,84.05,0.0,9.95,有,
后里區,房地(土地+建物)+車位,臺中市后里區民生路９８號七樓之３,26.39,都市：其他:住宅區,,,1121217,土地1建物1車位1,七層,十三層,住宅大樓(11層含以上有電梯),住家用,鋼筋混凝土造,1150510,148.07999999999998,3,2,2,有,有,14500000,105628,坡道平面,25.48,1550000,預售屋、或土地及建物分件登記案件；,RPSQMLSLPHLGFDB56DA,76.14,0.0,4.8,有,
沙鹿區,房地(土地+建物)+車位,臺中市沙鹿區台灣大道七段５１２巷１８２號二樓之６,23.25,都市：其他:第三種住宅區。,,,1121125,土地2建物1車位1,二層,十二層,住宅大樓(11層含以上有電梯),住家用,鋼筋混凝土造,1150603,150.33,3,2,2,有,有,11470000,80435,坡道平面,27.0,1550000,預售屋、或土地及建物分件登記案件；,RPUOMLRKPHLGFFB56DA,75.18,0.0,6.0,有,
沙鹿區,房地(土地+建物)+車位,臺中市沙鹿區台灣大道七段５１２巷１８２號四樓之７,23.95,都市：其他:第三種住宅區。,,,1121102,土地2建物1車位1,四層,十二層,住宅大樓(11層含以上有電梯),住家用,鋼筋混凝土造,1150603,154.17000000000002,3,2,2,有,有,11670000,79185,坡道平面,27.0,1600000,預售屋、或土地及建物分件登記案件；,RPOQMLRKPHLGFFB78DA,77.31,0.0,6.38,有,
沙鹿區,房地(土地+建物)+車位,臺中市沙鹿區台灣大道七段５１２巷１８２號五樓之７,23.95,都市：其他:第三種住宅區。,,,1121117,土地2建物1車位1,五層,十二層,住宅大樓(11層含以上有電梯),住家用,鋼筋混凝土造,1150603,154.17000000000002,3,2,2,有,有,12300000,84139,坡道平面,27.0,1600000,原承買人於115.05.14指定配偶登記名義人預售屋、或土地及建物分件登記案件；,RPVQMLRKPHLGFFB86DA,77.31,0.0,6.38,有,
北屯區,房地(土地+建物)+車位,臺中市北屯區榮德路３９８號十二樓之５,28.6,都市：其他:第一之一種住宅區,,,1121116,土地1建物1車位1,十二層,十三層,住宅大樓(11層含以上有電梯),住家用,鋼筋混凝土造,1150621,137.63,2,2,2,有,有,19700000,172006,坡道平面,36.18,2250000,預售屋、或土地及建物分件登記案件；,RPVWMLQJPHLGFBB86DA,58.63,0.0,6.64,有,
北屯區,房地(土地+建物)+車位,臺中市北屯區敦富路８１８號十三樓之７,22.83,都市：其他:第二之一種住宅區,,,1121129,土地1建物1車位1,十三層,十五層,住宅大樓(11層含以上有電梯),住家用,鋼筋混凝土造,1150613,180.19,3,2,2,有,有,24560000,154163,坡道平面,34.5,2100000,115.01.22配偶間讓渡。預售屋、或土地及建物分件登記案件；,RPQOMLNLPHLGFBB08DA,85.24,0.0,10.7,有,
北屯區,房地(土地+建物)+車位,臺中市北屯區敦富路８１８號四樓之１０,16.78,都市：其他:第二之一種住宅區,,,1121110,土地1建物1車位1,四層,十五層,住宅大樓(11層含以上有電梯),住家用,鋼筋混凝土造,1150613,141.49,2,2,2,有,有,16740000,137770,坡道平面,34.5,2000000,預售屋、或土地及建物分件登記案件；,RPPNNLNLPHLGFBB97DA,61.48,0.0,8.93,有,
烏日區,房地(土地+建物)+車位,臺中市烏日區日新街５６巷１號七樓之５,29.99,都市：其他:第三種住宅區。,,,1121119,土地1建物1車位1,七層,十一層,住宅大樓(11層含以上有電梯),住家用,鋼筋混凝土造,1150513,151.3,3,2,2,有,有,16660000,117927,坡道平面,25.29,1800000,預售屋、或土地及建物分件登記案件；,RPPQMLOJPHLGFIB78DA,74.98,0.0,7.13,有,
烏日區,房地(土地+建物)+車位,臺中市烏日區日新街５６巷１號九樓之１,32.86,都市：其他:第三種住宅區。,,,1121119,土地1建物1車位1,九層,十一層,住宅大樓(11層含以上有電梯),住家用,鋼筋混凝土造,1150513,163.88,3,2,2,有,有,17950000,117930,坡道平面,26.51,1750000,預售屋、或土地及建物分件登記案件；,RPWTMLOJPHLGFIB17DA,81.97,0.0,7.52,有,
北屯區,房地(土地+建物)+車位,臺中市北屯區昌平東八路１３號四樓之３,35.75,都市：其他:第一之一種住宅區,,,1121112,土地1建物1車位1,四層,十四層,住宅大樓(11層含以上有電梯),住家用,鋼筋混凝土造,1150606,157.93,3,2,2,有,有,23250000,162096,坡道平面,27.76,2150000,預售屋、或土地及建物分件登記案件；,RPSQMLOLOHLGFBB48DA,76.36,0.0,10.19,有,
北屯區,房地(土地+建物)+車位,臺中市北屯區昌平東八路１３號十三樓之５,35.38,都市：其他:第一之一種住宅區,,,1121112,土地1建物1車位2,十三層,十四層,住宅大樓(11層含以上有電梯),住家用,鋼筋混凝土造,1150606,184.35000000000002,3,2,2,有,有,26600000,173096,坡道平面,55.52,4300000,預售屋、或土地及建物分件登記案件；,RPOTMLOLOHLGFBB38DA,76.36,0.0,9.31,有,
北屯區,房地(土地+建物)+車位,臺中市北屯區昌平東八路１５號十三樓之１,39.67,都市：其他:第一之一種住宅區,,,1121107,土地1建物1車位2,十三層,十四層,住宅大樓(11層含以上有電梯),住家用,鋼筋混凝土造,1150606,199.96,3,2,2,有,有,29700000,176544,坡道平面,55.52,4200000,預售屋、或土地及建物分件登記案件；,RPSUMLOLOHLGFBB88DA,86.64,0.0,9.37,有,
南屯區,房地(土地+建物)+車位,臺中市南屯區忠勇路１２９之５號三樓之３,16.88,都市：其他:第三種住宅區。,,,1121118,土地1建物1車位1,三層,二十一層,住宅大樓(11層含以上有電梯),住家用,鋼筋混凝土造,1150710,156.56,3,2,2,有,有,21650000,153113,坡道平面,29.53,2200000,預售屋、或土地及建物分件登記案件；,RPWOMLQLQHLGFCB56DA,73.52,0.0,11.02,有,
南屯區,房地(土地+建物)+車位,臺中市南屯區忠勇路１２９之１號四樓之５,16.55,都市：其他:第三種住宅區。,,,1121121,土地1建物1車位1,四層,二十一層,住宅大樓(11層含以上有電梯),住家用,鋼筋混凝土造,1150710,153.79000000000002,3,2,2,有,有,20070000,143811,坡道平面,29.53,2200000,預售屋、或土地及建物分件登記案件；,RPSWMLQLQHLGFCB96DA,75.48,0.0,7.33,有,
南屯區,房地(土地+建物)+車位,臺中市南屯區忠勇路１２９之５號四樓之５,16.44,都市：其他:第三種住宅區。,,,1121104,土地1建物1車位1,四層,二十一層,住宅大樓(11層含以上有電梯),住家用,鋼筋混凝土造,1150710,153.5,3,2,2,有,有,20020000,143744,坡道平面,29.53,2200000,預售屋、或土地及建物分件登記案件；,RPUWMLQLQHLGFCB17DA,75.19,0.0,7.33,有,
南屯區,房地(土地+建物)+車位,臺中市南屯區忠勇路１２９之１號五樓之６,16.44,都市：其他:第三種住宅區。,,,1121120,土地1建物1車位1,五層,二十一層,住宅大樓(11層含以上有電梯),住家用,鋼筋混凝土造,1150710,153.27,3,2,2,有,有,19830000,142880,坡道平面,29.53,2150000,預售屋、或土地及建物分件登記案件；,RPPNNLQLQHLGFCB48DA,74.96,0.0,7.33,有,
南屯區,房地(土地+建物)+車位,臺中市南屯區忠勇路１２９之５號七樓之１,16.44,都市：其他:第三種住宅區。,,,1121102,土地1建物1車位1,七層,二十一層,住宅大樓(11層含以上有電梯),住家用,鋼筋混凝土造,1150710,153.27,3,2,2,有,有,20200000,145466,坡道平面,29.53,2200000,預售屋、或土地及建物分件登記案件；,RPRNOLQLQHLGFCB78DA,74.96,0.0,7.33,有,
南屯區,房地(土地+建物)+車位,臺中市南屯區忠勇路１２９之１號九樓之６,16.44,都市：其他:第三種住宅區。,,,1121107,土地1建物1車位1,九層,二十一層,住宅大樓(11層含以上有電梯),住家用,鋼筋混凝土造,1150710,153.27,3,2,2,有,有,20700000,147083,坡道平面,29.53,2500000,預售屋、或土地及建物分件登記案件；,RPUNOLQLQHLGFCB09DA,74.96,0.0,7.33,有,
南屯區,房地(土地+建物)+車位,臺中市南屯區忠勇路１２９之５號八樓之１,16.44,都市：其他:第三種住宅區。,,,1121105,土地1建物1車位2,八層,二十一層,住宅大樓(11層含以上有電梯),住家用,鋼筋混凝土造,1150710,182.81,3,2,2,有,有,22550000,146263,坡道平面,59.06,4450000,預售屋、或土地及建物分件登記案件；,RPVNOLQLQHLGFCB56DA,74.96,0.0,7.33,有,
南屯區,房地(土地+建物)+車位,臺中市南屯區忠勇路１２９之８號七樓之１,16.44,都市：其他:第三種住宅區。,,,1121121,土地1建物1車位1,七層,二十一層,住宅大樓(11層含以上有電梯),住家用,鋼筋混凝土造,1150710,153.27,3,2,2,有,有,20980000,150558,坡道平面,29.53,2350000,預售屋、或土地及建物分件登記案件；,RPWPOLQLQHLGFCB86DA,74.96,0.0,7.33,有,
南屯區,房地(土地+建物)+車位,臺中市南屯區忠勇路１２９之１號十樓之３,16.88,都市：其他:第三種住宅區。,,,1121121,土地1建物1車位2,十層,二十一層,住宅大樓(11層含以上有電梯),住家用,鋼筋混凝土造,1150710,186.3,3,2,2,有,有,24530000,154668,坡道平面,59.06,4850000,預售屋、或土地及建物分件登記案件；,RPVQOLQLQHLGFCB86DA,73.73,0.0,11.02,有,
南屯區,房地(土地+建物)+車位,臺中市南屯區忠勇路１２９之１號六樓之５,16.55,都市：其他:第三種住宅區。,,,1121105,土地1建物1車位1,六層,二十一層,住宅大樓(11層含以上有電梯),住家用,鋼筋混凝土造,1150710,153.79000000000002,3,2,2,有,有,20700000,148077,坡道平面,29.53,2300000,預售屋、或土地及建物分件登記案件；,RPXQOLQLQHLGFCB07DA,75.48,0.0,7.33,有,
沙鹿區,房地(土地+建物)+車位,臺中市沙鹿區東晉一街６１號六樓之７,35.21,都市：其他:第二種住宅區,,,1121103,土地1建物1車位1,六層,六層,華廈(10層含以下有電梯),住家用,鋼筋混凝土造,1150318,123.09,2,2,2,有,有,9680000,102785,坡道平面,43.02,1450000,預售屋、或土地及建物分件登記案件；,RPSRMLTLMHLGFFB66DA,46.62,0.0,6.32,有,
后里區,房地(土地+建物)+車位,臺中市后里區甲后路三段１３６號四樓之５,19.92,,鄉村區,乙種建築用地,1121011,土地1建物1車位1,四層,九層,華廈(10層含以下有電梯),住家用,鋼筋混凝土造,1150513,105.43,2,2,1,有,有,8550000,91950,坡道平面,27.67,1400000,預售屋、或土地及建物分件登記案件；,RPWPMLNKPHLGFDB88DA,46.35,0.0,5.68,有,
后里區,房地(土地+建物),臺中市后里區九甲五路１８８巷９號六樓,24.99,,特定農業區,甲種建築用地,1121017,土地1建物1車位0,六層,八層,華廈(10層含以下有電梯),住家用,鋼筋混凝土造,1150316,81.22,2,2,2,有,有,7800000,96035,,0.0,0,預售屋、或土地及建物分件登記案件；,RPVOMLSLPHLGFDB66DA,53.88,0.0,3.46,有,
后里區,房地(土地+建物),臺中市后里區九甲五路１８８巷９號五樓,24.99,,特定農業區,甲種建築用地,1121010,土地1建物1車位0,五層,八層,華廈(10層含以下有電梯),住家用,鋼筋混凝土造,1150316,81.22,2,2,2,有,有,7700000,94804,,0.0,0,預售屋、或土地及建物分件登記案件；,RPXOMLSLPHLGFDB86DA,53.88,0.0,3.46,有,
沙鹿區,房地(土地+建物)+車位,臺中市沙鹿區台灣大道七段５１２巷１８２號二樓之１,23.83,都市：其他:第三種住宅區。,,,1121027,土地2建物1車位1,二層,十二層,住宅大樓(11層含以上有電梯),住家用,鋼筋混凝土造,1150603,153.56,3,2,2,有,有,11300000,77829,坡道平面,27.0,1450000,預售屋、或土地及建物分件登記案件；,RPQOMLRKPHLGFFB78DA,77.31,0.0,6.0,有,
沙鹿區,房地(土地+建物)+車位,臺中市沙鹿區台灣大道七段５１２巷１８２號三樓之１,23.95,都市：其他:第三種住宅區。,,,1121002,土地2建物1車位1,三層,十二層,住宅大樓(11層含以上有電梯),住家用,鋼筋混凝土造,1150603,154.17000000000002,3,2,2,有,有,11380000,78084,坡道平面,27.0,1450000,預售屋、或土地及建物分件登記案件；,RPXOMLRKPHLGFFB86DA,77.31,0.0,6.38,有,
沙鹿區,房地(土地+建物)+車位,臺中市沙鹿區台灣大道七段５１２巷１８２號十樓之２,23.4,都市：其他:第三種住宅區。,,,1121022,土地2建物1車位1,十層,十二層,住宅大樓(11層含以上有電梯),住家用,鋼筋混凝土造,1150603,151.06,3,2,2,有,有,12350000,86652,坡道平面,27.0,1600000,預售屋、或土地及建物分件登記案件；,RPOQMLLLPHLGFFB28DA,75.26,0.0,6.38,有,
烏日區,房地(土地+建物)+車位,臺中市烏日區日新街５６巷３號二樓之１,32.07,都市：其他:第三種住宅區。,,,1121008,土地1建物1車位1,二層,十一層,住宅大樓(11層含以上有電梯),住家用,鋼筋混凝土造,1150513,159.26999999999998,3,2,2,有,有,16220000,108374,坡道平面,25.29,1700000,預售屋、或土地及建物分件登記案件；,RPTQMLOJPHLGFIB56DA,80.19,0.0,7.13,有,
烏日區,房地(土地+建物)+車位,臺中市烏日區日新街５６巷３號二樓之２,32.07,都市：其他:第三種住宅區。,,,1121027,土地1建物1車位1,二層,十一層,住宅大樓(11層含以上有電梯),住家用,鋼筋混凝土造,1150513,159.44,3,2,2,有,有,16400000,108833,坡道平面,25.29,1800000,115.03.26預售屋讓渡，讓渡關係:配偶。預售屋、或土地及建物分件登記案件；,RPSOMLOLPHLGFIB09DA,80.24,0.0,7.13,有,
太平區,房地(土地+建物)+車位,臺中市太平區新平路三段２２７號九樓之１,30.83,都市：其他:住宅區,,,1121020,土地1建物1車位1,九層,十四層,住宅大樓(11層含以上有電梯),住家用,鋼筋混凝土造,1150527,145.76,3,2,2,有,有,14910000,115534,坡道平面,32.72,1850000,預售屋、或土地及建物分件登記案件；,RPPNMLNKQHLGFJB68DA,67.4,0.0,7.23,有,
太平區,房地(土地+建物)+車位,臺中市太平區新平路三段２２７號十樓之８,29.88,都市：其他:住宅區,,,1121019,土地1建物1車位1,十層,十四層,住宅大樓(11層含以上有電梯),住家用,鋼筋混凝土造,1150527,142.29000000000002,3,2,2,有,有,14330000,115269,坡道平面,32.72,1700000,預售屋、或土地及建物分件登記案件；,RPSNMLLLQHLGFJB88DA,65.11,0.0,7.23,有,
太平區,房地(土地+建物)+車位,臺中市太平區新平路三段２２７號八樓之８,29.88,都市：其他:住宅區,,,1121020,土地1建物1車位1,八層,十四層,住宅大樓(11層含以上有電梯),住家用,鋼筋混凝土造,1150527,142.29000000000002,3,2,2,有,有,14340000,113991,坡道平面,32.72,1850000,預售屋、或土地及建物分件登記案件；,RPTNMLLLQHLGFJB98DA,65.11,0.0,7.23,有,
北屯區,房地(土地+建物)+車位,臺中市北屯區昌平東八路１３號九樓之２,46.64,都市：其他:第一之一種住宅區,,,1121029,土地1建物1車位2,九層,十四層,住宅大樓(11層含以上有電梯),住家用,鋼筋混凝土造,1150606,223.79,4,2,2,有,有,32800000,168619,坡道平面,53.88,4150000,預售屋、或土地及建物分件登記案件；,RPPPMLOLOHLGFBB08DA,100.87,0.0,12.09,有,
北屯區,房地(土地+建物)+車位,臺中市北屯區昌平東八路１５號八樓之１,40.62,都市：其他:第一之一種住宅區,,,1121015,土地1建物1車位2,八層,十四層,住宅大樓(11層含以上有電梯),住家用,鋼筋混凝土造,1150606,203.45,3,2,2,有,有,29580000,170892,坡道平面,55.52,4300000,預售屋、或土地及建物分件登記案件；,RPVTMLOLOHLGFBB09DA,86.64,0.0,11.71,有,
沙鹿區,房地(土地+建物)+車位,臺中市沙鹿區光明街２２０號十五樓之３,29.24,都市：其他:第四種住宅區,,,1121023,土地1建物1車位1,十五層,十五層,住宅大樓(11層含以上有電梯),住家用,鋼筋混凝土造,1150513,139.98,3,2,2,有,有,10280000,82900,坡道平面,32.26,1350000,1. 本申報書地政士僅受託買賣案件申請登記，並未代理撰擬不動產買賣契約書，本成交資訊係由買賣雙方提供屬實。2. 於民國115年1月27日預售屋讓渡給姐姐，讓渡價格不變 3.於民國115年4月22日預售屋讓渡給配偶，讓渡價格不變。預售屋、或土地及建物分件登記案件；,RPTPMLLJOHLGFFB38DA,68.84,0.0,3.32,有,
沙鹿區,房地(土地+建物)+車位,臺中市沙鹿區光明街２２０號二樓之３,29.72,都市：其他:第四種住宅區,,,1121023,土地1建物1車位1,二層,十五層,住宅大樓(11層含以上有電梯),住家用,鋼筋混凝土造,1150513,139.62,3,2,2,有,有,10250000,81256,坡道平面,30.09,1350000,1. 本申報書地政士僅受託買賣案件申請登記，並未代理撰擬不動產買賣契約書，本成交資訊係由買賣雙方提供屬實。2.於民國115年6月29日有買受人與其配偶，直系血親或二親等內旁系血親之讓與，其讓渡價格不變。預售屋、或土地及建物分件登記案件；,RPUNMLKMOHLGFFB48DA,68.78,0.0,4.61,有,
南區,房地(土地+建物)+車位,臺中市南區永和街１２５巷１６弄８號六樓之２,19.9,都市：其他:第二種住宅區,,,1121016,土地1建物1車位1,六層,十層,華廈(10層含以下有電梯),住家用,鋼筋混凝土造,1150510,126.31,2,2,1,有,有,13350000,129922,坡道平面,38.95,2000000,預售屋、或土地及建物分件登記案件；,RPROMLKMOHLGFAB77DA,52.03,0.0,3.32,有,
北屯區,房地(土地+建物)+車位,臺中市北屯區昌平東八路１３號三樓之３,35.92,都市：其他:第一之一種住宅區,,,1121026,土地1建物1車位1,三層,十四層,住宅大樓(11層含以上有電梯),住家用,鋼筋混凝土造,1150606,161.57,3,2,2,有,有,23620000,162220,坡道平面,30.76,2400000,預售屋、或土地及建物分件登記案件；,RPRQMLOLOHLGFBB38DA,76.36,0.0,10.63,有,
北屯區,房地(土地+建物)+車位,臺中市北屯區昌平東八路１５號三樓之１,40.58,都市：其他:第一之一種住宅區,,,1121030,土地1建物1車位2,三層,十四層,住宅大樓(11層含以上有電梯),住家用,鋼筋混凝土造,1150606,201.56,3,2,2,有,有,28280000,163732,坡道平面,53.88,4100000,預售屋、或土地及建物分件登記案件；,RPRTMLOLOHLGFBB68DA,86.64,0.0,11.56,有,
西屯區,房地(土地+建物)+車位,臺中市西屯區惠中三街５８號十九樓之３,7.06,都市：其他:第七種新市政中心專用區,,,1121004,土地1建物1車位1,十九層,二十七層,住宅大樓(11層含以上有電梯),住家用,鋼骨鋼筋混凝土造、鋼筋混凝土造,1150622,107.25,2,2,2,有,有,20270000,227471,坡道平面,29.13,2500000,預售屋、或土地及建物分件登記案件；,RPRQMLMKQHLGFCB38DA,46.2,0.0,4.57,有,
南屯區,房地(土地+建物)+車位,臺中市南屯區忠勇路１２９之５號九樓之２,16.55,都市：其他:第三種住宅區。,,,1121031,土地1建物1車位1,九層,二十一層,住宅大樓(11層含以上有電梯),住家用,鋼筋混凝土造,1150710,153.79000000000002,3,2,2,有,有,20400000,148881,坡道平面,29.53,1900000,預售屋、或土地及建物分件登記案件；,RPTNOLQLQHLGFCB98DA,75.48,0.0,7.33,有,
南屯區,房地(土地+建物)+車位,臺中市南屯區忠勇路１２９之８號十三樓之５,16.44,都市：其他:第三種住宅區。,,,1121028,土地1建物1車位2,十三層,二十一層,住宅大樓(11層含以上有電梯),住家用,鋼筋混凝土造,1150710,183.04,3,2,2,有,有,25280000,159945,坡道平面,59.06,5450000,預售屋、或土地及建物分件登記案件；,RPSOOLQLQHLGFCB98DA,75.19,0.0,7.33,有,
南屯區,房地(土地+建物)+車位,臺中市南屯區忠勇路１２９之５號六樓之５,16.44,都市：其他:第三種住宅區。,,,1121029,土地1建物1車位1,六層,二十一層,住宅大樓(11層含以上有電梯),住家用,鋼筋混凝土造,1150710,153.5,3,2,2,有,有,20500000,148020,坡道平面,29.53,2150000,預售屋、或土地及建物分件登記案件；,RPPPOLQLQHLGFCB78DA,75.19,0.0,7.33,有,
南屯區,房地(土地+建物)+車位,臺中市南屯區忠勇路１２９之８號七樓之２,16.44,都市：其他:第三種住宅區。,,,1121015,土地1建物1車位1,七層,二十一層,住宅大樓(11層含以上有電梯),住家用,鋼筋混凝土造,1150710,153.27,3,2,2,有,有,20080000,143284,坡道平面,29.53,2350000,預售屋、或土地及建物分件登記案件；,RPRQOLQLQHLGFCB09DA,74.96,0.0,7.33,有,
南屯區,房地(土地+建物)+車位,臺中市南屯區忠勇路１２９之８號八樓之７,16.55,都市：其他:第三種住宅區。,,,1121015,土地1建物1車位1,八層,二十一層,住宅大樓(11層含以上有電梯),住家用,鋼筋混凝土造,1150710,153.79000000000002,3,2,2,有,有,21700000,154515,坡道平面,29.53,2500000,預售屋、或土地及建物分件登記案件；,RPVNMLRLQHLGFCB09DA,75.48,0.0,7.33,有,
南屯區,房地(土地+建物)+車位,臺中市南屯區忠勇路１２９之８號十六樓之７,16.55,都市：其他:第三種住宅區。,,,1121019,土地1建物1車位1,十六層,二十一層,住宅大樓(11層含以上有電梯),住家用,鋼筋混凝土造,1150710,153.79000000000002,3,2,2,有,有,22700000,160550,坡道平面,29.53,2750000,預售屋、或土地及建物分件登記案件；,RPWNMLRLQHLGFCB56DA,75.48,0.0,7.33,有,
南屯區,房地(土地+建物)+車位,臺中市南屯區忠勇路１２９之１３號九樓之１,18.3,都市：其他:第三種住宅區。,,,1121011,土地1建物1車位2,九層,二十一層,住宅大樓(11層含以上有電梯),住家用,鋼筋混凝土造,1150710,196.78,3,2,2,有,有,24830000,152701,坡道平面,59.06,3800000,預售屋、或土地及建物分件登記案件；,RPXNMLRLQHLGFCB66DA,84.38,0.0,7.22,有,
西屯區,土地,協成段311-1地號,22.35,都市：其他:農業區,,,1121006,土地1建物0車位0,,,其他,,,,0.0,0,0,0,無,無,200000,8949,,0.0,0,,RPQRMLNJRHLGFCB48DA,0.0,0.0,0.0,無,
西屯區,房地(土地+建物)+車位,臺中市西屯區臺灣大道三段１２２號十八樓之１,15.13,都市：其他:第五種住宅區,,,1121020,土地2建物1車位1,十八層,十九層,住宅大樓(11層含以上有電梯),住家用,鋼筋混凝土造,1150625,117.29,2,2,2,有,有,19520000,202619,坡道平面,33.29,2500000,預售屋、或土地及建物分件登記案件；,RPRVMLOLQHLGFCB56DA,49.17,0.0,5.03,有,
西屯區,房地(土地+建物)+車位,臺中市西屯區臺灣大道三段１１２號四樓之３,25.74,都市：其他:第五種住宅區,,,1121030,土地2建物1車位1,四層,十九層,住宅大樓(11層含以上有電梯),住家用,鋼筋混凝土造,1150625,176.44,3,2,2,有,有,29580000,189172,坡道平面,33.29,2500000,預售屋、或土地及建物分件登記案件；,RPVONLQLQHLGFCB56DA,82.44,0.0,9.95,有,
北屯區,房地(土地+建物)+車位,臺中市北屯區崇德十六路８號二樓之５,40.9,都市：其他:第一之一種住宅區,,,1120905,土地1建物1車位2,二層,二十三層,住宅大樓(11層含以上有電梯),住家用,鋼筋混凝土造,1150630,217.2,3,2,2,有,有,31690000,179847,坡道平面,65.46,4400000,預售屋、或土地及建物分件登記案件；,RPSVMLNJQHLGFBB88DA,91.55,0.0,6.89,有,
西區,房地(土地+建物)+車位,臺中市西區樂群街３６８號九樓之５,17.88,都市：其他:第二種商業區,,,1120914,土地1建物1車位1,九層,二十四層,住宅大樓(11層含以上有電梯),住家用,鋼筋混凝土造,1150709,197.29,4,2,2,有,有,24980000,141649,坡道平面,36.47,2200000,預售屋、或土地及建物分件登記案件；,RPSOMLQLQHLGFAB58DA,92.11,0.0,14.44,有,
北屯區,房地(土地+建物)+車位,臺中市北屯區敦富路８１８號十四樓之１,23.9,都市：其他:第二之一種住宅區,,,1120924,土地1建物1車位2,十四層,十五層,住宅大樓(11層含以上有電梯),住家用,鋼筋混凝土造,1150613,221.52,3,2,2,有,有,27600000,154734,坡道平面,69.0,4000000,預售屋、或土地及建物分件登記案件；,RPRPMLLLPHLGFBB08DA,88.15,0.0,12.25,有,
北屯區,房地(土地+建物)+車位,臺中市北屯區敦富路８１８號四樓之８,15.34,都市：其他:第二之一種住宅區,,,1120921,土地1建物1車位1,四層,十五層,住宅大樓(11層含以上有電梯),住家用,鋼筋混凝土造,1150613,131.24,2,2,2,有,有,15320000,138227,坡道平面,33.43,1800000,預售屋、或土地及建物分件登記案件；,RPWOMLNLPHLGFBB68DA,59.48,0.0,4.93,有,
北屯區,房地(土地+建物)+車位,臺中市北屯區敦富路８１８號十樓之８,15.34,都市：其他:第二之一種住宅區,,,1120924,土地1建物1車位1,十層,十五層,住宅大樓(11層含以上有電梯),住家用,鋼筋混凝土造,1150613,132.31,2,2,2,有,有,15470000,141806,坡道平面,34.5,1600000,預售屋、或土地及建物分件登記案件；,RPSPMLNLPHLGFBB38DA,59.48,0.0,4.93,有,
北屯區,房地(土地+建物)+車位,臺中市北屯區敦富路８１８號十樓之１０,16.78,都市：其他:第二之一種住宅區,,,1120923,土地1建物1車位1,十層,十五層,住宅大樓(11層含以上有電梯),住家用,鋼筋混凝土造,1150613,141.49,2,2,2,有,有,16970000,139920,坡道平面,34.5,2000000,預售屋、或土地及建物分件登記案件；,RPWNNLNLPHLGFBB68DA,61.48,0.0,8.93,有,
北屯區,房地(土地+建物)+車位,臺中市北屯區敦富路８１８號七樓之１１,17.07,都市：其他:第二之一種住宅區,,,1120923,土地1建物1車位1,七層,十五層,住宅大樓(11層含以上有電梯),住家用,鋼筋混凝土造,1150613,143.39,2,2,2,有,有,18660000,152998,坡道平面,34.5,2000000,預售屋、或土地及建物分件登記案件；,RPPPNLNLPHLGFBB18DA,63.13,0.0,8.56,有,
北屯區,房地(土地+建物)+車位,臺中市北屯區敦富路８１８號十五樓之１１,17.07,都市：其他:第二之一種住宅區,,,1120921,土地1建物1車位1,十五層,十五層,住宅大樓(11層含以上有電梯),住家用,鋼筋混凝土造,1150613,143.39,2,2,2,有,有,19180000,157774,坡道平面,34.5,2000000,預售屋、或土地及建物分件登記案件；,RPOOMLOLPHLGFBB97DA,63.13,0.0,8.56,有,
北屯區,房地(土地+建物)+車位,臺中市北屯區敦富路８１８號六樓之１２,17.21,都市：其他:第二之一種住宅區,,,1120923,土地1建物1車位1,六層,十五層,住宅大樓(11層含以上有電梯),住家用,鋼筋混凝土造,1150613,144.23000000000002,2,2,2,有,有,18780000,153832,坡道平面,34.5,1900000,預售屋、或土地及建物分件登記案件；,RPTOMLOLPHLGFBB48DA,63.54,0.0,8.71,有,
北屯區,房地(土地+建物)+車位,臺中市北屯區敦富路８１８號十三樓之１２,17.17,都市：其他:第二之一種住宅區,,,1120922,土地1建物1車位1,十三層,十五層,住宅大樓(11層含以上有電梯),住家用,鋼筋混凝土造,1150613,144.03,2,2,2,有,有,18950000,156578,坡道平面,34.5,1800000,預售屋、或土地及建物分件登記案件；,RPSPMLOLPHLGFBB48DA,63.54,0.0,8.56,有,
北屯區,房地(土地+建物)+車位,臺中市北屯區敦富路８１８號六樓之１３,17.77,都市：其他:第二之一種住宅區,,,1120924,土地1建物1車位1,六層,十五層,住宅大樓(11層含以上有電梯),住家用,鋼筋混凝土造,1150613,146.8,3,2,2,有,有,18690000,150745,坡道平面,33.43,1600000,預售屋、或土地及建物分件登記案件；,RPQQMLOLPHLGFBB38DA,66.99,0.0,7.62,有,
北屯區,房地(土地+建物)+車位,臺中市北屯區敦富路８１８號八樓之１３,17.77,都市：其他:第二之一種住宅區,,,1120927,土地1建物1車位1,八層,十五層,住宅大樓(11層含以上有電梯),住家用,鋼筋混凝土造,1150613,147.87,3,2,2,有,有,18930000,151980,坡道平面,34.5,1700000,預售屋、或土地及建物分件登記案件；,RPSQMLOLPHLGFBB58DA,66.99,0.0,7.62,有,
北屯區,房地(土地+建物)+車位,臺中市北屯區敦富路８１８號十二樓之１３,17.77,都市：其他:第二之一種住宅區,,,1120925,土地1建物1車位1,十二層,十五層,住宅大樓(11層含以上有電梯),住家用,鋼筋混凝土造,1150613,147.87,3,2,2,有,有,19400000,154362,坡道平面,34.5,1900000,預售屋、或土地及建物分件登記案件；,RPXQMLOLPHLGFBB09DA,66.99,0.0,7.62,有,
烏日區,房地(土地+建物)+車位,臺中市烏日區日新街５６巷３號八樓之１,32.07,都市：其他:第三種住宅區。,,,1120916,土地1建物1車位2,八層,十一層,住宅大樓(11層含以上有電梯),住家用,鋼筋混凝土造,1150513,184.55,3,2,2,有,有,19050000,116817,坡道平面,50.58,3400000,預售屋、或土地及建物分件登記案件；,RPXQMLOJPHLGFIB96DA,80.19,0.0,7.13,有,
北屯區,房地(土地+建物)+車位,臺中市北屯區昌平東八路１３號五樓之５,35.92,都市：其他:第一之一種住宅區,,,1120923,土地1建物1車位1,五層,十四層,住宅大樓(11層含以上有電梯),住家用,鋼筋混凝土造,1150606,158.57,3,2,2,有,有,23500000,163978,坡道平面,27.76,2050000,預售屋、或土地及建物分件登記案件；,RPQSMLOLOHLGFBB48DA,76.36,0.0,10.63,有,
北屯區,房地(土地+建物)+車位,臺中市北屯區昌平東八路１３號十樓之５,35.75,都市：其他:第一之一種住宅區,,,1120903,土地1建物1車位1,十層,十四層,住宅大樓(11層含以上有電梯),住家用,鋼筋混凝土造,1150606,157.93,3,2,2,有,有,24230000,170008,坡道平面,27.76,2100000,預售屋、或土地及建物分件登記案件；,RPVSMLOLOHLGFBB98DA,76.36,0.0,10.19,有,
沙鹿區,房地(土地+建物)+車位,臺中市沙鹿區光明街２２０號十二樓之６,29.7,都市：其他:第四種住宅區,,,1120911,土地1建物1車位1,十二層,十五層,住宅大樓(11層含以上有電梯),住家用,鋼筋混凝土造,1150513,141.61,3,2,2,有,有,10500000,83676,坡道平面,32.26,1350000,預售屋、或土地及建物分件登記案件；,RPXRMLSLNHLGFFB17DA,69.71,0.0,3.57,有,
北屯區,房地(土地+建物)+車位,臺中市北屯區昌平東八路１５號十四樓之１,40.62,都市：其他:第一之一種住宅區,,,1120909,土地1建物1車位2,十四層,十四層,住宅大樓(11層含以上有電梯),住家用,鋼筋混凝土造,1150606,203.37,3,2,2,有,有,30360000,176260,坡道平面,55.52,4300000,預售屋、或土地及建物分件登記案件；,RPUUMLOLOHLGFBB09DA,86.64,0.0,11.66,有,
西屯區,房地(土地+建物)+車位,臺中市西屯區惠中三街５８號十一樓之５,7.79,都市：其他:第七種新市政中心專用區,,,1120910,土地1建物1車位1,十一層,二十七層,住宅大樓(11層含以上有電梯),住家用,鋼骨鋼筋混凝土造、鋼筋混凝土造,1150622,118.11,2,2,2,有,有,20430000,208584,坡道平面,31.67,2400000,預售屋、或土地及建物分件登記案件；,RPVQMLMKQHLGFCB78DA,52.41,0.0,3.77,有,
西屯區,房地(土地+建物)+車位,臺中市西屯區惠中三街５８號十四樓之６,7.79,都市：其他:第七種新市政中心專用區,,,1120921,土地1建物1車位1,十四層,二十七層,住宅大樓(11層含以上有電梯),住家用,鋼骨鋼筋混凝土造、鋼筋混凝土造,1150622,118.11,2,2,2,有,有,20640000,211013,坡道平面,31.67,2400000,預售屋、或土地及建物分件登記案件；,RPTRMLMKQHLGFCB68DA,52.41,0.0,3.77,有,
西屯區,房地(土地+建物)+車位,臺中市西屯區惠中三街５８號五樓之９,11.37,都市：其他:第七種新市政中心專用區,,,1120906,土地1建物1車位1,五層,二十七層,住宅大樓(11層含以上有電梯),住家用,鋼骨鋼筋混凝土造、鋼筋混凝土造,1150622,157.91,2,2,2,有,有,30180000,218473,坡道平面,31.67,2600000,預售屋、或土地及建物分件登記案件；,RPVSMLMKQHLGFCB98DA,77.49,0.0,4.56,有,
西屯區,房地(土地+建物)+車位,臺中市西屯區惠中三街５６號五樓之１,7.65,都市：其他:第七種新市政中心專用區,,,1120929,土地1建物1車位1,五層,二十七層,住宅大樓(11層含以上有電梯),住家用,鋼骨鋼筋混凝土造、鋼筋混凝土造,1150622,116.52,2,2,2,有,有,19900000,207400,坡道平面,31.67,2300000,預售屋、或土地及建物分件登記案件；,RPXTMLMKQHLGFCB66DA,51.38,0.0,3.77,有,
西屯區,房地(土地+建物)+車位,臺中市西屯區惠中三街５６號二十五樓之２,7.06,都市：其他:第七種新市政中心專用區,,,1120910,土地1建物1車位1,二十五層,二十七層,住宅大樓(11層含以上有電梯),住家用,鋼骨鋼筋混凝土造、鋼筋混凝土造,1150622,109.79,2,2,2,有,有,20850000,232335,坡道平面,31.67,2700000,預售屋、或土地及建物分件登記案件；,RPSVMLMKQHLGFCB98DA,46.2,0.0,4.57,有,
西屯區,房地(土地+建物)+車位,臺中市西屯區惠中三街５６號五樓之３,7.08,都市：其他:第七種新市政中心專用區,,,1120922,土地1建物1車位1,五層,二十七層,住宅大樓(11層含以上有電梯),住家用,鋼骨鋼筋混凝土造、鋼筋混凝土造,1150622,109.98,2,2,2,有,有,19460000,219129,坡道平面,31.67,2300000,預售屋、或土地及建物分件登記案件；,RPTVMLMKQHLGFCB09DA,46.32,0.0,4.57,有,
西屯區,房地(土地+建物)+車位,臺中市西屯區惠中三街５６號十四樓之３,7.06,都市：其他:第七種新市政中心專用區,,,1120920,土地1建物1車位1,十四層,二十七層,住宅大樓(11層含以上有電梯),住家用,鋼骨鋼筋混凝土造、鋼筋混凝土造,1150622,109.79,2,2,2,有,有,19940000,224526,坡道平面,31.67,2400000,預售屋、或土地及建物分件登記案件；,RPXVMLMKQHLGFCB86DA,46.2,0.0,4.57,有,
西屯區,房地(土地+建物)+車位,臺中市西屯區惠中三街５６號二十樓之３,7.06,都市：其他:第七種新市政中心專用區,,,1120909,土地1建物1車位1,二十層,二十七層,住宅大樓(11層含以上有電梯),住家用,鋼骨鋼筋混凝土造、鋼筋混凝土造,1150622,109.79,2,2,2,有,有,20320000,228111,坡道平面,31.67,2500000,預售屋、或土地及建物分件登記案件；,RPOWMLMKQHLGFCB68DA,46.2,0.0,4.57,有,
西屯區,房地(土地+建物)+車位,臺中市西屯區惠中三街５６號二十七樓之５,7.79,都市：其他:第七種新市政中心專用區,,,1120916,土地1建物1車位1,二十七層,二十七層,住宅大樓(11層含以上有電梯),住家用,鋼骨鋼筋混凝土造、鋼筋混凝土造,1150622,118.11,2,2,2,有,有,21580000,218417,坡道平面,31.67,2700000,預售屋、或土地及建物分件登記案件；,RPVWMLMKQHLGFCB76DA,52.41,0.0,3.77,有,
西屯區,房地(土地+建物)+車位,臺中市西屯區惠中三街５６號十三樓之８,7.06,都市：其他:第七種新市政中心專用區,,,1120917,土地1建物1車位1,十三層,二十七層,住宅大樓(11層含以上有電梯),住家用,鋼骨鋼筋混凝土造、鋼筋混凝土造,1150622,109.79,2,2,2,有,有,19820000,222990,坡道平面,31.67,2400000,預售屋、或土地及建物分件登記案件；,RPQONLMKQHLGFCB18DA,46.2,0.0,4.57,有,
西屯區,房地(土地+建物)+車位,臺中市西屯區惠中三街５６號十四樓之８,7.06,都市：其他:第七種新市政中心專用區,,,1120918,土地1建物1車位1,十四層,二十七層,住宅大樓(11層含以上有電梯),住家用,鋼骨鋼筋混凝土造、鋼筋混凝土造,1150622,109.79,2,2,2,有,有,19870000,223630,坡道平面,31.67,2400000,預售屋、或土地及建物分件登記案件；,RPRONLMKQHLGFCB28DA,46.2,0.0,4.57,有,
西屯區,房地(土地+建物)+車位,臺中市西屯區惠中三街５６號十八樓之８,7.06,都市：其他:第七種新市政中心專用區,,,1120911,土地1建物1車位1,十八層,二十七層,住宅大樓(11層含以上有電梯),住家用,鋼骨鋼筋混凝土造、鋼筋混凝土造,1150622,109.79,2,2,2,有,有,20160000,226062,坡道平面,31.67,2500000,預售屋、或土地及建物分件登記案件；,RPTONLMKQHLGFCB48DA,46.2,0.0,4.57,有,
西屯區,房地(土地+建物)+車位,臺中市西屯區惠中三街５６號八樓之９,7.65,都市：其他:第七種新市政中心專用區,,,1120909,土地1建物1車位1,八層,二十七層,住宅大樓(11層含以上有電梯),住家用,鋼骨鋼筋混凝土造、鋼筋混凝土造,1150622,116.52,2,2,2,有,有,20030000,208932,坡道平面,31.67,2300000,預售屋、或土地及建物分件登記案件；,RPPPNLMKQHLGFCB18DA,51.38,0.0,3.77,有,
西屯區,房地(土地+建物)+車位,臺中市西屯區惠中三街５６號二十樓之９,7.7,都市：其他:第七種新市政中心專用區,,,1120906,土地1建物1車位1,二十層,二十七層,住宅大樓(11層含以上有電梯),住家用,鋼骨鋼筋混凝土造、鋼筋混凝土造,1150622,117.16,2,2,2,有,有,20970000,216049,坡道平面,31.67,2500000,預售屋、或土地及建物分件登記案件；,RPVPNLMKQHLGFCB78DA,51.78,0.0,3.77,有,
南屯區,房地(土地+建物)+車位,臺中市南屯區忠勇路１２９之１號五樓之５,16.55,都市：其他:第三種住宅區。,,,1120930,土地1建物1車位1,五層,二十一層,住宅大樓(11層含以上有電梯),住家用,鋼筋混凝土造,1150710,153.79000000000002,3,2,2,有,有,20220000,149042,坡道平面,29.53,1700000,預售屋、或土地及建物分件登記案件；,RPONNLQLQHLGFCB38DA,75.48,0.0,7.33,有,
南屯區,房地(土地+建物)+車位,臺中市南屯區忠勇路１２９之１３號八樓之２,18.85,都市：其他:第三種住宅區。,,,1120923,土地1建物1車位2,八層,二十一層,住宅大樓(11層含以上有電梯),住家用,鋼筋混凝土造,1150710,201.26,3,2,2,有,有,25530000,152813,坡道平面,59.06,3800000,預售屋、或土地及建物分件登記案件；,RPTOOLQLQHLGFCB09DA,84.38,0.0,10.14,有,
南屯區,房地(土地+建物)+車位,臺中市南屯區忠勇路１２９之１３號八樓之３,16.98,都市：其他:第三種住宅區。,,,1120922,土地1建物1車位1,八層,二十一層,住宅大樓(11層含以上有電梯),住家用,鋼筋混凝土造,1150710,157.86,3,2,2,有,有,21500000,154290,坡道平面,29.53,1700000,預售屋、或土地及建物分件登記案件；,RPUOOLQLQHLGFCB56DA,78.73,0.0,6.59,有,
南屯區,房地(土地+建物)+車位,臺中市南屯區忠勇路１２９之５號七樓之５,17.09,都市：其他:第三種住宅區。,,,1120930,土地1建物1車位2,七層,二十一層,住宅大樓(11層含以上有電梯),住家用,鋼筋混凝土造,1150710,187.51,3,2,2,有,有,22840000,151343,坡道平面,59.06,3400000,預售屋、或土地及建物分件登記案件；,RPQPOLQLQHLGFCB88DA,75.19,0.0,10.25,有,
南屯區,房地(土地+建物)+車位,臺中市南屯區忠勇路１２９之１３號六樓之１,18.85,都市：其他:第三種住宅區。,,,1120921,土地1建物1車位2,六層,二十一層,住宅大樓(11層含以上有電梯),住家用,鋼筋混凝土造,1150710,201.26,3,2,2,有,有,25100000,152602,坡道平面,59.06,3400000,預售屋、或土地及建物分件登記案件；,RPVPOLQLQHLGFCB76DA,84.38,0.0,10.14,有,
南屯區,房地(土地+建物)+車位,臺中市南屯區忠勇路１２９之１號九樓之３,16.88,都市：其他:第三種住宅區。,,,1120929,土地1建物1車位1,九層,二十一層,住宅大樓(11層含以上有電梯),住家用,鋼筋混凝土造,1150710,156.76999999999998,3,2,2,有,有,22080000,158598,坡道平面,29.53,1900000,預售屋、或土地及建物分件登記案件；,RPUQOLQLQHLGFCB76DA,73.73,0.0,11.02,有,
南屯區,房地(土地+建物)+車位,臺中市南屯區忠勇路１２９之８號九樓之５,16.44,都市：其他:第三種住宅區。,,,1120928,土地1建物1車位1,九層,二十一層,住宅大樓(11層含以上有電梯),住家用,鋼筋混凝土造,1150710,153.5,3,2,2,有,有,20440000,149552,坡道平面,29.53,1900000,預售屋、或土地及建物分件登記案件；,RPWQOLQLQHLGFCB96DA,75.19,0.0,7.33,有,
南屯區,房地(土地+建物)+車位,臺中市南屯區忠勇路１２９之１號九樓之７,16.44,都市：其他:第三種住宅區。,,,1120926,土地1建物1車位1,九層,二十一層,住宅大樓(11層含以上有電梯),住家用,鋼筋混凝土造,1150710,153.27,3,2,2,有,有,20580000,150962,坡道平面,29.53,1900000,預售屋、或土地及建物分件登記案件；,RPSNMLRLQHLGFCB78DA,74.96,0.0,7.33,有,
南屯區,房地(土地+建物)+車位,臺中市南屯區忠勇路１２９之１６號十樓之５,16.44,都市：其他:第三種住宅區。,,,1120925,土地1建物1車位1,十層,二十一層,住宅大樓(11層含以上有電梯),住家用,鋼筋混凝土造,1150710,153.32,3,2,2,有,有,21500000,158333,坡道平面,29.53,1900000,預售屋、或土地及建物分件登記案件；,RPVQMLRLQHLGFCB76DA,74.96,0.0,7.38,有,
南屯區,房地(土地+建物)+車位,臺中市南屯區忠勇路１２９之１號十樓之６,16.44,都市：其他:第三種住宅區。,,,1120925,土地1建物1車位1,十層,二十一層,住宅大樓(11層含以上有電梯),住家用,鋼筋混凝土造,1150710,153.27,3,2,2,有,有,20250000,148295,坡道平面,29.53,1900000,預售屋、或土地及建物分件登記案件；,RPXSMLLMQHLGFCB66DA,74.96,0.0,7.33,有,
梧棲區,房地(土地+建物)+車位,臺中市梧棲區民和東街９１號二樓之１,30.74,都市：其他:第四種住宅區,,,1120925,土地1建物1車位1,二層,七層,華廈(10層含以下有電梯),住家用,鋼筋混凝土造,1150505,123.85000000000001,2,2,1,有,有,8370000,80013,坡道平面,32.99,1100000,115.08.03  讓渡,RPSNMLQLQHLGFFB98DA,59.08,0.0,5.85,有,
后里區,房地(土地+建物)+車位,臺中市后里區民生路１２６號,31.92,都市：其他:住宅區,,,1120926,土地1建物1車位1,一層，二層,十三層,住宅大樓(11層含以上有電梯),商業用,鋼筋混凝土造,1150510,161.18,3,2,2,有,有,19100000,128224,坡道平面,25.48,1700000,預售屋、或土地及建物分件登記案件；,RPVOMLSLQHLGFDB76DA,91.43,0.0,6.31,有,
沙鹿區,房地(土地+建物)+車位,臺中市沙鹿區台灣大道七段５１２巷１８２號九樓之２,23.4,都市：其他:第三種住宅區。,,,1120830,土地2建物1車位1,九層,十二層,住宅大樓(11層含以上有電梯),住家用,鋼筋混凝土造,1150603,151.06,3,2,2,有,有,11880000,82863,坡道平面,27.0,1600000,預售屋、或土地及建物分件登記案件；,RPRPMLLLPHLGFFB48DA,75.26,0.0,6.38,有,
沙鹿區,房地(土地+建物)+車位,臺中市沙鹿區台灣大道七段５１２巷１８２號十樓之３,16.62,都市：其他:第三種住宅區。,,,1120820,土地2建物1車位1,十層,十二層,住宅大樓(11層含以上有電梯),住家用,鋼筋混凝土造,1150603,113.02000000000001,2,2,1,有,有,9470000,91490,坡道平面,27.0,1600000,預售屋、或土地及建物分件登記案件；,RPPQMLLLPHLGFFB38DA,51.87,0.0,4.72,有,
梧棲區,房地(土地+建物)+車位,臺中市梧棲區民和東街９１號二樓之２,30.68,都市：其他:第四種住宅區,,,1120819,土地1建物1車位1,二層,七層,華廈(10層含以下有電梯),住家用,鋼筋混凝土造,1150505,125.61,2,2,1,有,有,8550000,80876,坡道平面,34.73,1200000,,RPTNMLMLQHLGFFB68DA,59.19,0.0,5.81,有,
烏日區,房地(土地+建物)+車位,臺中市烏日區日新街５６巷１號八樓之２,32.86,都市：其他:第三種住宅區。,,,1120815,土地1建物1車位1,八層,十一層,住宅大樓(11層含以上有電梯),住家用,鋼筋混凝土造,1150513,162.53,3,2,2,有,有,17350000,114034,坡道平面,25.29,1700000,預售屋、或土地及建物分件登記案件；,RPUOMLOJPHLGFIB09DA,81.91,0.0,7.52,有,
烏日區,房地(土地+建物)+車位,臺中市烏日區日新街５６巷１號四樓之５,29.99,都市：其他:第三種住宅區。,,,1120825,土地1建物1車位1,四層,十一層,住宅大樓(11層含以上有電梯),住家用,鋼筋混凝土造,1150513,151.3,3,2,2,有,有,15030000,105785,坡道平面,25.29,1700000,預售屋、或土地及建物分件登記案件；,RPSPMLOLPHLGFIB56DA,74.98,0.0,7.13,有,
北屯區,房地(土地+建物)+車位,臺中市北屯區昌平東八路１３號十樓之３,35.75,都市：其他:第一之一種住宅區,,,1120813,土地1建物1車位1,十層,十四層,住宅大樓(11層含以上有電梯),住家用,鋼筋混凝土造,1150606,157.93,3,2,2,有,有,24280000,170008,坡道平面,27.76,2150000,預售屋、或土地及建物分件登記案件；,RPPRMLOLOHLGFBB28DA,76.36,0.0,10.19,有,
北屯區,房地(土地+建物)+車位,臺中市北屯區昌平東八路１３號九樓之５,35.92,都市：其他:第一之一種住宅區,,,1120818,土地1建物1車位2,九層,十四層,住宅大樓(11層含以上有電梯),住家用,鋼筋混凝土造,1150606,186.32999999999998,3,2,2,有,有,26130000,166119,坡道平面,55.52,4400000,預售屋、或土地及建物分件登記案件；,RPUSMLOLOHLGFBB88DA,76.36,0.0,10.63,有,
北屯區,房地(土地+建物)+車位,臺中市北屯區昌平東八路１５號六樓之１,40.62,都市：其他:第一之一種住宅區,,,1120805,土地1建物1車位1,六層,十四層,住宅大樓(11層含以上有電梯),住家用,鋼筋混凝土造,1150606,175.69,3,2,2,有,有,27300000,168999,坡道平面,27.76,2300000,預售屋、或土地及建物分件登記案件；,RPTTMLOLOHLGFBB88DA,86.64,0.0,11.71,有,
北屯區,房地(土地+建物)+車位,臺中市北屯區昌平東八路１５號八樓之２,40.62,都市：其他:第一之一種住宅區,,,1120820,土地1建物1車位1,八層,十四層,住宅大樓(11層含以上有電梯),住家用,鋼筋混凝土造,1150606,175.69,3,2,2,有,有,27420000,170148,坡道平面,27.76,2250000,預售屋、或土地及建物分件登記案件；,RPRVMLOLOHLGFBB88DA,86.64,0.0,11.71,有,
北屯區,房地(土地+建物)+車位,臺中市北屯區昌平東八路１３號十一樓之２,46.64,都市：其他:第一之一種住宅區,,,1120826,土地1建物1車位2,十一層,十四層,住宅大樓(11層含以上有電梯),住家用,鋼筋混凝土造,1150606,225.44,4,2,2,有,有,33190000,170021,坡道平面,55.52,4300000,預售屋、或土地及建物分件登記案件；,RPRPMLOLOHLGFBB28DA,100.87,0.0,12.09,有,
北屯區,房地(土地+建物)+車位,臺中市北屯區昌平東八路１５號十二樓之１,40.54,都市：其他:第一之一種住宅區,,,1120819,土地1建物1車位2,十二層,十四層,住宅大樓(11層含以上有電梯),住家用,鋼筋混凝土造,1150606,203.01,3,2,2,有,有,30300000,174927,坡道平面,55.52,4500000,預售屋、或土地及建物分件登記案件；,RPQUMLOLOHLGFBB68DA,86.64,0.0,11.43,有,
東勢區,房地(土地+建物),臺中市東勢區東關路六段２６２巷３５號,100.25,都市：其他:住宅區,,,1120826,土地5建物1車位0,全,四層,透天厝,住家用,鋼筋混凝土造,1141023,174.72,3,2,3,有,有,13500000,77266,,0.0,0,陽台外推；預售屋、或土地及建物分件登記案件；,RPSNMLNJRHLGFGB68DA,157.05,0.0,17.67,無,
北屯區,房地(土地+建物)+車位,臺中市北屯區榮德一路３５９號四樓之３,27.36,都市：其他:第一之一種住宅區,,,1120818,土地2建物1車位1,四層,七層,華廈(10層含以下有電梯),住家用,鋼筋混凝土造,1150428,103.00999999999999,2,2,2,有,無,14500000,161729,一樓平面,25.72,2000000,於民國114年10月02日兄弟讓渡，買賣總價不變。預售屋、或土地及建物分件登記案件；,RPQTNLOKQHLGFBB78DA,46.09,0.0,5.3,有,
南區,房地(土地+建物)+車位,臺中市南區復興路三段１６５號十二樓之２,20.4,都市：其他:第二種住宅區,,,1120804,土地2建物1車位1,十二層,十二層,住宅大樓(11層含以上有電梯),住家用,鋼筋混凝土造,1150606,152.47,3,2,2,有,有,18910000,142810,坡道平面,30.91,1550000,預售屋、或土地及建物分件登記案件；,RPUOMLRLQHLGFAB88DA,72.45,0.0,7.95,有,
南區,房地(土地+建物)+車位,臺中市南區復興路三段１６５號二樓之３,15.18,都市：其他:第二種住宅區,,,1120805,土地2建物1車位1,二層,十二層,住宅大樓(11層含以上有電梯),住家用,鋼筋混凝土造,1150606,120.55000000000001,2,2,1,有,有,14250000,142020,坡道平面,30.07,1400000,預售屋、或土地及建物分件登記案件；,RPPPMLRLQHLGFAB48DA,53.35,0.0,6.49,有,
后里區,房地(土地+建物)+車位,臺中市后里區民生路１００號九樓之３,26.62,都市：其他:住宅區,,,1120820,土地1建物1車位1,九層,十三層,住宅大樓(11層含以上有電梯),住家用,鋼筋混凝土造,1150510,149.26,3,2,2,有,有,15300000,111488,坡道平面,25.48,1500000,預售屋、或土地及建物分件登記案件；,RPPPMLSLQHLGFDB88DA,74.05,0.0,7.66,有,
后里區,房地(土地+建物)+車位,臺中市后里區民生路１００號十三樓之１,27.44,都市：其他:住宅區,,,1120826,土地1建物1車位1,十三層,十三層,住宅大樓(11層含以上有電梯),住家用,鋼筋混凝土造,1150510,153.0,3,2,2,有,有,16150000,114884,坡道平面,25.48,1500000,預售屋、或土地及建物分件登記案件；,RPTPMLSLQHLGFDB66DA,75.9,0.0,8.32,有,
北屯區,房地(土地+建物)+車位,臺中市北屯區崇德十六路８號五樓之２,51.11,都市：其他:第一之一種住宅區,,,1120721,土地1建物1車位1,五層,二十三層,住宅大樓(11層含以上有電梯),住家用,鋼筋混凝土造,1150630,222.47,4,2,2,有,有,38490000,188100,坡道平面,32.73,2800000,預售屋、或土地及建物分件登記案件；,RPSRMLNJQHLGFBB48DA,111.16,0.0,11.89,有,
沙鹿區,房地(土地+建物)+車位,臺中市沙鹿區台灣大道七段５１２巷１８２號二樓之８,17.77,都市：其他:第三種住宅區。,,,1120720,土地2建物1車位1,二層,十二層,住宅大樓(11層含以上有電梯),住家用,鋼筋混凝土造,1150603,117.43,2,2,1,有,有,9200000,82631,坡道平面,24.85,1550000,預售屋、或土地及建物分件登記案件；,RPWOMLRKPHLGFFB76DA,54.65,0.0,6.26,有,
沙鹿區,房地(土地+建物)+車位,臺中市沙鹿區台灣大道七段５１２巷１８２號四樓之６,23.37,都市：其他:第三種住宅區。,,,1120715,土地2建物1車位1,四層,十二層,住宅大樓(11層含以上有電梯),住家用,鋼筋混凝土造,1150603,150.94,3,2,2,有,有,11300000,79877,坡道平面,27.0,1400000,預售屋、或土地及建物分件登記案件；,RPXPMLRKPHLGFFB96DA,75.18,0.0,6.38,有,
沙鹿區,房地(土地+建物)+車位,臺中市沙鹿區台灣大道七段５１２巷１８２號九樓之３,16.62,都市：其他:第三種住宅區。,,,1120713,土地2建物1車位1,九層,十二層,住宅大樓(11層含以上有電梯),住家用,鋼筋混凝土造,1150603,110.87,2,2,1,有,有,9090000,89979,坡道平面,24.85,1350000,預售屋、或土地及建物分件登記案件；,RPSPMLLLPHLGFFB58DA,51.87,0.0,4.72,有,
中區,房地(土地+建物)+車位,臺中市中區民權路１８０號十一樓之１,13.92,都市：其他:第二種商業區,,,1120705,土地2建物1車位1,十一層,十二層,住宅大樓(11層含以上有電梯),住家用,鋼筋混凝土造,1150524,134.63,3,2,2,有,有,18840000,154101,坡道平面,26.0,2100000,本案於民國115年4月21日由配偶讓渡預售屋、或土地及建物分件登記案件；,RPXOMLSLQHLGFAB66DA,63.8,0.0,8.37,有,
北屯區,房地(土地+建物)+車位,臺中市北屯區昌平東八路１５號六樓之２,40.62,都市：其他:第一之一種住宅區,,,1120720,土地1建物1車位2,六層,十四層,住宅大樓(11層含以上有電梯),住家用,鋼筋混凝土造,1150606,203.45,3,2,2,有,有,29000000,168323,坡道平面,55.52,4100000,預售屋、或土地及建物分件登記案件；,RPPVMLOLOHLGFBB68DA,86.64,0.0,11.71,有,
北屯區,房地(土地+建物)+車位,臺中市北屯區昌平東八路１３號十一樓之３,35.92,都市：其他:第一之一種住宅區,,,1120724,土地1建物1車位1,十一層,十四層,住宅大樓(11層含以上有電梯),住家用,鋼筋混凝土造,1150606,158.57,3,2,2,有,有,24080000,168412,坡道平面,27.76,2050000,預售屋、或土地及建物分件登記案件；,RPQRMLOLOHLGFBB38DA,76.36,0.0,10.63,有,
北屯區,房地(土地+建物)+車位,臺中市北屯區昌平東八路１３號十二樓之５,35.75,都市：其他:第一之一種住宅區,,,1120720,土地1建物1車位2,十二層,十四層,住宅大樓(11層含以上有電梯),住家用,鋼筋混凝土造,1150606,188.7,3,2,2,有,有,26620000,169534,坡道平面,58.52,4550000,預售屋、或土地及建物分件登記案件；,RPXSMLOLOHLGFBB56DA,76.36,0.0,10.19,有,
神岡區,房地(土地+建物)+車位,臺中市神岡區神林路９０巷１５之５號四樓之６,22.17,,特定農業區,甲種建築用地,1120719,土地1建物1車位1,四層,九層,華廈(10層含以下有電梯),住家用,鋼筋混凝土造,1150515,118.91,2,2,2,有,有,9380000,95738,坡道平面,36.08,1450000,預售屋、或土地及建物分件登記案件；,RPQPMLRKQHLGFDB78DA,52.46,0.0,3.03,有,
南區,房地(土地+建物)+車位,臺中市南區忠孝路７６之３號十三樓之３,19.61,都市：其他:第二種商業區,,,1120720,土地7建物1車位1,十三層,二十四層,住宅大樓(11層含以上有電梯),住家用,鋼筋混凝土造,1150706,172.7,3,2,2,有,有,21460000,136678,坡道平面,29.59,1900000,預售屋、或土地及建物分件登記案件；,RPXNMLNJRHLGFAB58DA,86.54,0.0,8.0,有,
西屯區,房地(土地+建物)+車位,臺中市西屯區臺灣大道三段１１６號十六樓之５,23.13,都市：其他:第五種住宅區,,,1120708,土地2建物1車位1,十六層,十九層,住宅大樓(11層含以上有電梯),住家用,鋼筋混凝土造,1150625,161.92000000000002,3,2,2,有,有,28380000,201197,坡道平面,33.29,2500000,預售屋、或土地及建物分件登記案件；,RPPQMLRLQHLGFCB78DA,76.24,0.0,6.76,有,
北屯區,房地(土地+建物)+車位,臺中市北屯區崇德十六路８號十一樓之２,51.15,都市：其他:第一之一種住宅區,,,1120617,土地1建物1車位2,十一層,二十三層,住宅大樓(11層含以上有電梯),住家用,鋼筋混凝土造,1150630,255.23000000000002,4,2,2,有,有,38460000,179480,坡道平面,65.46,4400000,1.本戶於115年07月28日讓渡，讓渡金額為新臺幣3826萬元整。2.本戶於115年07月28日換購車位。預售屋、或土地及建物分件登記案件；,RPOSMLNJQHLGFBB18DA,111.16,0.0,11.89,有,
北屯區,房地(土地+建物)+車位,臺中市北屯區崇德十六路８號二十三樓之２,51.15,都市：其他:第一之一種住宅區,,,1120625,土地1建物1車位2,二十三層,二十三層,住宅大樓(11層含以上有電梯),住家用,鋼筋混凝土造,1150630,255.23000000000002,4,2,2,有,有,39790000,184908,坡道平面,65.46,4700000,預售屋、或土地及建物分件登記案件；,RPRTMLNJQHLGFBB58DA,111.16,0.0,11.89,有,
后里區,房地(土地+建物)+車位,臺中市后里區甲后路三段１３８號三樓之７,22.21,,鄉村區,乙種建築用地,1120607,土地1建物1車位1,三層,九層,華廈(10層含以下有電梯),住家用,鋼筋混凝土造,1150513,114.21000000000001,2,2,1,有,有,9130000,89323,坡道平面,27.67,1400000,預售屋、或土地及建物分件登記案件；,RPPPMLNKPHLGFDB18DA,52.49,0.0,5.4,有,
沙鹿區,房地(土地+建物)+車位,臺中市沙鹿區平等六街８７號三樓之８,25.22,都市：其他:第二種住宅區,,,1120630,土地1建物1車位1,三層,七層,華廈(10層含以下有電梯),住家用,鋼筋混凝土造,1150423,110.46000000000001,2,1,1,有,無,9970000,106490,坡道平面,33.27,1750000,預售屋、或土地及建物分件登記案件；,RPSOMLTKQHLGFFB66DA,46.79,0.0,3.88,有,
沙鹿區,房地(土地+建物)+車位,臺中市沙鹿區台灣大道七段５１２巷１８２號二樓之５,17.02,都市：其他:第三種住宅區。,,,1120608,土地2建物1車位1,二層,十二層,住宅大樓(11層含以上有電梯),住家用,鋼筋混凝土造,1150603,101.75,2,2,1,有,有,8280000,85326,坡道機械,13.5,750000,預售屋、或土地及建物分件登記案件；,RPTOMLRKPHLGFFB09DA,51.87,0.0,6.22,有,
沙鹿區,房地(土地+建物)+車位,臺中市沙鹿區台灣大道七段５１２巷１８２號六樓之２,23.4,都市：其他:第三種住宅區。,,,1120611,土地2建物1車位1,六層,十二層,住宅大樓(11層含以上有電梯),住家用,鋼筋混凝土造,1150603,137.56,3,2,2,有,有,10950000,80606,坡道機械,13.5,950000,原承買人於115.04.30讓渡，讓渡房地總價為新臺幣1095萬元整。預售屋、或土地及建物分件登記案件；,RPPNMLLLPHLGFFB08DA,75.26,0.0,6.38,有,
沙鹿區,房地(土地+建物)+車位,臺中市沙鹿區台灣大道七段５１２巷１８２號八樓之５,16.62,都市：其他:第三種住宅區。,,,1120611,土地2建物1車位1,八層,十二層,住宅大樓(11層含以上有電梯),住家用,鋼筋混凝土造,1150603,110.87,2,2,1,有,有,9000000,86608,坡道平面,24.85,1550000,原承買人於115.05.12指定配偶登記名義人預售屋、或土地及建物分件登記案件；,RPWOMLLLPHLGFFB88DA,51.87,0.0,4.72,有,
沙鹿區,房地(土地+建物)+車位,臺中市沙鹿區台灣大道七段５１２巷１８２號十二樓之６,23.37,都市：其他:第三種住宅區。,,,1120606,土地2建物1車位1,十二層,十二層,住宅大樓(11層含以上有電梯),住家用,鋼筋混凝土造,1150603,150.94,3,2,2,有,有,11950000,83508,坡道平面,27.0,1600000,預售屋、或土地及建物分件登記案件；,RPXRMLLLPHLGFFB66DA,75.18,0.0,6.38,有,
中區,房地(土地+建物)+車位,臺中市中區民權路１８０號十樓之３,14.55,都市：其他:第二種商業區,,,1120605,土地2建物1車位1,十層,十二層,住宅大樓(11層含以上有電梯),住家用,鋼筋混凝土造,1150524,140.01,3,2,2,有,有,19670000,154109,坡道平面,26.0,2100000,預售屋、或土地及建物分件登記案件；,RPWOMLSLQHLGFAB56DA,68.15,0.0,7.59,有,
北屯區,房地(土地+建物)+車位,臺中市北屯區榮德路３９８號三樓之５,28.6,都市：其他:第一之一種住宅區,,,1120619,土地1建物1車位1,三層,十三層,住宅大樓(11層含以上有電梯),住家用,鋼筋混凝土造,1150621,137.63,2,2,2,有,有,18190000,158600,坡道平面,36.18,2100000,115.01.23讓渡於新所有權人，讓渡金額1819萬元整。預售屋、或土地及建物分件登記案件；,RPSSMLQJPHLGFBB78DA,58.63,0.0,6.64,有,
北屯區,房地(土地+建物)+車位,臺中市北屯區榮德路３９８號四樓之５,28.6,都市：其他:第一之一種住宅區,,,1120618,土地1建物1車位1,四層,十三層,住宅大樓(11層含以上有電梯),住家用,鋼筋混凝土造,1150621,137.63,2,2,2,有,有,17950000,157220,坡道平面,36.18,2000000,預售屋、或土地及建物分件登記案件；,RPXSMLQJPHLGFBB66DA,58.63,0.0,6.64,有,
北屯區,房地(土地+建物)+車位,臺中市北屯區榮德路３９８號九樓之５,28.6,都市：其他:第一之一種住宅區,,,1120621,土地1建物1車位1,九層,十三層,住宅大樓(11層含以上有電梯),住家用,鋼筋混凝土造,1150621,137.63,2,2,2,有,有,18980000,164909,坡道平面,36.18,2250000,預售屋、或土地及建物分件登記案件；,RPRVMLQJPHLGFBB98DA,58.63,0.0,6.64,有,
大雅區,房地(土地+建物)+車位,臺中市大雅區學府路４５２巷１８號六樓之２,26.49,都市：其他:第二種住宅區,,,1120603,土地1建物1車位1,六層,九層,華廈(10層含以下有電梯),住家用,鋼筋混凝土造,1150411,120.83,2,2,2,有,有,13780000,139843,坡道平面,35.52,1850000,預售屋、或土地及建物分件登記案件；,RPSNMLLJRHLGFHB58DA,50.05,0.0,5.42,有,
烏日區,房地(土地+建物)+車位,臺中市烏日區日新街５６巷１號十一樓之１,32.86,都市：其他:第三種住宅區。,,,1120629,土地1建物1車位1,十一層,十一層,住宅大樓(11層含以上有電梯),住家用,鋼筋混凝土造,1150513,162.66,3,2,2,有,有,17470000,113562,坡道平面,25.29,1870000,115.03.27預售屋讓渡，讓渡關係:配偶。預售屋、或土地及建物分件登記案件；,RPXOMLOLPHLGFIB96DA,81.97,0.0,7.52,有,
烏日區,房地(土地+建物)+車位,臺中市烏日區日新街５６巷１號五樓之３,29.99,都市：其他:第三種住宅區。,,,1120629,土地1建物1車位1,五層,十一層,住宅大樓(11層含以上有電梯),住家用,鋼筋混凝土造,1150513,151.3,3,2,2,有,有,15330000,108166,坡道平面,25.29,1700000,預售屋、或土地及建物分件登記案件；,RPPPMLLLQHLGFIB68DA,74.98,0.0,7.13,有,
烏日區,房地(土地+建物)+車位,臺中市烏日區日新街５６巷３號四樓之５,29.73,都市：其他:第三種住宅區。,,,1120628,土地1建物1車位1,四層,十一層,住宅大樓(11層含以上有電梯),住家用,鋼筋混凝土造,1150513,150.18,3,2,2,有,有,14380000,101529,坡道平面,25.29,1700000,預售屋、或土地及建物分件登記案件；,RPQPMLLLQHLGFIB78DA,73.8,0.0,7.58,有,
北屯區,房地(土地+建物)+車位,臺中市北屯區昌平東八路１３號八樓之２,45.61,都市：其他:第一之一種住宅區,,,1120617,土地1建物1車位2,八層,十四層,住宅大樓(11層含以上有電梯),住家用,鋼筋混凝土造,1150606,221.6,4,2,2,有,有,32420000,170520,坡道平面,55.52,4100000,預售屋、或土地及建物分件登記案件；,RPOPMLOLOHLGFBB97DA,100.87,0.0,9.54,有,
北屯區,房地(土地+建物)+車位,臺中市北屯區昌平東八路１３號七樓之３,35.92,都市：其他:第一之一種住宅區,,,1120617,土地1建物1車位1,七層,十四層,住宅大樓(11層含以上有電梯),住家用,鋼筋混凝土造,1150606,158.57,3,2,2,有,有,23740000,164284,坡道平面,27.76,2250000,預售屋、或土地及建物分件登記案件；,RPVQMLOLOHLGFBB78DA,76.36,0.0,10.63,有,
北屯區,房地(土地+建物)+車位,臺中市北屯區昌平東八路１５號九樓之２,40.58,都市：其他:第一之一種住宅區,,,1120623,土地1建物1車位2,九層,十四層,住宅大樓(11層含以上有電梯),住家用,鋼筋混凝土造,1150606,203.2,3,2,2,有,有,29200000,168269,坡道平面,55.52,4350000,預售屋、或土地及建物分件登記案件；,RPSVMLOLOHLGFBB98DA,86.64,0.0,11.56,有,
北屯區,房地(土地+建物)+車位,臺中市北屯區昌平東八路１５號九樓之１,40.58,都市：其他:第一之一種住宅區,,,1120620,土地1建物1車位1,九層,十四層,住宅大樓(11層含以上有電梯),住家用,鋼筋混凝土造,1150606,175.44,3,2,2,有,有,27120000,169082,坡道平面,27.76,2150000,預售屋、或土地及建物分件登記案件；,RPXOMLTJPHLGFBB56DA,86.64,0.0,11.56,有,
西屯區,房地(土地+建物)+車位,臺中市西屯區中清路二段１２５０巷３５號五樓之６,14.86,都市：其他:第二種住宅區,,,1120630,土地4建物1車位1,五層,六層,華廈(10層含以下有電梯),住家用,鋼筋混凝土造,1150512,90.23,2,1,1,有,有,13800000,175604,一樓平面,26.45,2600000,預售屋、或土地及建物分件登記案件；,RPPUMLLMQHLGFCB68DA,30.58,0.0,7.7,有,
西屯區,房地(土地+建物)+車位,臺中市西屯區中清路二段１２５０巷３５號六樓之５,13.67,都市：其他:第二種住宅區,,,1120630,土地4建物1車位1,六層,六層,華廈(10層含以下有電梯),住家用,鋼筋混凝土造,1150512,68.53,1,1,1,有,有,12300000,182979,升降機械,10.6,1700000,預售屋、或土地及建物分件登記案件；,RPQUMLLMQHLGFCB78DA,29.45,0.0,5.32,有,
沙鹿區,房地(土地+建物)+車位,臺中市沙鹿區光明街２２０號六樓之６,29.7,都市：其他:第四種住宅區,,,1120627,土地1建物1車位1,六層,十五層,住宅大樓(11層含以上有電梯),住家用,鋼筋混凝土造,1150513,141.61,3,2,2,有,有,9980000,79835,坡道平面,32.26,1250000,預售屋、或土地及建物分件登記案件；,RPRQMLSLNHLGFFB09DA,69.71,0.0,3.57,有,
沙鹿區,房地(土地+建物)+車位,臺中市沙鹿區光明街２２０號十三樓之３,29.21,都市：其他:第四種住宅區,,,1120629,土地1建物1車位1,十三層,十五層,住宅大樓(11層含以上有電梯),住家用,鋼筋混凝土造,1150513,139.98,3,2,2,有,有,10250000,83550,坡道平面,32.26,1250000,預售屋、或土地及建物分件登記案件；,RPSSMLSLNHLGFFB76DA,68.84,0.0,3.32,有,
沙鹿區,房地(土地+建物)+車位,臺中市沙鹿區光明街２２０號十四樓之２,21.3,都市：其他:第四種住宅區,,,1120607,土地1建物1車位1,十四層,十五層,住宅大樓(11層含以上有電梯),住家用,鋼筋混凝土造,1150513,111.07,2,2,1,有,有,7460000,80066,坡道平面,32.26,1150000,1. 本申報書地政士僅受託買賣案件申請登記，並未代理撰擬不動產買賣契約書，本成交資訊係由買賣雙方提供屬實。2. 本件買賣於民國113年 2月18日讓渡 ，總價為新台幣 746 萬元整。預售屋、或土地及建物分件登記案件；,RPUTMLSLNHLGFFB07DA,49.56,0.0,3.23,有,
沙鹿區,房地(土地+建物)+車位,臺中市沙鹿區光明街２２０號五樓之３,29.24,都市：其他:第四種住宅區,,,1120604,土地1建物1車位1,五層,十五層,住宅大樓(11層含以上有電梯),住家用,鋼筋混凝土造,1150513,139.98,3,2,2,有,有,9620000,78630,坡道平面,32.26,1150000,1. 本申報書地政士僅受託買賣案件申請登記，並未代理撰擬不動產買賣契約書，本成交資訊係由買賣雙方提供屬實。2. 本件買賣於民國113年2月17日讓渡 ，總價為新台幣 1004 萬元整。預售屋、或土地及建物分件登記案件；,RPPNMLNJOHLGFFB97DA,68.84,0.0,3.32,有,
北屯區,房地(土地+建物)+車位,臺中市北屯區昌平東八路１３號十二樓之３,35.75,都市：其他:第一之一種住宅區,,,1120608,土地1建物1車位2,十二層,十四層,住宅大樓(11層含以上有電梯),住家用,鋼筋混凝土造,1150606,185.69,3,2,2,有,有,26500000,169394,坡道平面,55.52,4450000,預售屋、或土地及建物分件登記案件；,RPRRMLOLOHLGFBB48DA,76.36,0.0,10.19,有,
北屯區,房地(土地+建物)+車位,臺中市北屯區昌平東八路１５號十一樓之１,40.58,都市：其他:第一之一種住宅區,,,1120626,土地1建物1車位2,十一層,十四層,住宅大樓(11層含以上有電梯),住家用,鋼筋混凝土造,1150606,203.2,3,2,2,有,有,29430000,171520,坡道平面,55.52,4100000,預售屋、或土地及建物分件登記案件；,RPPUMLOLOHLGFBB58DA,86.64,0.0,11.56,有,
北屯區,房地(土地+建物)+車位,臺中市北屯區昌平東八路１５號五樓之２,40.58,都市：其他:第一之一種住宅區,,,1120616,土地1建物1車位1,五層,十四層,住宅大樓(11層含以上有電梯),住家用,鋼筋混凝土造,1150606,175.44,3,2,2,有,有,26430000,164748,坡道平面,27.76,2100000,預售屋、或土地及建物分件登記案件；,RPOVMLOLOHLGFBB58DA,86.64,0.0,11.56,有,
北屯區,房地(土地+建物)+車位,臺中市北屯區昌平東八路１５號三樓之３,33.48,都市：其他:第一之一種住宅區,,,1120624,土地1建物1車位1,三層,十四層,住宅大樓(11層含以上有電梯),住家用,鋼筋混凝土造,1150606,149.70999999999998,2,2,2,有,有,21790000,161460,坡道平面,27.76,2100000,預售屋、或土地及建物分件登記案件；,RPRWMLOLOHLGFBB98DA,70.68,0.0,10.39,有,
北屯區,房地(土地+建物)+車位,臺中市北屯區昌平東八路１３號十二樓之２,45.61,都市：其他:第一之一種住宅區,,,1120622,土地1建物1車位2,十二層,十四層,住宅大樓(11層含以上有電梯),住家用,鋼筋混凝土造,1150606,221.6,4,2,2,有,有,33420000,174735,坡道平面,55.52,4400000,預售屋、或土地及建物分件登記案件；,RPQSMLPLQHLGFBB78DA,100.87,0.0,9.54,有,
西屯區,房地(土地+建物)+車位,臺中市西屯區惠中三街５８號五樓之２,7.02,都市：其他:第七種新市政中心專用區,,,1120609,土地1建物1車位1,五層,二十七層,住宅大樓(11層含以上有電梯),住家用,鋼骨鋼筋混凝土造、鋼筋混凝土造,1150622,109.36,2,2,2,有,有,19530000,220492,坡道平面,31.67,2400000,預售屋、或土地及建物分件登記案件；,RPPPMLMKQHLGFCB08DA,45.91,0.0,4.57,有,
西屯區,房地(土地+建物)+車位,臺中市西屯區惠中三街５８號十八樓之３,7.06,都市：其他:第七種新市政中心專用區,,,1120610,土地1建物1車位1,十八層,二十七層,住宅大樓(11層含以上有電梯),住家用,鋼骨鋼筋混凝土造、鋼筋混凝土造,1150622,109.79,2,2,2,有,有,20330000,226959,坡道平面,31.67,2600000,預售屋、或土地及建物分件登記案件；,RPQQMLMKQHLGFCB28DA,46.2,0.0,4.57,有,
西屯區,房地(土地+建物)+車位,臺中市西屯區惠中三街５８號六樓之５,7.74,都市：其他:第七種新市政中心專用區,,,1120601,土地1建物1車位1,六層,二十七層,住宅大樓(11層含以上有電梯),住家用,鋼骨鋼筋混凝土造、鋼筋混凝土造,1150622,117.56,2,2,2,有,有,19960000,205612,坡道平面,31.67,2300000,預售屋、或土地及建物分件登記案件；,RPSQMLMKQHLGFCB48DA,52.04,0.0,3.77,有,
西屯區,房地(土地+建物)+車位,臺中市西屯區惠中三街５８號七樓之５,7.74,都市：其他:第七種新市政中心專用區,,,1120601,土地1建物1車位1,七層,二十七層,住宅大樓(11層含以上有電梯),住家用,鋼骨鋼筋混凝土造、鋼筋混凝土造,1150622,117.56,2,2,2,有,有,20010000,206194,坡道平面,31.67,2300000,預售屋、或土地及建物分件登記案件；,RPTQMLMKQHLGFCB58DA,52.04,0.0,3.77,有,
西屯區,房地(土地+建物)+車位,臺中市西屯區惠中三街５８號九樓之５,7.79,都市：其他:第七種新市政中心專用區,,,1120601,土地1建物1車位1,九層,二十七層,住宅大樓(11層含以上有電梯),住家用,鋼骨鋼筋混凝土造、鋼筋混凝土造,1150622,118.11,2,2,2,有,有,20330000,207427,坡道平面,31.67,2400000,預售屋、或土地及建物分件登記案件；,RPUQMLMKQHLGFCB68DA,52.41,0.0,3.77,有,
西屯區,房地(土地+建物)+車位,臺中市西屯區惠中三街５８號十二樓之５,7.79,都市：其他:第七種新市政中心專用區,,,1120603,土地1建物1車位1,十二層,二十七層,住宅大樓(11層含以上有電梯),住家用,鋼骨鋼筋混凝土造、鋼筋混凝土造,1150622,115.57,2,2,2,有,有,20480000,209138,坡道平面,29.13,2400000,預售屋、或土地及建物分件登記案件；,RPWQMLMKQHLGFCB88DA,52.41,0.0,3.77,有,
西屯區,房地(土地+建物)+車位,臺中市西屯區惠中三街５８號十七樓之５,7.79,都市：其他:第七種新市政中心專用區,,,1120603,土地1建物1車位1,十七層,二十七層,住宅大樓(11層含以上有電梯),住家用,鋼骨鋼筋混凝土造、鋼筋混凝土造,1150622,118.11,2,2,2,有,有,20940000,212170,坡道平面,31.67,2600000,預售屋、或土地及建物分件登記案件；,RPORMLMKQHLGFCB18DA,52.41,0.0,3.77,有,
西屯區,房地(土地+建物)+車位,臺中市西屯區惠中三街５８號十九樓之５,7.79,都市：其他:第七種新市政中心專用區,,,1120607,土地1建物1車位1,十九層,二十七層,住宅大樓(11層含以上有電梯),住家用,鋼骨鋼筋混凝土造、鋼筋混凝土造,1150622,118.11,2,2,2,有,有,21050000,213443,坡道平面,31.67,2600000,預售屋、或土地及建物分件登記案件；,RPPRMLMKQHLGFCB28DA,52.41,0.0,3.77,有,
西屯區,房地(土地+建物)+車位,臺中市西屯區惠中三街５８號八樓之７,7.08,都市：其他:第七種新市政中心專用區,,,1120609,土地1建物1車位1,八層,二十七層,住宅大樓(11層含以上有電梯),住家用,鋼骨鋼筋混凝土造、鋼筋混凝土造,1150622,109.98,2,2,2,有,有,19580000,219384,坡道平面,31.67,2400000,預售屋、或土地及建物分件登記案件；,RPURMLMKQHLGFCB78DA,46.32,0.0,4.57,有,
西屯區,房地(土地+建物)+車位,臺中市西屯區惠中三街５８號十一樓之７,7.06,都市：其他:第七種新市政中心專用區,,,1120607,土地1建物1車位1,十一層,二十七層,住宅大樓(11層含以上有電梯),住家用,鋼骨鋼筋混凝土造、鋼筋混凝土造,1150622,109.79,2,2,2,有,有,19680000,221198,坡道平面,31.67,2400000,預售屋、或土地及建物分件登記案件；,RPVRMLMKQHLGFCB88DA,46.2,0.0,4.57,有,
西屯區,房地(土地+建物)+車位,臺中市西屯區惠中三街５６號十樓之１,7.7,都市：其他:第七種新市政中心專用區,,,1120609,土地1建物1車位1,十層,二十七層,住宅大樓(11層含以上有電梯),住家用,鋼骨鋼筋混凝土造、鋼筋混凝土造,1150622,117.16,2,2,2,有,有,20430000,210902,坡道平面,31.67,2400000,預售屋、或土地及建物分件登記案件；,RPQUMLMKQHLGFCB68DA,51.78,0.0,3.77,有,
西屯區,房地(土地+建物)+車位,臺中市西屯區惠中三街５６號二十六樓之１,7.7,都市：其他:第七種新市政中心專用區,,,1120608,土地1建物1車位1,二十六層,二十七層,住宅大樓(11層含以上有電梯),住家用,鋼骨鋼筋混凝土造、鋼筋混凝土造,1150622,117.16,2,2,2,有,有,21570000,220728,坡道平面,31.67,2700000,預售屋、或土地及建物分件登記案件；,RPTUMLMKQHLGFCB98DA,51.78,0.0,3.77,有,
西屯區,房地(土地+建物)+車位,臺中市西屯區惠中三街５６號十四樓之２,7.06,都市：其他:第七種新市政中心專用區,,,1120620,土地1建物1車位1,十四層,二十七層,住宅大樓(11層含以上有電梯),住家用,鋼骨鋼筋混凝土造、鋼筋混凝土造,1150622,109.79,2,2,2,有,有,20010000,225422,坡道平面,31.67,2400000,預售屋、或土地及建物分件登記案件；,RPWUMLMKQHLGFCB66DA,46.2,0.0,4.57,有,
西屯區,房地(土地+建物)+車位,臺中市西屯區惠中三街５６號十七樓之２,7.06,都市：其他:第七種新市政中心專用區,,,1120605,土地1建物1車位1,十七層,二十七層,住宅大樓(11層含以上有電梯),住家用,鋼骨鋼筋混凝土造、鋼筋混凝土造,1150622,109.79,2,2,2,有,有,20250000,227215,坡道平面,31.67,2500000,預售屋、或土地及建物分件登記案件；,RPPVMLMKQHLGFCB68DA,46.2,0.0,4.57,有,
西屯區,房地(土地+建物)+車位,臺中市西屯區惠中三街５６號八樓之３,7.08,都市：其他:第七種新市政中心專用區,,,1120601,土地1建物1車位1,八層,二十七層,住宅大樓(11層含以上有電梯),住家用,鋼骨鋼筋混凝土造、鋼筋混凝土造,1150622,109.98,2,2,2,有,有,19600000,220917,坡道平面,31.67,2300000,預售屋、或土地及建物分件登記案件；,RPVVMLMKQHLGFCB66DA,46.32,0.0,4.57,有,
西屯區,房地(土地+建物)+車位,臺中市西屯區惠中三街５６號十八樓之５,7.79,都市：其他:第七種新市政中心專用區,,,1120603,土地1建物1車位1,十八層,二十七層,住宅大樓(11層含以上有電梯),住家用,鋼骨鋼筋混凝土造、鋼筋混凝土造,1150622,118.11,2,2,2,有,有,20790000,212749,坡道平面,31.67,2400000,預售屋、或土地及建物分件登記案件；,RPRWMLMKQHLGFCB98DA,52.41,0.0,3.77,有,
西屯區,房地(土地+建物)+車位,臺中市西屯區惠中三街５６號二十三樓之５,7.79,都市：其他:第七種新市政中心專用區,,,1120628,土地1建物1車位1,二十三層,二十七層,住宅大樓(11層含以上有電梯),住家用,鋼骨鋼筋混凝土造、鋼筋混凝土造,1150622,118.11,2,2,2,有,有,21250000,215757,坡道平面,31.67,2600000,預售屋、或土地及建物分件登記案件；,RPTWMLMKQHLGFCB56DA,52.41,0.0,3.77,有,
西屯區,房地(土地+建物)+車位,臺中市西屯區惠中三街５６號二十一樓之６,7.79,都市：其他:第七種新市政中心專用區,,,1120603,土地1建物1車位1,二十一層,二十七層,住宅大樓(11層含以上有電梯),住家用,鋼骨鋼筋混凝土造、鋼筋混凝土造,1150622,118.11,2,2,2,有,有,21200000,215178,坡道平面,31.67,2600000,預售屋、或土地及建物分件登記案件；,RPQNNLMKQHLGFCB08DA,52.41,0.0,3.77,有,
西屯區,房地(土地+建物)+車位,臺中市西屯區惠中三街５６號十七樓之７,7.06,都市：其他:第七種新市政中心專用區,,,1120604,土地1建物1車位1,十七層,二十七層,住宅大樓(11層含以上有電梯),住家用,鋼骨鋼筋混凝土造、鋼筋混凝土造,1150622,109.79,2,2,2,有,有,20060000,224782,坡道平面,31.67,2500000,預售屋、或土地及建物分件登記案件；,RPTNNLMKQHLGFCB38DA,46.2,0.0,4.57,有,
西屯區,房地(土地+建物)+車位,臺中市西屯區惠中三街５６號二十六樓之８,7.06,都市：其他:第七種新市政中心專用區,,,1120618,土地1建物1車位1,二十六層,二十七層,住宅大樓(11層含以上有電梯),住家用,鋼骨鋼筋混凝土造、鋼筋混凝土造,1150622,109.79,2,2,2,有,有,20650000,231055,坡道平面,31.67,2600000,轉售價格新台幣2155萬元整含車位，轉售日期民國114年06月05日。預售屋、或土地及建物分件登記案件；,RPOPNLMKQHLGFCB08DA,46.2,0.0,4.57,有,
西屯區,房地(土地+建物)+車位,臺中市西屯區惠中三街５６號九樓之９,7.7,都市：其他:第七種新市政中心專用區,,,1120601,土地1建物1車位1,九層,二十七層,住宅大樓(11層含以上有電梯),住家用,鋼骨鋼筋混凝土造、鋼筋混凝土造,1150622,117.16,2,2,2,有,有,20300000,209381,坡道平面,31.67,2400000,預售屋、或土地及建物分件登記案件；,RPQPNLMKQHLGFCB28DA,51.78,0.0,3.77,有,
西屯區,房地(土地+建物)+車位,臺中市西屯區惠中三街５６號十五樓之９,7.7,都市：其他:第七種新市政中心專用區,,,1120605,土地1建物1車位1,十五層,二十七層,住宅大樓(11層含以上有電梯),住家用,鋼骨鋼筋混凝土造、鋼筋混凝土造,1150622,117.16,2,2,2,有,有,20710000,213007,坡道平面,31.67,2500000,預售屋、或土地及建物分件登記案件；,RPTPNLMKQHLGFCB58DA,51.78,0.0,3.77,有,
西屯區,房地(土地+建物)+車位,臺中市西屯區惠中三街５６號九樓之７,7.06,都市：其他:第七種新市政中心專用區,,,1120616,土地1建物1車位1,九層,二十七層,住宅大樓(11層含以上有電梯),住家用,鋼骨鋼筋混凝土造、鋼筋混凝土造,1150622,109.79,2,2,2,有,有,19440000,218126,坡道平面,31.67,2400000,預售屋、或土地及建物分件登記案件；,RPWPMLOKQHLGFCB98DA,46.2,0.0,4.57,有,
西屯區,房地(土地+建物)+車位,臺中市西屯區惠中三街５６號十六樓之２,7.06,都市：其他:第七種新市政中心專用區,,,1120617,土地1建物1車位1,十六層,二十七層,住宅大樓(11層含以上有電梯),住家用,鋼骨鋼筋混凝土造、鋼筋混凝土造,1150622,109.79,2,2,2,有,有,20050000,224654,坡道平面,31.67,2500000,預售屋、或土地及建物分件登記案件；,RPVPMLSKQHLGFCB66DA,46.2,0.0,4.57,有,
西屯區,房地(土地+建物)+車位,臺中市西屯區惠中三街５６號十九樓之８,7.06,都市：其他:第七種新市政中心專用區,,,1120604,土地1建物1車位1,十九層,二十七層,住宅大樓(11層含以上有電梯),住家用,鋼骨鋼筋混凝土造、鋼筋混凝土造,1150622,109.79,2,2,2,有,有,20300000,226575,坡道平面,31.67,2600000,預售屋、或土地及建物分件登記案件；,RPTOMLKLQHLGFCB28DA,46.2,0.0,4.57,有,
南區,房地(土地+建物)+車位,臺中市南區忠孝路７６之３號十一樓之２,19.74,都市：其他:第二種商業區,,,1120618,土地7建物1車位1,十一層,二十四層,住宅大樓(11層含以上有電梯),住家用,鋼筋混凝土造,1150706,173.66000000000003,3,2,2,有,有,21250000,135004,坡道平面,29.59,1800000,1.114年9月11日換約，換約金額2125萬元整2.115年6月22日配偶轉讓，換約金額不變預售屋、或土地及建物分件登記案件；,RPUNMLMJRHLGFAB18DA,86.41,0.0,8.74,有,
南區,房地(土地+建物)+車位,臺中市南區忠孝路７６之３號十二樓之１,26.06,都市：其他:第二種商業區,,,1120617,土地7建物1車位2,十二層,二十四層,住宅大樓(11層含以上有電梯),住家用,鋼筋混凝土造,1150706,247.14,4,2,2,有,有,28800000,133253,坡道平面,56.9,3450000,預售屋、或土地及建物分件登記案件；,RPQOMLNJRHLGFAB97DA,116.08,0.0,9.57,有,
北屯區,房地(土地+建物)+車位,臺中市北屯區榮德一路３５９號五樓之２,27.36,都市：其他:第一之一種住宅區,,,1120630,土地2建物1車位1,五層,七層,華廈(10層含以下有電梯),住家用,鋼筋混凝土造,1150428,103.00999999999999,2,2,2,有,無,14800000,166904,一樓平面,25.72,1900000,預售屋、或土地及建物分件登記案件；,RPOUNLOKQHLGFBB68DA,46.09,0.0,5.3,有,
北屯區,房地(土地+建物)+車位,臺中市北屯區榮德一路３５９號三樓之３,27.36,都市：其他:第一之一種住宅區,,,1120630,土地2建物1車位1,三層,七層,華廈(10層含以下有電梯),住家用,鋼筋混凝土造,1150428,103.00999999999999,2,2,2,有,無,14400000,164316,坡道平面,25.72,1700000,預售屋、或土地及建物分件登記案件；,RPQVNLOKQHLGFBB98DA,46.09,0.0,5.3,有,
南區,房地(土地+建物)+車位,臺中市南區復興路三段１６５號四樓之５,15.04,都市：其他:第二種住宅區,,,1120619,土地2建物1車位1,四層,十二層,住宅大樓(11層含以上有電梯),住家用,鋼筋混凝土造,1150606,119.7,2,2,1,有,有,13760000,137900,坡道平面,30.07,1400000,預售屋、或土地及建物分件登記案件；,RPXOMLRLQHLGFAB56DA,53.52,0.0,5.76,有,
北屯區,房地(土地+建物)+車位,臺中市北屯區崇德十六路８號十八樓之５,40.9,都市：其他:第一之一種住宅區,,,1120519,土地1建物1車位2,十八層,二十三層,住宅大樓(11層含以上有電梯),住家用,鋼筋混凝土造,1150630,217.2,3,2,2,有,有,32600000,185844,坡道平面,65.46,4400000,預售屋、或土地及建物分件登記案件；,RPXWMLNJQHLGFBB86DA,91.55,0.0,6.89,有,
北屯區,房地(土地+建物)+車位,臺中市北屯區崇德十六路８號七樓之３,40.9,都市：其他:第一之一種住宅區,,,1120506,土地1建物1車位2,七層,二十三層,住宅大樓(11層含以上有電梯),住家用,鋼筋混凝土造,1150630,217.2,3,2,2,有,有,31640000,180836,坡道平面,65.46,4200000,預售屋、或土地及建物分件登記案件；,RPTNNLNJQHLGFBB28DA,91.55,0.0,6.89,有,
沙鹿區,房地(土地+建物)+車位,臺中市沙鹿區台灣大道七段５１２巷１８２號三樓之３,16.62,都市：其他:第三種住宅區。,,,1120511,土地2建物1車位1,三層,十二層,住宅大樓(11層含以上有電梯),住家用,鋼筋混凝土造,1150603,110.87,2,2,1,有,有,8580000,84050,坡道平面,24.85,1350000,預售屋、或土地及建物分件登記案件；,RPPPMLRKPHLGFFB78DA,51.87,0.0,4.72,有,
沙鹿區,房地(土地+建物)+車位,臺中市沙鹿區台灣大道七段５１２巷１８２號三樓之５,16.62,都市：其他:第三種住宅區。,,,1120512,土地2建物1車位1,三層,十二層,住宅大樓(11層含以上有電梯),住家用,鋼筋混凝土造,1150603,99.52000000000001,2,2,1,有,有,7980000,84050,坡道機械,13.5,750000,原承買人於115.04.29指定配偶登記名義人預售屋、或土地及建物分件登記案件；,RPQPMLRKPHLGFFB88DA,51.87,0.0,4.72,有,
沙鹿區,房地(土地+建物)+車位,臺中市沙鹿區台灣大道七段５１２巷１８２號四樓之３,16.62,都市：其他:第三種住宅區。,,,1120502,土地2建物1車位1,四層,十二層,住宅大樓(11層含以上有電梯),住家用,鋼筋混凝土造,1150603,99.52000000000001,2,2,1,有,有,7880000,82888,坡道機械,13.5,750000,預售屋、或土地及建物分件登記案件；,RPVPMLRKPHLGFFB76DA,51.87,0.0,4.72,有,
沙鹿區,房地(土地+建物)+車位,臺中市沙鹿區台灣大道七段５１２巷１８２號四樓之５,16.62,都市：其他:第三種住宅區。,,,1120502,土地2建物1車位1,四層,十二層,住宅大樓(11層含以上有電梯),住家用,鋼筋混凝土造,1150603,99.52000000000001,2,2,1,有,有,7880000,82888,坡道機械,13.5,750000,預售屋、或土地及建物分件登記案件；,RPWPMLRKPHLGFFB86DA,51.87,0.0,4.72,有,
沙鹿區,房地(土地+建物)+車位,臺中市沙鹿區台灣大道七段５１２巷１８２號七樓之３,16.62,都市：其他:第三種住宅區。,,,1120512,土地2建物1車位1,七層,十二層,住宅大樓(11層含以上有電梯),住家用,鋼筋混凝土造,1150603,99.52000000000001,2,2,1,有,有,8320000,88003,坡道機械,13.5,750000,預售屋、或土地及建物分件登記案件；,RPXNMLLLPHLGFFB88DA,51.87,0.0,4.72,有,
沙鹿區,房地(土地+建物)+車位,臺中市沙鹿區台灣大道七段５１２巷１８２號八樓之２,23.4,都市：其他:第三種住宅區。,,,1120515,土地2建物1車位1,八層,十二層,住宅大樓(11層含以上有電梯),住家用,鋼筋混凝土造,1150603,151.06,3,2,2,有,有,11800000,82218,坡道平面,27.0,1600000,預售屋、或土地及建物分件登記案件；,RPTOMLLLPHLGFFB58DA,75.26,0.0,6.38,有,
沙鹿區,房地(土地+建物)+車位,臺中市沙鹿區台灣大道七段５１２巷１８２號九樓之５,16.62,都市：其他:第三種住宅區。,,,1120526,土地2建物1車位1,九層,十二層,住宅大樓(11層含以上有電梯),住家用,鋼筋混凝土造,1150603,99.52000000000001,2,2,1,有,有,8770000,90909,坡道機械,13.5,950000,預售屋、或土地及建物分件登記案件；,RPTPMLLLPHLGFFB68DA,51.87,0.0,4.72,有,
南區,房地(土地+建物)+車位,臺中市南區新華街１５８號二十五樓之９,18.06,都市：其他:第五種住宅區,,,1120529,土地3建物1車位3,二十五層,二十六層,住宅大樓(11層含以上有電梯),住家用,鋼筋混凝土造,1150528,221.68,3,2,2,有,有,26740000,155896,坡道平面,91.85,6500000,預售屋、或土地及建物分件登記案件；,RPTWMLQLOHLGFAB66DA,77.1,0.0,8.65,有,
梧棲區,房地(土地+建物),臺中市梧棲區民和東街９１號四樓之３,24.44,都市：其他:第四種住宅區,,,1120525,土地1建物1車位0,四層,七層,華廈(10層含以下有電梯),住家用,鋼筋混凝土造,1150505,72.31,2,2,1,有,有,5460000,75508,,0.0,0,,RPOOMLMLQHLGFFB28DA,46.41,0.0,5.27,有,
北屯區,房地(土地+建物)+車位,臺中市北屯區昌平東八路１３號九樓之１,46.64,都市：其他:第一之一種住宅區,,,1120513,土地1建物1車位1,九層,十四層,住宅大樓(11層含以上有電梯),住家用,鋼筋混凝土造,1150606,197.68,4,2,2,有,有,30600000,167432,坡道平面,27.76,2150000,預售屋、或土地及建物分件登記案件；,RPXNMLOLOHLGFBB68DA,100.87,0.0,12.09,有,
北屯區,房地(土地+建物)+車位,臺中市北屯區昌平東八路１３號八樓之３,35.75,都市：其他:第一之一種住宅區,,,1120519,土地1建物1車位1,八層,十四層,住宅大樓(11層含以上有電梯),住家用,鋼筋混凝土造,1150606,157.93,3,2,2,有,有,23610000,165245,坡道平面,27.76,2100000,預售屋、或土地及建物分件登記案件；,RPVOMLTJPHLGFBB98DA,76.36,0.0,10.19,有,
北屯區,房地(土地+建物)+車位,臺中市北屯區昌平東八路１３號九樓之３,35.92,都市：其他:第一之一種住宅區,,,1120502,土地1建物1車位1,九層,十四層,住宅大樓(11層含以上有電梯),住家用,鋼筋混凝土造,1150606,158.57,3,2,2,有,有,23780000,166119,坡道平面,27.76,2050000,預售屋、或土地及建物分件登記案件；,RPWOMLTJPHLGFBB09DA,76.36,0.0,10.63,有,
北屯區,房地(土地+建物)+車位,臺中市北屯區昌平東八路１３之２號,37.36,都市：其他:第一之一種住宅區,,,1120527,土地1建物1車位1,一層,十四層,住宅大樓(11層含以上有電梯),住家用,鋼筋混凝土造,1150606,163.70999999999998,3,2,2,有,有,24700000,166238,坡道平面,27.76,2100000,預售屋、或土地及建物分件登記案件；,RPURMLOLOHLGFBB78DA,76.36,0.0,14.03,有,
北屯區,房地(土地+建物)+車位,臺中市北屯區德和二街５５之１號,36.0,都市：其他:第一之一種住宅區,,,1120514,土地1建物1車位1,一層,七層,華廈(10層含以下有電梯),住家用,鋼筋混凝土造,1150427,115.47,2,2,2,有,有,19190000,187493,坡道平面,25.12,2250000,1.另含1F-55車位一個未保存登記。2.轉讓日期: 115.3.20 ；轉讓金額:新台幣1919萬元整。預售屋、或土地及建物分件登記案件；,RPTSMLPLQHLGFBB09DA,54.4,0.0,6.75,有,
北屯區,房地(土地+建物)+車位,臺中市北屯區德和二街５５號三樓之２,33.0,都市：其他:第一之一種住宅區,,,1120514,土地1建物1車位1,三層,七層,華廈(10層含以下有電梯),住家用,鋼筋混凝土造,1150427,113.68,2,2,2,有,有,16130000,157859,坡道平面,25.12,2150000,轉讓日期: 115.3.10 ；轉讓金額:新台幣1613萬元整。預售屋、或土地及建物分件登記案件；,RPUSMLPLQHLGFBB56DA,53.15,0.0,6.8,有,
西屯區,房地(土地+建物)+車位,臺中市西屯區惠中三街５６號二十六樓之７,7.06,都市：其他:第七種新市政中心專用區,,,1120531,土地1建物1車位1,二十六層,二十七層,住宅大樓(11層含以上有電梯),住家用,鋼骨鋼筋混凝土造、鋼筋混凝土造,1150622,109.79,2,2,2,有,有,20610000,230543,坡道平面,31.67,2600000,預售屋、或土地及建物分件登記案件；,RPWNNLMKQHLGFCB68DA,46.2,0.0,4.57,有,
西屯區,房地(土地+建物)+車位,臺中市西屯區惠中三街５６號十一樓之９,7.7,都市：其他:第七種新市政中心專用區,,,1120531,土地1建物1車位1,十一層,二十七層,住宅大樓(11層含以上有電梯),住家用,鋼骨鋼筋混凝土造、鋼筋混凝土造,1150622,117.16,2,2,2,有,有,20410000,210668,坡道平面,31.67,2400000,預售屋、或土地及建物分件登記案件；,RPSPNLMKQHLGFCB48DA,51.78,0.0,3.77,有,
南區,房地(土地+建物)+車位,臺中市南區忠孝路７６之３號八樓之１,26.06,都市：其他:第二種商業區,,,1120515,土地7建物1車位1,八層,二十四層,住宅大樓(11層含以上有電梯),住家用,鋼筋混凝土造,1150706,219.83,4,2,2,有,有,26520000,128890,坡道平面,29.59,2000000,113年6月30日換約，換約金額 : 2793萬元預售屋、或土地及建物分件登記案件；,RPRPMLLJRHLGFAB97DA,116.08,0.0,9.57,有,
梧棲區,房地(土地+建物)+車位,臺中市梧棲區民和東街９３號三樓之２,24.44,都市：其他:第四種住宅區,,,1120509,土地1建物1車位1,三層,七層,華廈(10層含以下有電梯),住家用,鋼筋混凝土造,1150505,107.03999999999999,2,2,1,有,有,6930000,80625,坡道平面,34.73,1100000,,RPUNMLQLQHLGFFB56DA,46.41,0.0,5.27,有,
南區,房地(土地+建物)+車位,臺中市南區復興路三段１６５號九樓之１,40.02,都市：其他:第二種住宅區,,,1120509,土地2建物1車位3,九層,十二層,住宅大樓(11層含以上有電梯),住家用,鋼筋混凝土造,1150606,330.4,6,4,4,有,有,39260000,140917,坡道平面,91.89,5650000,預售屋、或土地及建物分件登記案件；,RPRPMLRLQHLGFAB68DA,141.86,0.0,15.88,有,
南區,房地(土地+建物)+車位,臺中市南區復興路三段１６５號七樓之５,3.94,都市：其他:道路用地,,,1120504,土地2建物1車位1,七層,十二層,住宅大樓(11層含以上有電梯),住家用,鋼筋混凝土造,1150606,120.53999999999999,2,2,1,有,有,14050000,140020,坡道平面,30.91,1500000,預售屋、或土地及建物分件登記案件；,RPSPMLRLQHLGFAB78DA,53.52,0.0,5.76,有,
南區,房地(土地+建物)+車位,臺中市南區復興路三段１６５號九樓之３,15.18,都市：其他:第二種住宅區,,,1120513,土地2建物1車位1,九層,十二層,住宅大樓(11層含以上有電梯),住家用,鋼筋混凝土造,1150606,121.39,2,2,1,有,有,14700000,140915,坡道平面,30.91,1950000,預售屋、或土地及建物分件登記案件；,RPTPMLRLQHLGFAB88DA,53.35,0.0,6.49,有,
南區,房地(土地+建物)+車位,臺中市南區復興路三段１６５號七樓之３,15.18,都市：其他:第二種住宅區,,,1120504,土地2建物1車位1,七層,十二層,住宅大樓(11層含以上有電梯),住家用,鋼筋混凝土造,1150606,120.55000000000001,2,2,1,有,有,14220000,140031,坡道平面,30.07,1550000,預售屋、或土地及建物分件登記案件；,RPUPMLRLQHLGFAB98DA,53.35,0.0,6.49,有,
西屯區,房地(土地+建物)+車位,臺中市西屯區臺灣大道三段１１６號十四樓之２,16.23,都市：其他:第五種住宅區,,,1120513,土地2建物1車位1,十四層,十九層,住宅大樓(11層含以上有電梯),住家用,鋼筋混凝土造,1150625,123.37,2,2,2,有,有,19880000,195160,坡道平面,33.29,2300000,預售屋、或土地及建物分件登記案件；,RPUSNLQLQHLGFCB86DA,51.32,0.0,6.86,有,
后里區,房地(土地+建物)+車位,臺中市后里區民生路１００號七樓之１,27.44,都市：其他:住宅區,,,1120502,土地1建物1車位1,七層,十三層,住宅大樓(11層含以上有電梯),住家用,鋼筋混凝土造,1150510,153.0,3,2,2,有,有,15760000,111041,坡道平面,25.48,1600000,預售屋、或土地及建物分件登記案件；,RPXOMLSLQHLGFDB96DA,75.9,0.0,8.32,有,
北屯區,房地(土地+建物)+車位,臺中市北屯區崇德十六路８號十樓之３,40.9,都市：其他:第一之一種住宅區,,,1120410,土地1建物1車位2,十層,二十三層,住宅大樓(11層含以上有電梯),住家用,鋼筋混凝土造,1150630,217.2,3,2,2,有,有,30700000,175959,坡道平面,65.46,4000000,預售屋、或土地及建物分件登記案件；,RPOUMLNJQHLGFBB38DA,91.55,0.0,6.89,有,
北屯區,房地(土地+建物)+車位,臺中市北屯區崇德十六路８號十八樓之３,40.9,都市：其他:第一之一種住宅區,,,1120409,土地1建物1車位2,十八層,二十三層,住宅大樓(11層含以上有電梯),住家用,鋼筋混凝土造,1150630,217.2,3,2,2,有,有,31290000,179847,坡道平面,65.46,4000000,預售屋、或土地及建物分件登記案件；,RPWUMLNJQHLGFBB56DA,91.55,0.0,6.89,有,
北屯區,房地(土地+建物)+車位,臺中市北屯區崇德十六路８號九樓之３,40.9,都市：其他:第一之一種住宅區,,,1120414,土地1建物1車位2,九層,二十三層,住宅大樓(11層含以上有電梯),住家用,鋼筋混凝土造,1150630,217.2,3,2,2,有,有,31100000,175959,坡道平面,65.46,4400000,預售屋、或土地及建物分件登記案件；,RPRVMLPJQHLGFBB98DA,91.55,0.0,6.89,有,
南區,房地(土地+建物)+車位,臺中市南區永和街１２５巷１６弄８號四樓之２,19.9,都市：其他:第二種住宅區,,,1120413,土地1建物1車位1,四層,十層,華廈(10層含以下有電梯),住家用,鋼筋混凝土造,1150510,126.31,2,2,1,有,有,13380000,130266,坡道平面,38.95,2000000,預售屋、或土地及建物分件登記案件；,RPUTMLOLPHLGFAB98DA,52.03,0.0,3.32,有,
沙鹿區,房地(土地+建物)+車位,臺中市沙鹿區台灣大道七段５１２巷１８２號五樓之５,16.62,都市：其他:第三種住宅區。,,,1120429,土地2建物1車位1,五層,十二層,住宅大樓(11層含以上有電梯),住家用,鋼筋混凝土造,1150603,110.87,2,2,1,有,有,8730000,85794,坡道平面,24.85,1350000,預售屋、或土地及建物分件登記案件；,RPTQMLRKPHLGFFB66DA,51.87,0.0,4.72,有,
南區,房地(土地+建物)+車位,臺中市南區新華街１５８號二樓之１０,19.11,都市：其他:第五種住宅區,,,1120422,土地3建物1車位2,二層,二十六層,住宅大樓(11層含以上有電梯),住家用,鋼筋混凝土造,1150528,198.57,3,2,2,有,有,23150000,144838,坡道平面,60.83,3200000,預售屋、或土地及建物分件登記案件；,RPXWMLQLOHLGFAB07DA,83.09,0.0,7.97,有,
北屯區,房地(土地+建物)+車位,臺中市北屯區榮德路３９８號四樓之１,37.1,都市：其他:第一之一種住宅區,,,1120429,土地1建物1車位1,四層,十三層,住宅大樓(11層含以上有電梯),住家用,鋼筋混凝土造,1150621,164.93,3,2,2,有,有,22150000,153057,坡道平面,33.28,2000000,115.05.26指定配偶為登記名義人預售屋、或土地及建物分件登記案件；,RPTSMLQJPHLGFBB88DA,76.52,0.0,8.14,有,
梧棲區,房地(土地+建物),臺中市梧棲區民和東街９３號二樓之２,24.44,都市：其他:第四種住宅區,,,1120415,土地1建物1車位0,二層,七層,華廈(10層含以下有電梯),住家用,鋼筋混凝土造,1150505,72.31,2,2,1,有,有,5400000,74678,,0.0,0,,RPVNMLMLQHLGFFB88DA,46.41,0.0,5.27,有,
梧棲區,房地(土地+建物)+車位,臺中市梧棲區民和東街９１號三樓之１,30.74,都市：其他:第四種住宅區,,,1120414,土地1建物1車位1,三層,七層,華廈(10層含以下有電梯),住家用,鋼筋混凝土造,1150505,125.59,2,2,1,有,有,8550000,79793,坡道平面,34.73,1300000,,RPWNMLMLQHLGFFB98DA,59.08,0.0,5.85,有,
梧棲區,房地(土地+建物)+車位,臺中市梧棲區民和東街９３號三樓之１,24.28,都市：其他:第四種住宅區,,,1120415,土地1建物1車位1,三層,七層,華廈(10層含以下有電梯),住家用,鋼筋混凝土造,1150505,106.6,2,2,1,有,有,6830000,76944,坡道平面,34.73,1300000,,RPXNMLMLQHLGFFB09DA,46.1,0.0,5.29,有,
梧棲區,房地(土地+建物),臺中市梧棲區民和東街９３號四樓之１,24.28,都市：其他:第四種住宅區,,,1120422,土地1建物1車位0,四層,七層,華廈(10層含以下有電梯),住家用,鋼筋混凝土造,1150505,71.87,2,2,1,有,有,5390000,74997,,0.0,0,,RPPOMLMLQHLGFFB38DA,46.1,0.0,5.29,有,
北屯區,房地(土地+建物)+車位,臺中市北屯區昌平東八路１３號六樓之２,45.61,都市：其他:第一之一種住宅區,,,1120422,土地1建物1車位2,六層,十四層,住宅大樓(11層含以上有電梯),住家用,鋼筋混凝土造,1150606,221.6,4,2,2,有,有,32020000,168714,坡道平面,55.52,4000000,預售屋、或土地及建物分件登記案件；,RPWOMLOLOHLGFBB68DA,100.87,0.0,9.54,有,
北屯區,房地(土地+建物)+車位,臺中市北屯區昌平東八路１５號八樓之５,33.48,都市：其他:第一之一種住宅區,,,1120416,土地1建物1車位1,八層,十四層,住宅大樓(11層含以上有電梯),住家用,鋼筋混凝土造,1150606,149.70999999999998,2,2,2,有,有,22450000,167282,坡道平面,27.76,2050000,預售屋、或土地及建物分件登記案件；,RPTONLOLOHLGFBB48DA,70.68,0.0,10.39,有,
北屯區,房地(土地+建物)+車位,臺中市北屯區昌平東八路１３之１號,37.36,都市：其他:第一之一種住宅區,,,1120425,土地1建物1車位1,一層,十四層,住宅大樓(11層含以上有電梯),住家用,鋼筋混凝土造,1150606,163.70999999999998,3,2,2,有,有,24710000,166311,坡道平面,27.76,2100000,預售屋、或土地及建物分件登記案件；,RPPQMLOLOHLGFBB18DA,76.36,0.0,14.03,有,
北屯區,房地(土地+建物)+車位,臺中市北屯區昌平東八路１５號十四樓之２,40.62,都市：其他:第一之一種住宅區,,,1120415,土地1建物1車位2,十四層,十四層,住宅大樓(11層含以上有電梯),住家用,鋼筋混凝土造,1150606,203.38,3,2,2,有,有,30290000,175774,坡道平面,55.52,4300000,預售屋、或土地及建物分件登記案件；,RPXVMLOLOHLGFBB86DA,86.64,0.0,11.66,有,
西屯區,房地(土地+建物)+車位,臺中市西屯區青海路二段５１６號十八樓之５,20.18,都市：其他:第三種住宅區。,,,1120412,土地2建物1車位2,十八層,十九層,住宅大樓(11層含以上有電梯),住家用,鋼筋混凝土造,1150108,190.86,0,0,0,無,有,28300000,178385,坡道平面,56.6,4350000,毛胚屋；預售屋、或土地及建物分件登記案件；,RPOOMLSJRHLGFCB48DA,77.31,0.0,9.37,有,
梧棲區,房地(土地+建物),臺中市梧棲區民和東街９１號三樓之３,24.44,都市：其他:第四種住宅區,,,1120422,土地1建物1車位0,三層,七層,華廈(10層含以下有電梯),住家用,鋼筋混凝土造,1150505,72.31,2,2,1,有,有,5620000,77721,,0.0,0,113.06.17 讓渡,RPTNMLQLQHLGFFB09DA,46.41,0.0,5.27,有,
烏日區,房地(土地+建物)+車位,臺中市烏日區九德街６５號三樓之１,18.87,都市：其他:第三種住宅區。,,,1120417,土地2建物1車位1,三層,十一層,住宅大樓(11層含以上有電梯),住家用,鋼筋混凝土造,1150421,102.15,2,2,1,有,有,8590000,97344,坡道平面,31.37,1700000,預售屋、或土地及建物分件登記案件；,RPTPMLMKOHLGFIB88DA,41.98,0.0,4.78,有,
南區,房地(土地+建物)+車位,臺中市南區復興路三段１６５號十樓之５,15.04,都市：其他:第二種住宅區,,,1120428,土地2建物1車位1,十層,十二層,住宅大樓(11層含以上有電梯),住家用,鋼筋混凝土造,1150606,120.53999999999999,2,2,1,有,有,14190000,141582,坡道平面,30.91,1500000,於民國113年6月9日讓渡，讓渡金額1470萬元整。預售屋、或土地及建物分件登記案件；,RPOPMLRLQHLGFAB38DA,53.52,0.0,5.76,有,
南區,房地(土地+建物)+車位,臺中市南區復興路三段１６５號十樓之３,15.18,都市：其他:第二種住宅區,,,1120428,土地2建物1車位1,十層,十二層,住宅大樓(11層含以上有電梯),住家用,鋼筋混凝土造,1150606,121.39,2,2,1,有,有,14510000,141578,坡道平面,30.91,1700000,於民國113年6月14日讓渡預售屋、或土地及建物分件登記案件；,RPQPMLRLQHLGFAB58DA,53.35,0.0,6.49,有,
西屯區,房地(土地+建物)+車位,臺中市西屯區臺灣大道三段１１６號九樓之５,23.13,都市：其他:第五種住宅區,,,1120421,土地2建物1車位1,九層,十九層,住宅大樓(11層含以上有電梯),住家用,鋼筋混凝土造,1150625,161.92000000000002,3,2,2,有,有,28660000,203374,坡道平面,33.29,2500000,預售屋、或土地及建物分件登記案件；,RPSVNLQLQHLGFCB96DA,76.24,0.0,6.76,有,
后里區,房地(土地+建物)+車位,臺中市后里區民生路１００號九樓之１,27.44,都市：其他:住宅區,,,1120430,土地1建物1車位1,九層,十三層,住宅大樓(11層含以上有電梯),住家用,鋼筋混凝土造,1150510,153.0,3,2,2,有,有,15990000,112845,坡道平面,25.48,1600000,預售屋、或土地及建物分件登記案件；,RPQOMLTLPHLGFDB88DA,75.9,0.0,8.32,有,
后里區,房地(土地+建物)+車位,臺中市后里區民生路１００號九樓之２,27.44,都市：其他:住宅區,,,1120428,土地1建物1車位1,九層,十三層,住宅大樓(11層含以上有電梯),住家用,鋼筋混凝土造,1150510,153.0,3,2,2,有,有,15990000,112845,坡道平面,25.48,1600000,預售屋、或土地及建物分件登記案件；,RPROMLTLPHLGFDB98DA,75.9,0.0,8.32,有,
北屯區,房地(土地+建物)+車位,臺中市北屯區崇德十六路８號十五樓之５,40.9,都市：其他:第一之一種住宅區,,,1120324,土地1建物1車位2,十五層,二十三層,住宅大樓(11層含以上有電梯),住家用,鋼筋混凝土造,1150630,217.2,3,2,2,有,有,32790000,187096,坡道平面,65.46,4400000,預售屋、或土地及建物分件登記案件；,RPVWMLNJQHLGFBB66DA,91.55,0.0,6.89,有,
北屯區,房地(土地+建物)+車位,臺中市北屯區崇德十六路８號二十三樓之５,40.9,都市：其他:第一之一種住宅區,,,1120324,土地1建物1車位2,二十三層,二十三層,住宅大樓(11層含以上有電梯),住家用,鋼筋混凝土造,1150630,217.2,3,2,2,有,有,33740000,190721,坡道平面,65.46,4800000,預售屋、或土地及建物分件登記案件；,RPRNNLNJQHLGFBB08DA,91.55,0.0,6.89,有,
北屯區,房地(土地+建物)+車位,臺中市北屯區崇德十六路８號十六樓之３,40.9,都市：其他:第一之一種住宅區,,,1120323,土地1建物1車位2,十六層,二十三層,住宅大樓(11層含以上有電梯),住家用,鋼筋混凝土造,1150630,217.2,3,2,2,有,有,30700000,175959,坡道平面,65.46,4000000,本戶於115年04月13日讓渡，讓渡金額為新臺幣3120萬元整。預售屋、或土地及建物分件登記案件；,RPPPMLPJQHLGFBB18DA,91.55,0.0,6.89,有,
北屯區,房地(土地+建物)+車位,臺中市北屯區崇德十六路８號十一樓之５,40.9,都市：其他:第一之一種住宅區,,,1120323,土地1建物1車位2,十一層,二十三層,住宅大樓(11層含以上有電梯),住家用,鋼筋混凝土造,1150630,217.2,3,2,2,有,有,31100000,179254,坡道平面,65.46,3900000,本戶於115年04月16日換購車位。預售屋、或土地及建物分件登記案件；,RPRPMLPJQHLGFBB38DA,91.55,0.0,6.89,有,
北屯區,房地(土地+建物)+車位,臺中市北屯區崇德十六路８號二十一樓之５,40.9,都市：其他:第一之一種住宅區,,,1120323,土地1建物1車位2,二十一層,二十三層,住宅大樓(11層含以上有電梯),住家用,鋼筋混凝土造,1150630,217.2,3,2,2,有,有,33200000,189798,坡道平面,65.46,4400000,預售屋、或土地及建物分件登記案件；,RPTPMLPJQHLGFBB58DA,91.55,0.0,6.89,有,
北屯區,房地(土地+建物)+車位,臺中市北屯區崇德十六路８號十樓之１,51.15,都市：其他:第一之一種住宅區,,,1120324,土地1建物1車位2,十層,二十三層,住宅大樓(11層含以上有電梯),住家用,鋼筋混凝土造,1150630,255.23000000000002,4,2,2,有,有,38010000,179217,坡道平面,65.46,4000000,本戶於115年04月27日辦理讓渡配偶，讓渡金額不變。預售屋、或土地及建物分件登記案件；,RPTNMLQJQHLGFBB48DA,111.16,0.0,11.89,有,
北屯區,房地(土地+建物)+車位,臺中市北屯區崇德十六路８號七樓之５,40.9,都市：其他:第一之一種住宅區,,,1120328,土地1建物1車位1,七層,二十三層,住宅大樓(11層含以上有電梯),住家用,鋼筋混凝土造,1150630,184.47,3,2,2,有,有,29070000,177738,坡道平面,32.73,2100000,本戶於115年03月30日辦理讓渡配偶，讓渡金額不變。預售屋、或土地及建物分件登記案件；,RPSOMLQJQHLGFBB48DA,91.55,0.0,6.89,有,
北屯區,房地(土地+建物)+車位,臺中市北屯區崇德十六路８號二十三樓之１,51.15,都市：其他:第一之一種住宅區,,,1120323,土地1建物1車位1,二十三層,二十三層,住宅大樓(11層含以上有電梯),住家用,鋼筋混凝土造,1150630,222.5,4,2,2,有,有,38440000,189914,坡道平面,32.73,2400000,本戶於115年02月11日讓渡，讓渡金額為新臺幣3844萬元整。預售屋、或土地及建物分件登記案件；,RPPRMLNJQHLGFBB18DA,111.16,0.0,11.89,有,
北屯區,房地(土地+建物)+車位,臺中市北屯區崇德十六路８號六樓之３,40.9,都市：其他:第一之一種住宅區,,,1120323,土地1建物1車位2,六層,二十三層,住宅大樓(11層含以上有電梯),住家用,鋼筋混凝土造,1150630,217.2,3,2,2,有,有,30070000,171807,坡道平面,65.46,4000000,預售屋、或土地及建物分件登記案件；,RPWTMLNJQHLGFBB09DA,91.55,0.0,6.89,有,
南區,房地(土地+建物)+車位,臺中市南區忠孝路７６之３號十二樓之２,19.74,都市：其他:第二種商業區,,,1120317,土地7建物1車位1,十二層,二十四層,住宅大樓(11層含以上有電梯),住家用,鋼筋混凝土造,1150706,173.66000000000003,3,2,2,有,有,22000000,140904,坡道平面,29.59,1700000,預售屋、或土地及建物分件登記案件；,RPSOMLMJRHLGFAB08DA,86.41,0.0,8.74,有,
烏日區,房地(土地+建物)+車位,臺中市烏日區九德街６５號九樓之３,28.94,都市：其他:第三種住宅區。,,,1120314,土地2建物1車位1,九層,十一層,住宅大樓(11層含以上有電梯),住家用,鋼筋混凝土造,1150421,139.88,3,2,2,有,有,13720000,109852,坡道平面,31.37,1800000,預售屋、或土地及建物分件登記案件；,RPRNMLNJRHLGFIB78DA,64.06,0.0,7.64,有,
西屯區,房地(土地+建物)+車位,臺中市西屯區臺灣大道三段１２６號十七樓之５,22.72,都市：其他:第五種住宅區,,,1120310,土地2建物1車位1,十七層,十九層,住宅大樓(11層含以上有電梯),住家用,鋼筋混凝土造,1150625,159.49,3,2,2,有,有,28660000,207290,坡道平面,33.29,2500000,預售屋、或土地及建物分件登記案件；,RPSRMLOLQHLGFCB88DA,74.74,0.0,6.76,有,
西屯區,房地(土地+建物)+車位,臺中市西屯區臺灣大道三段１２６號十八樓之３,26.14,都市：其他:第五種住宅區,,,1120313,土地2建物1車位2,十八層,十九層,住宅大樓(11層含以上有電梯),住家用,鋼筋混凝土造,1150625,212.26999999999998,3,2,2,有,有,34000000,196994,坡道平面,66.58,5300000,預售屋、或土地及建物分件登記案件；,RPXTMLOLQHLGFCB96DA,84.05,0.0,9.95,有,
西屯區,房地(土地+建物)+車位,臺中市西屯區臺灣大道三段１２２號十六樓之３,26.14,都市：其他:第五種住宅區,,,1120311,土地2建物1車位2,十六層,十九層,住宅大樓(11層含以上有電梯),住家用,鋼筋混凝土造,1150625,212.26999999999998,3,2,2,有,有,34300000,199053,坡道平面,66.58,5300000,預售屋、或土地及建物分件登記案件；,RPWSMLQLQHLGFCB96DA,84.05,0.0,9.95,有,
西屯區,房地(土地+建物)+車位,臺中市西屯區臺灣大道三段１２２號十九樓之３,26.14,都市：其他:第五種住宅區,,,1120326,土地2建物1車位2,十九層,十九層,住宅大樓(11層含以上有電梯),住家用,鋼筋混凝土造,1150625,212.26999999999998,3,2,2,有,有,35850000,211751,坡道平面,66.58,5000000,預售屋、或土地及建物分件登記案件；,RPPTMLQLQHLGFCB98DA,84.05,0.0,9.95,有,
西屯區,房地(土地+建物)+車位,臺中市西屯區臺灣大道三段１１６號十八樓之２,16.23,都市：其他:第五種住宅區,,,1120302,土地2建物1車位2,十八層,十九層,住宅大樓(11層含以上有電梯),住家用,鋼筋混凝土造,1150625,156.66,2,2,2,有,有,22800000,199822,坡道平面,66.58,4800000,預售屋、或土地及建物分件登記案件；,RPUUNLQLQHLGFCB07DA,51.32,0.0,6.86,有,
北區,房地(土地+建物),臺中市北區梅川東路三段７６號六樓之２,8.71,都市：其他:第二種住宅區,,,1120201,土地1建物1車位0,六層,八層,華廈(10層含以下有電梯),住家用,鋼筋混凝土造,1141105,40.82,1,1,1,有,有,5670000,138902,,0.0,0,總價未包含5萬元裝潢費預售屋、或土地及建物分件登記案件；,RPORMLRKQHLGFBB58DA,17.42,0.0,2.23,有,
沙鹿區,房地(土地+建物)+車位,臺中市沙鹿區台灣大道七段５１２巷１８２號七樓之１,23.95,都市：其他:第三種住宅區。,,,1120224,土地2建物1車位1,七層,十二層,住宅大樓(11層含以上有電梯),住家用,鋼筋混凝土造,1150603,154.17000000000002,3,2,2,有,有,11660000,80679,坡道平面,27.0,1400000,原承買人於115.05.13指定配偶登記名義人預售屋、或土地及建物分件登記案件；,RPVNMLLLPHLGFFB68DA,77.31,0.0,6.38,有,
沙鹿區,房地(土地+建物)+車位,臺中市沙鹿區台灣大道七段５１２巷１８２號七樓之２,23.4,都市：其他:第三種住宅區。,,,1120224,土地2建物1車位1,七層,十二層,住宅大樓(11層含以上有電梯),住家用,鋼筋混凝土造,1150603,151.06,3,2,2,有,有,11410000,80687,坡道平面,27.0,1400000,原承買人於115.05.13指定配偶登記名義人預售屋、或土地及建物分件登記案件；,RPWNMLLLPHLGFFB78DA,75.26,0.0,6.38,有,
東勢區,房地(土地+建物),臺中市東勢區東關路六段２６２巷３號,90.33,都市：其他:住宅區,,,1120213,土地1建物1車位0,全,三層,透天厝,住家用,鋼筋混凝土造,1140627,192.33,3,2,3,有,無,15280000,79447,,0.0,0,未登記建物；預售屋、或土地及建物分件登記案件；,RPTNMLNJRHLGFGB78DA,179.66,0.0,12.67,有,
南區,房地(土地+建物)+車位,臺中市南區忠孝路７６之３號八樓之３,19.61,都市：其他:第二種商業區,,,1120213,土地7建物1車位1,八層,二十四層,住宅大樓(11層含以上有電梯),住家用,鋼筋混凝土造,1150706,172.7,3,2,2,有,有,21560000,136189,坡道平面,29.59,2070000,預售屋、或土地及建物分件登記案件；,RPUPMLLJRHLGFAB28DA,86.54,0.0,8.0,有,
西屯區,房地(土地+建物)+車位,臺中市西屯區臺灣大道三段１２６號十二樓之２,16.23,都市：其他:第五種住宅區,,,1120220,土地2建物1車位1,十二層,十九層,住宅大樓(11層含以上有電梯),住家用,鋼筋混凝土造,1150625,123.37,2,2,2,有,有,20500000,198157,坡道平面,33.29,2650000,預售屋、或土地及建物分件登記案件；,RPSPMLOLQHLGFCB68DA,51.32,0.0,6.86,有,
沙鹿區,房地(土地+建物)+車位,臺中市沙鹿區台灣大道七段５１２巷１８２號四樓之２,23.4,都市：其他:第三種住宅區。,,,1120104,土地2建物1車位1,四層,十二層,住宅大樓(11層含以上有電梯),住家用,鋼筋混凝土造,1150603,137.56,3,2,2,有,有,10500000,77785,坡道機械,13.5,850000,原承買人於115.04.30讓渡，讓渡房地總價為新臺幣1050萬元整。預售屋、或土地及建物分件登記案件；,RPUPMLRKPHLGFFB66DA,75.26,0.0,6.38,有,
沙鹿區,房地(土地+建物)+車位,臺中市沙鹿區台灣大道七段５１２巷１８２號七樓之５,16.62,都市：其他:第三種住宅區。,,,1120114,土地2建物1車位1,七層,十二層,住宅大樓(11層含以上有電梯),住家用,鋼筋混凝土造,1150603,99.52000000000001,2,2,1,有,有,8100000,86608,坡道機械,13.5,650000,預售屋、或土地及建物分件登記案件；,RPOOMLLLPHLGFFB08DA,51.87,0.0,4.72,有,
沙鹿區,房地(土地+建物)+車位,臺中市沙鹿區台灣大道七段５１２巷１８２號六樓之５,16.62,都市：其他:第三種住宅區。,,,1120119,土地2建物1車位1,六層,十二層,住宅大樓(11層含以上有電梯),住家用,鋼筋混凝土造,1150603,99.52000000000001,2,2,1,有,有,8250000,86027,坡道機械,13.5,850000,預售屋、或土地及建物分件登記案件；,RPROMLRJQHLGFFB88DA,51.87,0.0,4.72,有,
沙鹿區,房地(土地+建物)+車位,臺中市沙鹿區台灣大道七段５１２巷１８２號十樓之５,16.62,都市：其他:第三種住宅區。,,,1120105,土地2建物1車位1,十層,十二層,住宅大樓(11層含以上有電梯),住家用,鋼筋混凝土造,1150603,99.52000000000001,2,2,1,有,有,8270000,88584,坡道機械,13.5,650000,原承買人於113.10.23讓渡，讓渡房地總價為新臺幣8307000元整。預售屋、或土地及建物分件登記案件；,RPUOMLRJQHLGFFB56DA,51.87,0.0,4.72,有,
西屯區,房地(土地+建物)+車位,臺中市西屯區臺灣大道三段１２２號十七樓之３,26.14,都市：其他:第五種住宅區,,,1120115,土地2建物1車位3,十七層,十九層,住宅大樓(11層含以上有電梯),住家用,鋼筋混凝土造,1150625,245.56,3,2,2,有,有,37950000,205917,坡道平面,99.87,7950000,預售屋、或土地及建物分件登記案件；,RPXSMLQLQHLGFCB07DA,84.05,0.0,9.95,有,
西屯區,房地(土地+建物)+車位,臺中市西屯區臺灣大道三段１２６號十二樓之５,22.72,都市：其他:第五種住宅區,,,1120108,土地2建物1車位1,十二層,十九層,住宅大樓(11層含以上有電梯),住家用,鋼筋混凝土造,1150625,159.49,3,2,2,有,有,26250000,187005,坡道平面,33.29,2650000,預售屋、或土地及建物分件登記案件；,RPVNMLTLQHLGFCB66DA,74.74,0.0,6.76,有,
后里區,房地(土地+建物)+車位,臺中市后里區甲后路三段１３８號四樓之７,22.21,,鄉村區,乙種建築用地,1111206,土地1建物1車位1,四層,九層,華廈(10層含以下有電梯),住家用,鋼筋混凝土造,1150513,114.21000000000001,2,2,1,有,有,9180000,89901,坡道平面,27.67,1400000,預售屋、或土地及建物分件登記案件；,RPUNMLPLQHLGFDB88DA,52.49,0.0,5.4,有,
西屯區,房地(土地+建物)+車位,臺中市西屯區青海路二段５號四樓之１１,6.56,都市：其他:第三種商業區,,,1111215,土地1建物1車位1,四層,二十四層,住宅大樓(11層含以上有電梯),住家用,鋼骨鋼筋混凝土造,1141103,84.1,2,2,1,有,有,13720000,167318,坡道機械,9.87,1300000,預售屋、或土地及建物分件登記案件；,RPVNMLOJRHLGFCB68DA,43.57,0.0,5.11,有,
西屯區,房地(土地+建物)+車位,臺中市西屯區臺灣大道三段１２２號九樓之２,16.23,都市：其他:第五種住宅區,,,1111224,土地2建物1車位1,九層,十九層,住宅大樓(11層含以上有電梯),住家用,鋼筋混凝土造,1150625,123.37,2,2,2,有,有,19670000,192829,坡道平面,33.29,2300000,預售屋、或土地及建物分件登記案件；,RPRNMLQLQHLGFCB58DA,51.32,0.0,6.86,有,
西屯區,房地(土地+建物)+車位,臺中市西屯區臺灣大道三段１１２號七樓之１,15.13,都市：其他:第五種住宅區,,,1111231,土地2建物1車位1,七層,十九層,住宅大樓(11層含以上有電梯),住家用,鋼筋混凝土造,1150625,117.29,2,2,2,有,有,17390000,179643,坡道平面,33.29,2300000,預售屋、或土地及建物分件登記案件；,RPUTMLQLQHLGFCB86DA,49.17,0.0,5.03,有,
后里區,房地(土地+建物)+車位,臺中市后里區甲后路三段１４０號一樓之６,22.21,,鄉村區,乙種建築用地,1111130,土地1建物1車位1,一層,九層,華廈(10層含以下有電梯),住家用,鋼筋混凝土造,1150513,114.21000000000001,2,2,1,有,有,10500000,106309,坡道平面,27.67,1300000,預售屋、或土地及建物分件登記案件；,RPPOMLNKPHLGFDB08DA,52.49,0.0,5.4,有,
后里區,房地(土地+建物)+車位,臺中市后里區甲后路三段１４０號四樓之６,22.21,,鄉村區,乙種建築用地,1111129,土地1建物1車位1,四層,九層,華廈(10層含以下有電梯),住家用,鋼筋混凝土造,1150513,111.99000000000001,2,2,1,有,有,9050000,88976,坡道平面,25.45,1350000,預售屋、或土地及建物分件登記案件；,RPUOMLPKPHLGFDB78DA,52.49,0.0,5.4,有,
后里區,房地(土地+建物)+車位,臺中市后里區甲后路三段１３６號六樓之５,19.92,,鄉村區,乙種建築用地,1111128,土地1建物1車位1,六層,九層,華廈(10層含以下有電梯),住家用,鋼筋混凝土造,1150513,105.43,2,2,1,有,有,8880000,96193,坡道平面,27.67,1400000,預售屋、或土地及建物分件登記案件；,RPVOMLPKPHLGFDB88DA,46.35,0.0,5.68,有,
后里區,房地(土地+建物)+車位,臺中市后里區甲后路三段１３８號五樓之３,28.85,,鄉村區,乙種建築用地,1111018,土地1建物1車位1,五層,九層,華廈(10層含以下有電梯),住家用,鋼筋混凝土造,1150513,140.07,3,2,2,有,有,11820000,93594,坡道平面,27.67,1300000,預售屋、或土地及建物分件登記案件；,RPXWMLNKPHLGFDB07DA,69.2,0.0,6.06,有,
南屯區,房地(土地+建物)+車位,臺中市南屯區永春東七路５５０號九樓之２,24.58,都市：其他:第一之一種住宅區,,,1111014,土地2建物1車位2,九層,十五層,住宅大樓(11層含以上有電梯),住家用,鋼筋混凝土造,1140831,261.94,4,2,2,有,有,40720000,184475,坡道平面,60.72,3600000,預售屋、或土地及建物分件登記案件；,RPSSMLLJRHLGFCB58DA,120.07,0.0,12.64,有,
西屯區,房地(土地+建物)+車位,臺中市西屯區市政北一路３３５號二十八樓之２,11.52,都市：其他:第六種新市政中心專用區,,,1111018,土地1建物1車位1,二十八層,三十七層,住宅大樓(11層含以上有電梯),住家用,鋼骨鋼筋混凝土造、鋼筋混凝土造,1150313,209.37,4,2,2,有,有,39990000,194313,坡道平面,14.89,2200000,預售屋、或土地及建物分件登記案件；,RPSQMLOJRHLGFCB68DA,109.1,11.19,9.43,有,
后里區,房地(土地+建物)+車位,臺中市后里區甲后路三段１４０號九樓之７,22.21,,鄉村區,乙種建築用地,1110806,土地1建物1車位1,九層,九層,華廈(10層含以下有電梯),住家用,鋼筋混凝土造,1150513,114.21000000000001,2,2,1,有,有,9450000,93021,坡道平面,27.67,1400000,預售屋、或土地及建物分件登記案件；,RPVUMLNKPHLGFDB66DA,52.49,0.0,5.4,有,
西屯區,房地(土地+建物)+車位,臺中市西屯區青海路二段５號十三樓之９,7.0,都市：其他:第三種商業區,,,1110831,土地1建物1車位1,十三層,二十四層,住宅大樓(11層含以上有電梯),住家用,鋼骨鋼筋混凝土造,1141103,89.53,2,2,1,有,有,14750000,166960,坡道機械,9.87,1450000,預售屋、或土地及建物分件登記案件；,RPUNMLOJRHLGFCB58DA,46.94,0.0,5.14,有,
后里區,房地(土地+建物)+車位,臺中市后里區甲后路三段１４０號四樓之７,22.21,,鄉村區,乙種建築用地,1110712,土地1建物1車位1,四層,九層,華廈(10層含以下有電梯),住家用,鋼筋混凝土造,1150513,114.21000000000001,2,2,1,有,有,9130000,89323,坡道平面,27.67,1400000,預售屋、或土地及建物分件登記案件；,RPPWMLNKPHLGFDB88DA,52.49,0.0,5.4,有,
后里區,房地(土地+建物)+車位,臺中市后里區甲后路三段１４２號二樓之８,19.92,,鄉村區,乙種建築用地,1110722,土地1建物1車位1,二層,九層,華廈(10層含以下有電梯),住家用,鋼筋混凝土造,1150513,105.43,2,2,1,有,有,8140000,86034,坡道平面,27.67,1450000,預售屋、或土地及建物分件登記案件；,RPSOMLPKPHLGFDB58DA,46.35,0.0,5.68,有,
后里區,房地(土地+建物)+車位,臺中市后里區甲后路三段１４０號六樓之７,22.21,,鄉村區,乙種建築用地,1110707,土地1建物1車位1,六層,九層,華廈(10層含以下有電梯),住家用,鋼筋混凝土造,1150513,114.21000000000001,2,2,1,有,有,9030000,88167,坡道平面,27.67,1400000,預售屋、或土地及建物分件登記案件；,RPTOMLQKPHLGFDB78DA,52.49,0.0,5.4,有,
后里區,房地(土地+建物)+車位,臺中市后里區甲后路三段１４０號三樓之６,22.21,,鄉村區,乙種建築用地,1110707,土地1建物1車位1,三層,九層,華廈(10層含以下有電梯),住家用,鋼筋混凝土造,1150513,114.21000000000001,2,2,1,有,有,9390000,91172,坡道平面,27.67,1500000,預售屋、或土地及建物分件登記案件；,RPOOMLPLQHLGFDB38DA,52.49,0.0,5.4,有,
南區,房地(土地+建物)+車位,臺中市南區新華街１５８號十九樓之１,25.26,都市：其他:第五種住宅區,,,1110714,土地3建物1車位2,十九層,二十六層,住宅大樓(11層含以上有電梯),住家用,鋼筋混凝土造,1150528,243.79000000000002,4,2,2,有,有,32180000,157249,坡道平面,62.04,3600000,預售屋、或土地及建物分件登記案件；,RPORMLPLOHLGFAB18DA,110.28,0.0,9.89,有,
南區,房地(土地+建物)+車位,臺中市南區新華街１５８號十八樓之９,18.06,都市：其他:第五種住宅區,,,1110715,土地3建物1車位1,十八層,二十六層,住宅大樓(11層含以上有電梯),住家用,鋼筋混凝土造,1150528,160.85,3,2,2,有,有,20660000,146807,坡道平面,31.02,1600000,預售屋、或土地及建物分件登記案件；,RPTOMLOLPHLGFAB38DA,77.1,0.0,8.65,有,
南區,房地(土地+建物)+車位,臺中市南區新華街１５８號八樓之３,20.12,都市：其他:第五種住宅區,,,1110716,土地3建物1車位2,八層,二十六層,住宅大樓(11層含以上有電梯),住家用,鋼筋混凝土造,1150528,206.89,3,2,2,有,有,25610000,149189,坡道平面,62.04,4000000,預售屋、或土地及建物分件登記案件；,RPTQMLOLPHLGFAB58DA,87.08,0.0,8.75,有,
南區,房地(土地+建物)+車位,臺中市南區新華街１５８號六樓之７,19.91,都市：其他:第五種住宅區,,,1110715,土地3建物1車位2,六層,二十六層,住宅大樓(11層含以上有電梯),住家用,鋼筋混凝土造,1150528,205.38,3,2,2,有,有,24530000,141831,坡道平面,62.04,4200000,預售屋、或土地及建物分件登記案件；,RPSRMLOLPHLGFAB58DA,85.83,0.0,9.01,有,
西屯區,房地(土地+建物)+車位,臺中市西屯區青海路二段５號十九樓之８,7.58,都市：其他:第三種商業區,,,1110607,土地1建物1車位1,十九層,二十四層,住宅大樓(11層含以上有電梯),住家用,鋼骨鋼筋混凝土造,1141103,113.21000000000001,2,2,1,有,有,17070000,170740,坡道平面,27.29,2400000,預售屋、或土地及建物分件登記案件；,RPTNMLOJRHLGFCB48DA,51.31,0.0,5.0,有,
北屯區,房地(土地+建物)+車位,臺中市北屯區昌平東六路５８９號十二樓之１,44.94,都市：其他:第一之一種住宅區,,,1110329,土地1建物1車位2,十二層,二十一層,住宅大樓(11層含以上有電梯),住家用,鋼筋混凝土造,1150608,229.53,4,2,2,有,有,30250000,166867,坡道平面,71.62,3900000,預售屋、或土地及建物分件登記案件；,RPTVMLMLPHLGFBB98DA,94.87,0.0,8.13,有,
北屯區,房地(土地+建物)+車位,臺中市北屯區昌平東六路５８９號二十一樓之３,42.72,都市：其他:第一之一種住宅區,,,1110329,土地1建物1車位2,二十一層,二十一層,住宅大樓(11層含以上有電梯),住家用,鋼筋混凝土造,1150608,221.91000000000003,4,2,2,有,有,30550000,179320,坡道平面,71.62,3600000,預售屋、或土地及建物分件登記案件；,RPRSMLMJRHLGFBB48DA,89.51,0.0,8.5,有,
北屯區,房地(土地+建物)+車位,臺中市北屯區昌平東六路５８９號十五樓之６,35.04,都市：其他:第一之一種住宅區,,,1110219,土地1建物1車位1,十五層,二十一層,住宅大樓(11層含以上有電梯),住家用,鋼筋混凝土造,1150608,159.1,3,2,2,有,有,22090000,164571,坡道平面,35.81,1800000,預售屋、或土地及建物分件登記案件；,RPPSMLMJRHLGFBB28DA,72.61,0.0,7.75,有,
西區,房地(土地+建物)+車位,臺中市西區樂群街３６８號二十四樓之１,15.41,都市：其他:第二種商業區,,,1110103,土地1建物1車位2,二十四層,二十四層,住宅大樓(11層含以上有電梯),住家用,鋼筋混凝土造,1150709,212.11,3,2,2,有,有,23480000,138536,坡道平面,72.94,4200000,民國111年11月23日加購地下第五層平面車位1個民國115年6月17日讓渡讓渡金額2388萬元整預售屋、或土地及建物分件登記案件；,RPVOMLQLQHLGFAB88DA,80.43,0.0,11.76,有,
北屯區,房地(土地+建物)+車位,臺中市北屯區昌平東六路５８９號十四樓之７,35.34,都市：其他:第一之一種住宅區,,,1110117,土地1建物1車位1,十四層,二十一層,住宅大樓(11層含以上有電梯),住家用,鋼筋混凝土造,1150608,160.06,3,2,2,有,有,22270000,164748,坡道平面,35.81,1800000,原承買人於113.01.05讓渡予新所有權人讓渡總價為新台幣2237萬元整。預售屋、或土地及建物分件登記案件；,RPXQMLNLPHLGFBB98DA,72.88,0.0,8.18,有,
北屯區,房地(土地+建物)+車位,臺中市北屯區昌平東六路５８９號十四樓之５,35.58,都市：其他:第一之一種住宅區,,,1110115,土地1建物1車位1,十四層,二十一層,住宅大樓(11層含以上有電梯),住家用,鋼筋混凝土造,1150608,161.04000000000002,3,2,2,有,有,22550000,166094,坡道平面,35.81,1750000,預售屋、或土地及建物分件登記案件；,RPXRMLMJRHLGFBB98DA,73.74,0.0,7.9,有,
西區,房地(土地+建物)+車位,臺中市西區樂群街３６８號二十二樓之３,18.78,都市：其他:第二種商業區,,,1101228,土地1建物1車位2,二十二層,二十四層,住宅大樓(11層含以上有電梯),住家用,鋼筋混凝土造,1150709,242.21999999999997,4,2,3,有,有,27080000,133979,坡道平面,72.94,4400000,預售屋、或土地及建物分件登記案件；,RPTOMLQLQHLGFAB68DA,98.83,0.0,13.38,有,
北屯區,房地(土地+建物)+車位,臺中市北屯區昌平東六路５８９號四樓之２,50.25,都市：其他:第一之一種住宅區,,,1101226,土地1建物1車位2,四層,二十一層,住宅大樓(11層含以上有電梯),住家用,鋼筋混凝土造,1150608,248.3,4,2,2,有,有,29330000,145065,坡道平面,71.62,3700000,預售屋、或土地及建物分件登記案件；,RPQQMLMLPHLGFBB18DA,105.53,0.0,9.65,有,
北屯區,房地(土地+建物)+車位,臺中市北屯區昌平東六路５８９號六樓之５,35.58,都市：其他:第一之一種住宅區,,,1101221,土地1建物1車位1,六層,二十一層,住宅大樓(11層含以上有電梯),住家用,鋼筋混凝土造,1150608,161.04000000000002,3,2,2,有,有,19750000,145333,坡道平面,35.81,1550000,原承買人於113.10.08讓渡予新所有權人讓渡總價為新台幣2610萬元整。預售屋、或土地及建物分件登記案件；,RPURMLMLPHLGFBB68DA,73.74,0.0,7.9,有,
北屯區,房地(土地+建物)+車位,臺中市北屯區昌平東六路５８９號七樓之５,35.58,都市：其他:第一之一種住宅區,,,1101221,土地1建物1車位2,七層,二十一層,住宅大樓(11層含以上有電梯),住家用,鋼筋混凝土造,1150608,196.85,3,2,2,有,有,21400000,146131,坡道平面,71.62,3100000,原承買人於114.12.14指定登記配偶為名義人。預售屋、或土地及建物分件登記案件；,RPWRMLMJRHLGFBB88DA,73.74,0.0,7.9,有,
西區,房地(土地+建物)+車位,臺中市西區樂群街３６８號二十四樓之３,18.78,都市：其他:第二種商業區,,,1101031,土地1建物1車位2,二十四層,二十四層,住宅大樓(11層含以上有電梯),住家用,鋼筋混凝土造,1150709,242.21999999999997,4,2,3,有,有,27200000,134097,坡道平面,72.94,4500000,民國115年4月30日讓渡讓渡金額2720萬元整配偶讓渡民國115年8月15日讓渡讓渡金額2720萬元整配偶讓渡預售屋、或土地及建物分件登記案件；,RPUOMLQLQHLGFAB78DA,98.83,0.0,13.38,有,
豐原區,房地(土地+建物)+車位,臺中市豐原區中正路２１２巷５號四樓之１,18.84,都市：其他:第二種商業區,,,1100207,土地1建物1車位1,四層,七層,華廈(10層含以下有電梯),住家用,鋼筋混凝土造,1150311,145.36,3,2,2,有,有,10650000,93280,升降平面,42.98,1100000,預售屋、或土地及建物分件登記案件；,RPRNMLQLQHLGFDB68DA,61.03,0.0,5.88,有,
西區,房地(土地+建物)+車位,臺中市西區臺灣大道二段１號十七樓之７,17.08,都市：其他:第二種商業區,,,1091201,土地3建物1車位1,十七層,二十二層,住宅大樓(11層含以上有電梯),住家用,鋼筋混凝土造,1140917,161.81,3,2,2,有,有,16440000,113350,坡道平面,35.74,2150000,預售屋、或土地及建物分件登記案件；,RPORMLKMIIKGFAB17DA,75.98,0.0,6.22,有,
