鄉鎮市區,交易標的,土地位置建物門牌,土地移轉總面積平方公尺,都市土地使用分區,非都市土地使用分區,非都市土地使用編定,交易年月日,交易筆棟數,移轉層次,總樓層數,建物型態,主要用途,主要建材,建築完成年月,建物移轉總面積平方公尺,建物現況格局-房,建物現況格局-廳,建物現況格局-衛,建物現況格局-隔間,有無管理組織,總價元,單價元平方公尺,車位類別,車位移轉總面積平方公尺,車位總價元,備註,編號,主建物面積,附屬建物面積,陽台面積,電梯,移轉編號
The villages and towns urban district,transaction sign,land sector position building sector house number plate,land shifting total area square meter,the use zoning or compiles and checks,the non-metropolis land use district,non-metropolis land use,transaction year month and day,transaction pen number,shifting level,total floor number,building state,main use,main building materials,construction to complete the years,building shifting total area,Building present situation pattern - room,building present situation pattern - hall,building present situation pattern - health,building present situation pattern - compartmented,Whether there is manages the organization,total price NTD,the unit price (NTD / square meter),the berth category,berth shifting total area square meter,the berth total price NTD,the note,serial number,main building area,auxiliary building area,balcony area,elevator,transaction number
梧棲區,土地,梧棲段3621地號,30.0,都市：其他:第四種住宅區,,,1150904,土地1建物0車位0,,,其他,,,,0.0,0,0,0,無,無,1990188,66340,,0.0,0,政府機關標讓售；,RPPNMLTJRHLGFFB98EA,0.0,0.0,0.0,無,
龍井區,土地,龍津段205-2地號,16.95,都市：其他:第四種住宅區,,,1150901,土地1建物0車位0,,,其他,,,,0.0,0,0,0,無,無,256368,15125,,0.0,0,親友、員工、共有人或其他特殊關係間之交易；包含公共設施保留地用地；,RPPNMLOJRHLGFKB98EA,0.0,0.0,0.0,無,0001
后里區,土地,圳寮段385地號,12.52,,山坡地保育區,農牧用地,1150903,土地1建物0車位0,,,其他,,,,0.0,0,0,0,無,無,13500,1078,,0.0,0,,RPOOMLNJRHLGFDB08DA,0.0,0.0,0.0,無,0002
大肚區,土地,自強段1572-7地號,122.1,,鄉村區,乙種建築用地,1150902,土地1建物0車位0,,,其他,,,,0.0,0,0,0,無,無,6500000,53235,,0.0,0,親友、員工、共有人或其他特殊關係間之交易；,RPQNMLRJRHLGFKB66DA,0.0,0.0,0.0,無,
龍井區,房地(土地+建物),臺中市龍井區舊車路１之８８巷２２號,50.0,都市：其他:市場用地,,,1150901,土地1建物1車位0,全,四層,透天厝,住家用,鋼筋混凝土造,1110727,107.62,4,2,5,有,無,7550000,70154,,0.0,0,,RPUNMLRJRHLGFKB07DA,96.03,0.0,11.59,無,0003
西屯區,房地(土地+建物),臺中市西屯區安和路１３９巷５號,93.44,都市：其他:第一種住宅區,,,1150901,土地3建物1車位0,全,二層,透天厝,住商用,加強磚造,0700914,109.2,2,1,1,有,無,11000000,100733,,0.0,0,,RPPNMLNKRHLGFCB08DA,109.2,0.0,0.0,無,
中區,房地(土地+建物),臺中市中區光復路合作大樓３－１８號,12.75,都市：其他:第一種商業區,,,1150908,土地6建物1車位0,三層,三層,華廈(10層含以下有電梯),住家用,鐵筋加強造,0510814,65.1,2,1,1,有,有,3000000,46083,,0.0,0,,RPPNMLOKRHLGFAB97DA,65.1,0.0,0.0,有,0004
西屯區,土地,西屯段842地號,8.11,都市：其他:第三之二種住宅區,,,1150902,土地2建物0車位0,,,其他,,,,0.0,0,0,0,無,無,981546,121029,,0.0,0,,RPWNMLTJRHLGFCB66DA,0.0,0.0,0.0,無,
潭子區,房地(土地+建物)+車位,臺中市潭子區勝利十二街１１３號三樓之２,21.01,都市：其他:第一之二種住宅區,,,1150906,土地1建物1車位1,三層,七層,華廈(10層含以下有電梯),住家用,鋼筋混凝土造,0840106,114.29,2,1,2,有,有,3400000,29749,坡道機械,0.0,0,買方應繳之稅費及代辦費皆由賣方繳納。親友、員工、共有人或其他特殊關係間之交易；其他增建；,RPRNMLKKRHLGFHB48DA,72.22,0.0,4.58,有,0005
南區,房地(土地+建物),臺中市南區五權南路４８３號八樓之六,5.3,都市：其他:第三種住宅區。,,,1150906,土地1建物1車位0,八層,二十二層,住宅大樓(11層含以上有電梯),住家用,鋼筋混凝土造,0970121,69.0,2,2,2,有,有,6820000,98841,,0.0,0,,RPPOMLRJRHLGFAB28DA,34.7,0.0,10.71,有,0006
南區,房地(土地+建物)+車位,臺中市南區德富路３７８號四樓之１,14.7,都市：其他:第二種住宅區,,,1150908,土地1建物1車位1,四層,十四層,住宅大樓(11層含以上有電梯),住家用,鋼筋混凝土造,0810221,123.27000000000001,3,2,2,有,有,8250000,66926,坡道機械,0.0,0,,RPSNMLTJRHLGFAB68DA,83.5,0.0,10.51,有,
西屯區,房地(土地+建物)+車位,臺中市西屯區中清路二段１２５０巷６１弄６號六樓,19.49,都市：其他:第二種住宅區,,,1150902,土地1建物1車位1,六層,八層,華廈(10層含以下有電梯),住家用,鋼筋混凝土造,0840301,110.14,3,2,2,有,有,8080000,73361,坡道機械,0.0,0,,RPUOMLOJRHLGFCB68DA,69.73,2.41,10.03,有,
大甲區,房地(土地+建物),臺中市大甲區經國路１９５０號,105.71,都市：其他:住宅區,,,1150908,土地2建物1車位0,全,一層,透天厝,商業用,加強磚造,0750531,89.99,1,1,1,有,無,8314092,92389,,0.0,0,頂樓加蓋；,RPUNMLPKRHLGFEB98DA,89.99,0.0,0.0,無,
大甲區,房地(土地+建物),臺中市大甲區經國路１９４８號,100.81,都市：其他:住宅區,,,1150908,土地2建物1車位0,全,一層,透天厝,商業用,加強磚造,0750531,85.78,1,1,1,有,無,7928707,92431,,0.0,0,頂樓加蓋；,RPVNMLPKRHLGFEB09DA,85.78,0.0,0.0,無,
潭子區,土地,僑忠段135-12地號,44.41,都市：其他:農業區,,,1150908,土地1建物0車位0,,,其他,,,,0.0,0,0,0,無,無,1074722,24200,,0.0,0,共有人間之買賣，現況為路地親友、員工、共有人或其他特殊關係間之交易；,RPRNMLOKRHLGFHB88DA,0.0,0.0,0.0,無,
烏日區,房地(土地+建物),臺中市烏日區中華路６１１號地下一層,10.37,都市：其他:第三種住宅區。,,,1150904,土地1建物1車位0,地下一層,十四層,住宅大樓(11層含以上有電梯),辦公用,鋼筋混凝土造,0850119,347.28000000000003,0,0,0,無,有,500000,1440,,0.0,0,地下一樓30個車位未分管，現況被侵占訴訟中含土地增值稅或其他稅費36976元；,RPVNMLOKRHLGFIB76DA,10.37,0.0,0.0,有,
中區,房地(土地+建物),臺中市中區成功路３０６巷１０號８樓之６,5.74,都市：其他:第二種商業區,,,1150802,土地1建物1車位0,八層,十六層,住宅大樓(11層含以上有電梯),住家用,鋼筋混凝土造,0821102,64.25999999999999,1,1,1,有,有,5050000,78587,,0.0,0,其他增建；,RPSNMLRKQHLGFAB48DA,41.78,1.05,2.25,有,
西區,房地(土地+建物),臺中市西區梅川西路二段１８之９號１２樓,7.97,都市：其他:第二種住宅區,,,1150802,土地1建物1車位0,十二層，十三層,二十七層,住宅大樓(11層含以上有電梯),住家用,鋼筋混凝土造,0941223,82.84,2,2,2,有,有,8300000,100193,,0.0,0,,RPQOMLRJRHLGFAB38DA,48.41,0.0,12.82,有,
西屯區,房地(土地+建物)+車位,臺中市西屯區市政路１７號二十七樓之３,8.56,都市：其他:第四之一種商業區,,,1150818,土地1建物1車位1,二十七層,三十一層,住宅大樓(11層含以上有電梯),住家用,鋼骨鋼筋混凝土造、鋼筋混凝土造,1140618,162.23,3,2,2,有,有,23000000,158840,坡道平面,32.54,2400000,其他增建；,RPPQMLSKQHLGFCB78DA,78.74,0.0,5.97,有,0007
西屯區,房地(土地+建物),臺中市西屯區國安一路２０６巷１８號十一樓之５,20.96,都市：其他:第六種住宅區,,,1150824,土地1建物1車位0,十一層,十二層,住宅大樓(11層含以上有電梯),住家用,鋼筋混凝土造,0850615,116.47,2,2,1,有,有,7400000,63536,,0.0,0,,RPWNMLLMQHLGFCB68DA,58.42,1.54,7.67,有,0008
西屯區,房地(土地+建物)+車位,臺中市西屯區天水西四街３號八樓之２,18.32,都市：其他:第二種住宅區,,,1150801,土地1建物1車位2,八層,九層,華廈(10層含以下有電梯),住家用,鋼筋混凝土造,1010427,127.78999999999999,2,2,1,有,有,13000000,101729,升降機械,35.29,0,親友、員工、共有人或其他特殊關係間之交易；,RPRTMLLJRHLGFCB58DA,56.06,1.06,6.48,有,
西屯區,土地,西屯段3022地號,15.27,都市：其他:第一種商業區,,,1150818,土地3建物0車位0,,,其他,,,,0.0,0,0,0,無,無,2540500,166372,,0.0,0,,RPQQMLOJRHLGFCB48DA,0.0,0.0,0.0,無,0009
西屯區,房地(土地+建物)+車位,臺中市西屯區福科路３７７巷１號五樓之５,50.76,都市：其他:第一之一種住宅區,,,1150801,土地2建物1車位2,五層,二十四層,住宅大樓(11層含以上有電梯),住家用,鋼筋混凝土造,1130911,269.83,3,2,3,有,有,48250000,206278,坡道平面,64.04,5800000,,RPPOMLRJRHLGFCB48DA,117.76,0.0,16.9,有,
西屯區,房地(土地+建物)+車位,臺中市西屯區福科路３７７巷１號十六樓之５,50.76,都市：其他:第一之一種住宅區,,,1150801,土地2建物1車位2,十六層,二十四層,住宅大樓(11層含以上有電梯),住家用,鋼筋混凝土造,1130911,269.83,3,2,3,有,有,52610000,227465,坡道平面,64.04,5800000,,RPQOMLRJRHLGFCB58DA,117.76,0.0,16.9,有,
西屯區,房地(土地+建物),臺中市西屯區同志巷６０之２８號,75.91,都市：其他:農業區,,,1150826,土地4建物1車位0,全,四層,透天厝,住家用,鋼筋混凝土造,1150212,239.95,4,3,5,有,無,33300000,138779,,0.0,0,,RPPPMLSJRHLGFCB68DA,230.57,0.0,9.31,無,0010
后里區,土地,里城段102地號,1389.25,,特定農業區,農牧用地,1150806,土地3建物0車位0,,,其他,,,,0.0,0,0,0,無,無,4738000,3410,,0.0,0,親友、員工、共有人或其他特殊關係間之交易；農業設施；,RPVOMLQJQHLGFDB98DA,0.0,0.0,0.0,無,
大甲區,房地(土地+建物)+車位,臺中市大甲區工二路４之１７３號,26.74,,工業區,丁種建築用地,1150801,土地1建物1車位1,四層,七層,華廈(10層含以下有電梯),住家用,鋼筋混凝土造,0811101,111.97,3,2,1,有,有,3800000,33938,坡道平面,25.8,0,,RPQOMLSKQHLGFEB88DA,87.27,2.47,8.06,有,0011
大甲區,房地(土地+建物),臺中市大甲區甲后路五段３３５巷２００弄１０號,40.86,都市：其他:住宅區,,,1150817,土地1建物1車位0,全,一層,透天厝,住家用,木石磚造,0590715,24.86,2,1,1,有,無,1200000,48270,,0.0,0,其他增建；,RPSNMLNJRHLGFEB48DA,24.86,0.0,0.0,無,0012
梧棲區,房地(土地+建物),臺中市梧棲區八德東路６５號九樓之８,6.5,都市：其他:第四種商業區,,,1150801,土地1建物1車位0,九層,二十八層,住宅大樓(11層含以上有電梯),住家用,鋼筋混凝土造,1140606,74.3,2,2,1,有,有,5300000,71332,,0.0,0,,RPQNMLKKQHLGFFB08DA,45.5,0.0,3.94,有,0013
沙鹿區,房地(土地+建物),臺中市沙鹿區斗潭路２３０之１號,99.14,都市：其他:第四種住宅區,,,1150808,土地2建物1車位0,全,三層,透天厝,住商用,鋼筋混凝土造,0800605,172.36,4,2,3,有,無,12500000,72523,,0.0,0,,RPSNMLRKQHLGFFB98DA,172.36,0.0,0.0,無,
沙鹿區,房地(土地+建物)+車位,臺中市沙鹿區光明街２２０號二樓之８,22.14,都市：其他:第四種住宅區,,,1150820,土地1建物1車位1,二層,十五層,住宅大樓(11層含以上有電梯),住家用,鋼筋混凝土造,1150513,113.83,2,2,1,有,有,7800000,80289,坡道平面,32.25,1250000,,RPOOMLLLQHLGFFB18DA,49.93,0.0,4.73,有,0014
沙鹿區,房地(土地+建物),臺中市沙鹿區興安路６４之３號四樓之５,4.46,都市：其他:第四種住宅區,,,1150815,土地1建物1車位0,四層,五層,華廈(10層含以下有電梯),住家用,鋼筋混凝土造,1090825,14.330000000000002,1,0,1,有,有,1580000,110258,,0.0,0,夾層；,RPPNMLQLQHLGFFB68DA,7.64,0.0,1.58,有,0015
梧棲區,房地(土地+建物)+車位,臺中市梧棲區四維中路３３２號十二樓之１,9.74,都市：其他:第三種商業區,,,1150803,土地1建物1車位1,十二層,十五層,住宅大樓(11層含以上有電梯),住家用,鋼筋混凝土造,1111229,106.62,2,2,1,有,有,6180000,57963,坡道機械,17.75,0,,RPRNMLSLQHLGFFB09DA,56.55,0.0,3.21,有,0016
梧棲區,房地(土地+建物),臺中市梧棲區信義街１５６巷７０號,99.0,都市：其他:第四種住宅區,,,1150812,土地1建物1車位0,全,四層,透天厝,商業用,鋼筋混凝土造,0940519,213.77,6,2,3,有,無,10000000,46779,,0.0,0,親友、員工、共有人或其他特殊關係間之交易；陽台外推；頂樓加蓋；其他增建；,RPRNMLSJRHLGFFB98DA,199.72,0.0,14.05,無,
新社區,房地(土地+建物),臺中市新社區中和街二段一村巷５８之６號,71.0,,鄉村區,乙種建築用地,1150801,土地1建物1車位0,全,三層,透天厝,住家用,鋼筋混凝土造,0870115,129.02,5,2,2,有,無,3500000,27128,,0.0,0,其他增建；,RPPNMLPJQHLGFGB48DA,124.82,0.0,4.2,無,
潭子區,房地(土地+建物),臺中市潭子區大新路３５號,99.49,都市：其他:第一之二種住宅區,,,1150809,土地1建物1車位0,全,三層,透天厝,住家用,鋼筋混凝土造,1120407,238.71,6,3,7,有,無,36500000,152905,,0.0,0,頂樓加蓋；夾層；其他增建；,RPSNMLNJRHLGFHB78DA,222.98,0.0,15.73,有,0017
烏日區,房地(土地+建物)+車位,臺中市烏日區公園路７７號三樓之２,19.09,都市：其他:第四種住宅區,,,1150810,土地1建物1車位1,三層,十五層,住宅大樓(11層含以上有電梯),住家用,鋼筋混凝土造,1050108,168.72,3,2,2,有,有,15500000,91868,坡道平面,23.67,0,,RPSNMLNKQHLGFIB88DA,82.18,0.83,14.32,有,
太平區,房地(土地+建物)+車位,臺中市太平區環中東路三段２６５號十三樓之３,23.5,都市：其他:住宅區,,,1150803,土地1建物1車位1,十三層,十五層,住宅大樓(11層含以上有電梯),住家用,鋼筋混凝土造,1140321,148.16,3,2,2,有,有,13580000,99623,坡道平面,28.71,1680000,,RPTNMLRJRHLGFJB86DA,68.77,0.0,8.94,有,
龍井區,房地(土地+建物),臺中市龍井區遠東街１９１巷１１號,42.83,都市：其他:第二種住宅區,,,1150803,土地1建物1車位0,一層,四層,公寓(5樓含以下無電梯),住家用,加強磚造,,69.75,3,1,1,有,無,6500000,93190,,0.0,0,後院增建,RPPNMLNJRHLGFKB78DA,69.75,0.0,0.0,無,
大雅區,土地,四德段589-7地號,149.0,都市：其他:乙種工業區,,,1150825,土地1建物0車位0,,,其他,,,,0.0,0,0,0,無,無,9312500,62500,,0.0,0,政府機關標讓售；,RPPNMLSJRHLGFHB09EA,0.0,0.0,0.0,無,
南區,房地(土地+建物)+車位,臺中市南區工學路１５５巷３２弄６號五樓之７,16.83,都市：其他:第三種住宅區。,,,1150816,土地1建物1車位1,五層,十五層,住宅大樓(11層含以上有電梯),住家用,鋼筋混凝土造,1140827,143.9,3,2,2,有,有,16150000,112231,坡道平面,39.53,0,,RPWNMLOLQHLGFAB68DA,65.44,0.0,3.32,有,0018
西區,房地(土地+建物),臺中市西區大業北路９號二樓,25.08,都市：其他:第三種住宅區。,,,1150818,土地1建物1車位0,二層,七層,華廈(10層含以下有電梯),住家用,鋼筋混凝土造,0771221,137.51999999999998,3,2,2,有,有,12288000,89348,,0.0,0,房屋款：1211795元，土地款：11076205元。陽台外推；,RPQNMLKKRHLGFAB67DA,94.75,1.2,16.25,有,
南屯區,房地(土地+建物)+車位,臺中市南屯區文心路一段２７２號,4.09,都市：其他:第二種住宅區,,,1150828,土地1建物1車位10,一層，騎樓,二十二層,住宅大樓(11層含以上有電梯),商辦用,鋼筋混凝土造,0850110,59.93000000000001,0,0,0,無,有,5000000,83417,坡道平面,0.0,0,親友、員工、共有人或其他特殊關係間之交易；,RPXOMLOKQHLGFCB98DA,40.71,0.82,1.03,有,
南屯區,車位,臺中市南屯區龍富路五段２８號二樓之１等公共設施,0.0,,,,1150804,土地0建物1車位1,,,其他,,,,29.35,0,0,0,無,有,2400000,,坡道平面,29.35,2400000,建物坐落地號：三富段82地號；僅車位交易；,RPRNMLTKQHLGFCB78DA,0.0,0.0,0.0,有,0019
西屯區,房地(土地+建物)+車位,臺中市西屯區臺灣大道三段７６５號十五樓之１６,5.59,都市：其他:第四之一種商業區,,,1150821,土地1建物1車位1,十五層,三十六層,住宅大樓(11層含以上有電梯),住家用,鋼骨造,1141028,90.87,2,1,1,有,有,9850000,108397,坡道機械,12.14,0,,RPXNMLPLQHLGFCB09DA,45.34,2.0,4.18,有,0020
西屯區,房地(土地+建物),臺中市西屯區福吉街１號八樓之５,11.07,都市：其他:第三之二種住宅區,,,1150825,土地1建物1車位0,八層,十五層,住宅大樓(11層含以上有電梯),住家用,鋼筋混凝土造,1110217,64.64,1,1,1,有,有,9350000,144647,,0.0,0,,RPXRMLPLQHLGFCB86DA,37.06,0.0,3.7,有,0021
西屯區,房地(土地+建物),臺中市西屯區同志巷６０之１１號,168.75,都市：其他:農業區,,,1150813,土地8建物1車位0,全,四層,透天厝,住家用,鋼筋混凝土造,1150212,239.22,5,3,6,有,無,30250000,126453,,0.0,0,,RPPOMLMJRHLGFCB97DA,229.65,0.0,9.5,有,0022
西屯區,房地(土地+建物)+車位,臺中市西屯區臺灣大道四段１２６８號十二樓之５,16.82,都市：其他:第三之一種住宅區,,,1150807,土地1建物1車位1,十二層,二十六層,住宅大樓(11層含以上有電梯),住家用,鋼筋混凝土造,1020125,228.26,4,2,2,有,有,25560000,111978,坡道平面,22.57,0,,RPRNMLTJRHLGFCB78DA,123.17,1.98,13.75,有,0023
西屯區,房地(土地+建物),臺中市西屯區永福路１３０號八樓之１６,4.0,都市：其他:第三之一種住宅區,,,1150809,土地1建物1車位0,八層,十九層,住宅大樓(11層含以上有電梯),住家用,鋼筋混凝土造,0850527,33.24,0,0,0,無,有,3500000,105295,,0.0,0,,RPSOMLTJRHLGFCB98DA,19.47,0.0,3.97,有,0024
南屯區,房地(土地+建物),臺中市南屯區大墩二街４６號三樓之２,8.45,都市：其他:第二種住宅區,,,1150819,土地1建物1車位0,三層,十三層,住宅大樓(11層含以上有電梯),住家用,鋼筋混凝土造,0880407,82.55000000000001,3,2,1,有,有,9420000,114113,,0.0,0,,RPTOMLTJRHLGFCB09DA,56.29,0.0,6.09,有,
豐原區,房地(土地+建物),臺中市豐原區圓環東路６８４巷３１之１號,57.05,都市：其他:第二種住宅區,,,1150812,土地1建物1車位0,全,四層,透天厝,住家用,ＲＣ鋼筋混凝土造,0990104,163.34,4,2,3,有,無,16880000,103343,,0.0,0,陽台外推；頂樓加蓋；其他增建；,RPQNMLRKQHLGFDB58DA,126.89,13.5,22.95,無,
豐原區,土地,五汴段663地號,67.47,都市：其他:第一之一種住宅區,,,1150807,土地1建物0車位0,,,其他,,,,0.0,0,0,0,無,無,1100000,16304,,0.0,0,,RPQNMLMLQHLGFDB18DA,0.0,0.0,0.0,無,
豐原區,土地,下南坑段828-5地號,189.5,,山坡地保育區,農牧用地,1150829,土地1建物0車位0,,,其他,,,,0.0,0,0,0,無,無,470000,2480,,0.0,0,親友、員工、共有人或其他特殊關係間之交易；,RPPNMLLJRHLGFDB87DA,0.0,0.0,0.0,無,0025
大甲區,土地,孔門段1067地號,38.0,都市：其他:住宅區,,,1150819,土地1建物0車位0,,,其他,,,,0.0,0,0,0,無,無,7800000,205263,,0.0,0,買賣標的物包含未辦保存登記建物一棟未登記建物；,RPTNMLRJRHLGFEB98DA,0.0,0.0,0.0,無,
梧棲區,房地(土地+建物),臺中市梧棲區梧南路１５２之３號,70.0,都市：其他:第四種住宅區,,,1150808,土地1建物1車位0,全,二層,透天厝,住家用,加強磚造,0620420,93.0,5,2,2,有,無,4500000,48387,,0.0,0,,RPPNMLKKRHLGFFB08DA,93.0,0.0,0.0,無,
和平區,土地,雪山段534-9地號,10000.0,,山坡地保育區,林業用地,1150814,土地1建物0車位0,,,其他,,,,0.0,0,0,0,無,無,600000,60,,0.0,0,,RPQNMLTJRHLGFGB09DA,0.0,0.0,0.0,無,
大雅區,土地,上楓段1304-26地號,1.8,都市：其他:道路用地,,,1150812,土地1建物0車位0,,,其他,,,,0.0,0,0,0,無,無,172800,96000,,0.0,0,協議價購；,RPQNMLSJRHLGFHB09DA,0.0,0.0,0.0,無,0026
烏日區,房地(土地+建物),臺中市烏日區溪南路二段１６９巷１號,101.53,,鄉村區,乙種建築用地,1150815,土地2建物1車位0,全,三層,透天厝,住家用,鋼筋混凝土造,0941205,190.51999999999998,4,2,3,有,有,17350000,91067,,0.0,0,其他增建；,RPPNMLTJRHLGFIB56DA,177.85,0.75,7.5,無,
霧峰區,房地(土地+建物),臺中市霧峰區振祥街１號三樓之３,16.22,都市：其他:商業區,,,1150823,土地1建物1車位0,三層,八層,華廈(10層含以下有電梯),住家用,鋼筋混凝土造,0830709,128.43,4,2,2,有,有,5180000,40333,,0.0,0,,RPVOMLTJRHLGFIB27DA,93.86,0.0,9.53,有,0027
大肚區,土地,追分段1585地號,2474.0,都市：其他:農業區,,,1150810,土地1建物0車位0,,,其他,,,,0.0,0,0,0,無,無,19200000,7761,,0.0,0,,RPRNMLNJRHLGFKB98DA,0.0,0.0,0.0,無,
烏日區,土地,溪南西段924地號,34.5,,鄉村區,乙種建築用地,1150805,土地1建物0車位0,,,其他,,,,0.0,0,0,0,無,無,760000,22029,,0.0,0,親友、員工、共有人或其他特殊關係間之交易；,RPPNMLTJRHLGFIB66EA,0.0,0.0,0.0,無,0028
南區,房地(土地+建物),臺中市南區工學二街１１５巷３９號９樓之３,18.08,都市：其他:第三種住宅區。,,,1150809,土地1建物1車位0,九層,十二層,住宅大樓(11層含以上有電梯),住家用,鋼筋混凝土造,0870930,107.44,3,2,2,有,有,7380000,68690,,0.0,0,,RPRNMLPLQHLGFAB28DA,77.77,0.0,6.58,有,0029
中區,房地(土地+建物),臺中市中區成功路３０６巷１０號１６樓之６,3.87,都市：其他:第二種商業區,,,1150810,土地1建物1車位0,十六層,十六層,住宅大樓(11層含以上有電梯),住家用,鋼筋混凝土造,0821102,42.8,1,1,1,有,有,2600000,60748,,0.0,0,,RPRPMLSLQHLGFAB78DA,27.08,0.0,2.07,有,0030
西區,房地(土地+建物),臺中市西區中美街２８巷２號,113.0,都市：其他:第二種住宅區,,,1150810,土地1建物1車位0,全,五層,透天厝,住家用,鋼筋混凝土造,1150330,372.04,6,2,7,有,無,72000000,193528,,0.0,0,,RPVNMLSJRHLGFAB88DA,350.04,0.0,22.0,有,
西區,房地(土地+建物),臺中市西區復興路三段５３巷２５弄２號,81.02,都市：其他:第二種住宅區、第一種商業區,,,1150825,土地1建物1車位0,全,二層,透天厝,住家用,見其他登記事項,0560922,102.88,3,1,2,有,無,5080000,49378,,0.0,0,,RPPNMLKKRHLGFAB57DA,102.88,0.0,0.0,無,
西屯區,房地(土地+建物)+車位,臺中市西屯區逢甲路２２７之２號,23.41,都市：其他:第三之二種住宅區,,,1150815,土地1建物1車位1,一層，二層，騎樓,十四層,住宅大樓(11層含以上有電梯),商辦用,鋼筋混凝土造,0880506,164.18,0,2,2,有,有,20580000,141512,坡道平面,27.23,1200000,其他增建；,RPXNMLPKQHLGFCB98DA,102.06,0.0,11.56,有,
南屯區,房地(土地+建物)+車位,臺中市南屯區公益路二段９９號二十四樓之２,21.28,都市：其他:第四種商業區,,,1150813,土地1建物1車位2,二十四層,二十六層,住宅大樓(11層含以上有電梯),住家用,鋼筋混凝土造,1080125,315.13,2,2,2,有,有,48000000,152318,坡道平面,74.45,0,,RPXOMLNJRHLGFCB88DA,135.69,8.76,15.04,有,0031
西屯區,房地(土地+建物),臺中市西屯區黎明路三段３２６號三樓之６,3.12,都市：其他:第二種商業區,,,1150808,土地1建物1車位0,三層,十三層,住宅大樓(11層含以上有電梯),住家用,鋼筋混凝土造,0840220,24.27,0,0,0,無,有,2180000,89823,,0.0,0,,RPUNMLTJRHLGFCB09DA,14.06,0.0,3.55,有,
南屯區,房地(土地+建物)+車位,臺中市南屯區東興路二段１７９號四樓,38.67,都市：其他:第二種住宅區,,,1150819,土地1建物1車位2,四層,十四層,住宅大樓(11層含以上有電梯),住家用,鋼筋混凝土造,0850210,402.14,5,2,2,有,有,29000000,72112,坡道平面,0.0,0,,RPUOMLTJRHLGFCB56DA,242.02,1.27,25.75,有,
大安區,土地,新三塊厝段219地號,35.63,,鄉村區,乙種建築用地,1150824,土地1建物0車位0,,,其他,,,,0.0,0,0,0,無,無,190000,5333,,0.0,0,,RPRNMLMJRHLGFEB28DA,0.0,0.0,0.0,無,0032
大雅區,土地,秀雅段569地號,33.1,都市：其他:農業區,,,1150827,土地1建物0車位0,,,其他,,,,0.0,0,0,0,無,無,850000,25680,,0.0,0,親友、員工、共有人或其他特殊關係間之交易；,RPSNMLRLQHLGFHB66DA,0.0,0.0,0.0,無,
潭子區,房地(土地+建物),臺中市潭子區豐興路一段３５０巷１之２號,3441.41,,特定農業區,農牧用地,1150828,土地1建物1車位0,全,二層,透天厝,農業用,加強磚造,0790823,197.32,6,2,2,有,無,78000000,395297,,0.0,0,頂樓加蓋；未登記建物；,RPSNMLTJRHLGFHB76DA,186.07,0.0,11.25,無,
潭子區,房地(土地+建物)+車位,臺中市潭子區中山路一段１７號九樓之２,9.42,都市：其他:第一之一種住宅區,,,1150809,土地1建物1車位1,九層,十四層,住宅大樓(11層含以上有電梯),住家用,鋼筋混凝土造,0970225,97.53,2,1,1,有,有,8900000,91254,坡道機械,12.98,0,,RPPOMLTJRHLGFHB56DA,61.92,0.0,0.0,有,
烏日區,房地(土地+建物),臺中市烏日區光明路４７巷１９弄６號,61.08,都市：其他:農業區,,,1150803,土地4建物1車位0,全,四層,透天厝,住家用,鋼筋混凝土造,1150423,161.68,5,2,4,有,有,18680000,115537,,0.0,0,,RPWNMLRJRHLGFIB07DA,158.12,0.0,3.56,無,
霧峰區,房地(土地+建物),臺中市霧峰區峰谷路２１８巷３７號,217.09,,鄉村區,乙種建築用地,1150805,土地1建物1車位0,全,一層,透天厝,住家用,加強磚造,0670830,80.06,3,3,1,有,無,8500000,106170,,0.0,0,,RPWOMLTJRHLGFIB37DA,80.06,0.0,0.0,無,0033
霧峰區,土地,新厝段354地號,81.46,,鄉村區,乙種建築用地,1150828,土地1建物0車位0,,,其他,,,,0.0,0,0,0,無,無,12320000,151240,,0.0,0,,RPRPMLTJRHLGFIB96DA,0.0,0.0,0.0,無,
太平區,房地(土地+建物),臺中市太平區中山路一段３２２巷１６號一樓之１,12.34,,鄉村區,乙種建築用地,1150808,土地1建物1車位0,一層,五層,華廈(10層含以下有電梯),住家用,鋼筋混凝土造,1150126,40.55,1,1,1,有,有,4500000,110974,,0.0,0,,RPXNMLRJRHLGFJB27DA,27.2,0.0,1.65,有,
太平區,房地(土地+建物),臺中市太平區中山路一段３２２巷１６號二樓之３,12.34,,鄉村區,乙種建築用地,1150816,土地1建物1車位0,二層,五層,華廈(10層含以下有電梯),住家用,鋼筋混凝土造,1150126,40.4,1,1,1,有,有,4200000,103960,,0.0,0,,RPOQMLTJRHLGFJB86DA,26.0,0.0,2.75,有,
龍井區,房地(土地+建物)+車位,臺中市龍井區新仁路２２巷４９號二樓,25.06,,鄉村區,乙種建築用地,1150801,土地1建物1車位1,二層,八層,華廈(10層含以下有電梯),住家用,鋼筋混凝土造,1080402,123.86000000000001,2,2,1,有,有,9200000,84703,坡道機械,25.87,900000,,RPPNMLQKQHLGFKB09DA,58.58,2.45,5.56,有,0034
大肚區,土地,興和段1116地號,307.27,都市：其他:農業區,,,1150818,土地4建物0車位0,,,其他,,,,0.0,0,0,0,無,無,805000,2620,,0.0,0,親友、員工、共有人或其他特殊關係間之交易；,RPQNMLTJRHLGFKB86DA,0.0,0.0,0.0,無,0035
外埔區,土地,下土城段336地號,97.0,,特定農業區,水利用地,1150807,土地1建物0車位0,,,其他,,,,0.0,0,0,0,無,無,94365,973,,0.0,0,地清或未辦繼承標售；,RPQNMLOKRHLGFEB58EA,0.0,0.0,0.0,無,
西區,房地(土地+建物),臺中市西區中華路一段１－７號２１樓之２０,2.6,都市：其他:第一種商業區,,,1150807,土地1建物1車位0,二十一層,二十二層,住宅大樓(11層含以上有電梯),住家用,鋼骨鋼筋混凝土造,0850119,41.93,1,0,1,有,有,2600000,62008,,0.0,0,,RPVNMLKLQHLGFAB18DA,19.94,0.0,2.47,有,
南區,房地(土地+建物),臺中市南區工學北路８６號６樓之２８,1.74,都市：其他:第三種商業區,,,1150829,土地1建物1車位0,六層,十八層,住宅大樓(11層含以上有電梯),住家用,鋼筋混凝土造,0850506,29.07,1,1,1,有,有,2000000,68799,,0.0,0,陽台外推；,RPXQMLLMQHLGFAB88DA,14.98,0.0,4.69,有,
西區,房地(土地+建物)+車位,臺中市西區臺灣大道二段４１９號九樓之５,23.54,都市：其他:第三種商業區,,,1150811,土地1建物1車位1,九層,十二層,住宅大樓(11層含以上有電梯),住家用,鋼筋混凝土造,0980723,247.6,4,2,2,有,有,27680000,111793,坡道平面,37.16,0,陽台外推；,RPQOMLLJRHLGFAB77DA,125.82,2.67,14.33,有,
西區,房地(土地+建物),臺中市西區五權五街２１０巷１３號,37.33,都市：其他:第三種住宅區。,,,1150801,土地1建物1車位0,全,二層,透天厝,住家用,鐵筋加強磚,0630703,48.54,4,2,2,有,無,8750000,180264,,0.0,0,親友、員工、共有人或其他特殊關係間之交易；,RPVNMLNJRHLGFAB38DA,48.54,0.0,0.0,無,0036
西區,房地(土地+建物),臺中市西區五權五街２１０巷１３號,37.33,都市：其他:第三種住宅區。,,,1150801,土地1建物1車位0,全,二層,透天厝,住家用,鐵筋加強磚,0630703,48.54,4,2,2,有,無,8750000,180264,,0.0,0,親友、員工、共有人或其他特殊關係間之交易；,RPWNMLNJRHLGFAB48DA,48.54,0.0,0.0,無,0036
南區,房地(土地+建物)+車位,臺中市南區福田二街１８２號九樓之１,23.01,都市：其他:第三種住宅區。,,,1150809,土地2建物1車位2,九層,十五層,住宅大樓(11層含以上有電梯),住家用,鋼筋混凝土造,1150516,179.42000000000002,3,2,2,有,有,20300000,113142,坡道平面,54.22,0,,RPRNMLLKRHLGFAB87DA,75.82,0.0,6.68,有,0038
西區,房地(土地+建物)+車位,臺中市西區精誠十六街１８號２樓之８,23.88,都市：其他:第二種商業區,,,1150813,土地1建物1車位1,二層,八層,華廈(10層含以下有電梯),住家用,鋼筋混凝土造,0870715,136.57,3,2,2,有,有,12500000,91528,坡道機械,9.36,0,,RPUNMLLKRHLGFAB18DA,87.51,0.0,7.22,有,
西屯區,房地(土地+建物)+車位,臺中市西屯區惠中三街２１號九樓之５,22.58,都市：其他:第六種新市政中心專用區,,,1150803,土地1建物1車位2,九層,三十四層,住宅大樓(11層含以上有電梯),住家用,鋼骨鋼筋混凝土造,1020207,393.69,4,2,4,有,有,43500000,117073,坡道平面,34.94,1500000,,RPROMLLLQHLGFCB18DA,206.39,6.97,25.66,有,
西屯區,房地(土地+建物),臺中市西屯區寧夏路５９之３號,26.88,都市：其他:第二種住宅區,,,1150824,土地1建物1車位0,四層,五層,公寓(5樓含以下無電梯),住家用,鋼筋混凝土造,0720413,88.04,3,2,2,有,無,5236000,59473,,0.0,0,,RPOQMLQLQHLGFCB58DA,81.74,0.0,6.3,無,
西屯區,房地(土地+建物)+車位,臺中市西屯區工業區一路９６之９號三樓之１,16.62,都市：其他:第三種住宅區。,,,1150822,土地1建物1車位1,三層,十二層,住宅大樓(11層含以上有電梯),住家用,鋼筋混凝土造,0970711,139.0,3,2,2,有,有,13380000,96259,坡道平面,27.12,0,夾層；其他增建；,RPPTMLRLQHLGFCB09DA,69.26,2.19,7.88,有,0039
南屯區,房地(土地+建物)+車位,臺中市南屯區大墩十一街５４３號九樓之２,11.24,都市：其他:第三種住宅區。,,,1150815,土地1建物1車位1,九層,十四層,住宅大樓(11層含以上有電梯),住家用,鋼筋混凝土造,0851214,124.84,3,2,2,有,有,12500000,100128,坡道機械,0.0,0,陽台外推；,RPPRMLNJRHLGFCB38DA,70.6,3.52,9.83,有,
西屯區,房地(土地+建物),臺中市西屯區國安一路２０６巷９號九樓之３,26.03,都市：其他:第六種住宅區,,,1150819,土地1建物1車位0,九層,十二層,住宅大樓(11層含以上有電梯),住家用,鋼筋混凝土造,0850615,131.23000000000002,3,2,2,有,有,7600000,57914,,0.0,0,,RPRNMLNKRHLGFCB28DA,71.56,2.2,7.67,有,0040
豐原區,土地,萬順段1294地號,111.53,都市：其他:斷層帶住宅限建區,,,1150816,土地25建物0車位0,,,其他,,,,0.0,0,0,0,無,無,1700000,15243,,0.0,0,,RPQNMLKKRHLGFDB97DA,0.0,0.0,0.0,無,0041
沙鹿區,房地(土地+建物)+車位,臺中市沙鹿區正德路８０號三樓之７,37.18,都市：其他:第二種住宅區,,,1150808,土地1建物1車位1,三層,十層,華廈(10層含以下有電梯),住家用,鋼筋混凝土造,1140627,127.61000000000001,3,2,2,有,有,11200000,87767,坡道平面,25.15,0,,RPROMLLJRHLGFFB38DA,64.67,0.0,3.34,有,0042
沙鹿區,房地(土地+建物),臺中市沙鹿區福田北街１７２號,46.7,都市：其他:第四種住宅區,,,1150819,土地3建物1車位0,全,三層,透天厝,住家用,鋼筋混凝土造,0810625,73.57,4,2,2,有,無,4500000,61166,,0.0,0,親友、員工、共有人或其他特殊關係間之交易；,RPPNMLLKRHLGFFB18DA,73.57,0.0,0.0,無,0043
東勢區,土地,下新段359地號,4845.18,都市：其他:道路用地,,,1150810,土地1建物0車位0,,,其他,,,,0.0,0,0,0,無,無,80000000,16511,,0.0,0,,RPQNMLOJRHLGFGB58DA,0.0,0.0,0.0,無,
潭子區,房地(土地+建物),臺中市潭子區潭興路一段１０３號,98.76,,鄉村區,乙種建築用地,1150831,土地1建物1車位0,全,三層,透天厝,住商用,鋼筋混凝土造,0950524,185.06,4,2,3,有,有,19000000,102669,,0.0,0,頂樓加蓋；其他增建；,RPTNMLTJRHLGFHB86DA,166.5,0.0,18.56,無,
潭子區,房地(土地+建物),臺中市潭子區勝利六街１２之１號九樓,6.62,都市：其他:第一之二種住宅區,,,1150804,土地1建物1車位0,九層,十三層,住宅大樓(11層含以上有電梯),住家用,鋼筋混凝土造,0851118,57.620000000000005,2,1,1,有,有,4500000,78098,,0.0,0,,RPOOMLTJRHLGFHB09DA,38.12,0.84,4.64,有,
太平區,房地(土地+建物)+車位,臺中市太平區新安街１１１號六樓之６,38.29,都市：其他:住宅區,,,1150809,土地1建物1車位2,六層,十五層,住宅大樓(11層含以上有電梯),住家用,鋼筋混凝土造,1051019,249.69,4,2,2,有,有,25380000,116363,坡道平面,57.36,3000000,其他增建；,RPPNMLTJQHLGFJB56DA,109.95,5.26,13.38,有,
霧峰區,房地(土地+建物),臺中市霧峰區吉峰路１０５巷１６弄８號,54.7,,鄉村區,乙種建築用地,1150824,土地2建物1車位0,全,四層,透天厝,住家用,鋼筋混凝土造,0811028,101.61,5,3,3,有,無,5800000,57081,,0.0,0,,RPPNMLLKRHLGFIB58EA,93.44,1.55,6.62,無,0044
西區,房地(土地+建物)+車位,臺中市西區臺灣大道二段４９８號二十二樓之六,16.48,都市：其他:第三種商業區,,,1150816,土地1建物1車位2,二十二層,二十六層,住宅大樓(11層含以上有電梯),住家用,鋼筋混凝土造,1011121,239.81,3,2,2,有,有,28500000,118844,坡道平面,55.18,0,,RPPQMLLLQHLGFAB97DA,102.36,8.75,14.32,有,
東區,房地(土地+建物),臺中市東區十甲路４３１號１０樓之７,3.82,都市：其他:第二種住宅區,,,1150821,土地1建物1車位0,十層,十二層,住宅大樓(11層含以上有電梯),住家用,鋼筋混凝土造,0830322,30.549999999999997,1,0,1,有,有,2650000,86743,,0.0,0,,RPXNMLOLQHLGFAB78DA,20.37,0.0,2.94,有,0045
南區,房地(土地+建物),臺中市南區南和路２０９號１４樓之１,11.48,都市：其他:第三種住宅區。,,,1150805,土地1建物1車位0,十四層,十六層,住宅大樓(11層含以上有電梯),住家用,鋼筋混凝土造,0820519,129.2,4,2,2,有,有,8250000,63854,,0.0,0,陽台外推；其他增建；,RPQQMLRLQHLGFAB68DA,90.65,0.0,6.91,有,0046
南區,房地(土地+建物),臺中市南區南和路１７７號１０樓之３,7.82,都市：其他:第三種住宅區。,,,1150802,土地1建物1車位0,十層,二十二層,住宅大樓(11層含以上有電梯),住家用,鋼筋混凝土造,0840315,110.91000000000001,2,2,2,有,有,7500000,67622,,0.0,0,其他增建；,RPVNMLSLQHLGFAB98DA,71.51,0.0,10.92,有,
西區,房地(土地+建物)+車位,臺中市西區臺灣大道二段４１９號九樓之３,23.54,都市：其他:第三種商業區,,,1150811,土地1建物1車位1,九層,十二層,住宅大樓(11層含以上有電梯),住家用,鋼筋混凝土造,0980723,247.72,4,2,2,有,有,27680000,111739,坡道平面,37.16,0,陽台外推；,RPPOMLLJRHLGFAB67DA,125.94,2.67,14.33,有,
西區,房地(土地+建物),臺中市西區華美街３７２巷２號３樓,25.0,都市：其他:第二種住宅區,,,1150820,土地1建物1車位0,三層,四層,公寓(5樓含以下無電梯),住家用,鐵筋加強磚,0630404,57.16,2,2,1,有,無,3650000,63856,,0.0,0,,RPUOMLTJRHLGFAB98DA,57.16,0.0,0.0,無,
西區,土地,利民段四小段1-24地號,28.0,都市：其他:第二種住宅區,,,1150820,土地1建物0車位0,,,其他,,,,0.0,1,1,1,有,無,3200000,114286,,0.0,0,未登記建物；未登記建物；,RPVNMLKKRHLGFAB18DA,0.0,0.0,0.0,無,
西屯區,房地(土地+建物)+車位,臺中市西屯區至善路３８巷５８號三樓之６,12.64,都市：其他:第二種商業區,,,1150812,土地6建物1車位1,三層,十層,華廈(10層含以下有電梯),住家用,鋼筋混凝土造,0980121,96.78,1,1,1,有,有,10100000,119430,坡道機械,18.91,800000,,RPSTMLMKQHLGFCB78DA,44.62,2.16,3.34,有,0047
西屯區,房地(土地+建物),臺中市西屯區永福路１３２號五樓之８,4.96,都市：其他:第三之一種住宅區,,,1150823,土地1建物1車位0,五層,十九層,住宅大樓(11層含以上有電梯),住家用,鋼筋混凝土造,0850527,41.89,1,0,1,有,有,3960000,94533,,0.0,0,,RPSNMLNLQHLGFCB38DA,23.47,0.0,6.51,有,0048
西屯區,車位,臺中市西屯區中工二路１５０號等公共設施,0.0,,,,1150808,土地0建物1車位2,,,其他,,,,54.27,0,0,0,無,無,550000,,升降機械,0.0,0,建物坐落地號：福安段604地號；僅車位交易；,RPSOMLOLQHLGFCB58DA,0.0,0.0,0.0,無,
西屯區,房地(土地+建物)+車位,臺中市西屯區惠中路１４８巷９８號八樓之２,23.8,都市：其他:第三之二種住宅區,,,1150821,土地1建物1車位2,八層,二十七層,住宅大樓(11層含以上有電梯),住家用,鋼筋混凝土造,1140331,212.84,3,2,2,有,有,39500000,185585,坡道平面,63.64,0,,RPRQMLSLQHLGFCB09DA,87.67,0.0,9.3,有,0049
西屯區,房地(土地+建物)+車位,臺中市西屯區國安一路１６３號十樓之１,26.76,都市：其他:第六種住宅區,,,1150830,土地1建物1車位3,十層,二十三層,住宅大樓(11層含以上有電梯),住家用,鋼筋混凝土造,0970630,317.93,4,2,3,有,有,32200000,101280,坡道平面,49.83,0,其他增建；,RPUTMLLJRHLGFCB88DA,165.64,3.3,19.24,有,
南屯區,房地(土地+建物)+車位,臺中市南屯區龍富十二街９號三樓之１,30.11,都市：其他:第一之B種住宅區,,,1150812,土地2建物1車位1,三層,十一層,住宅大樓(11層含以上有電梯),住家用,鋼筋混凝土造,1070724,140.07,3,2,2,有,有,16460000,117513,坡道平面,23.3,0,,RPRPMLSJRHLGFCB88DA,63.39,6.69,6.02,有,0050
沙鹿區,土地,公館南段61-1地號,574.31,都市：其他:農業區,,,1150819,土地1建物0車位0,,,其他,,,,0.0,0,0,0,無,無,12904746,22470,,0.0,0,畸零地或有合併使用效益；政府機關標讓售；,RPXNMLTJRHLGFFB07DA,0.0,0.0,0.0,無,
沙鹿區,房地(土地+建物)+車位,臺中市沙鹿區永寧路一段６８號七樓之２,19.44,都市：其他:第四種住宅區,,,1150803,土地1建物1車位1,七層,十五層,住宅大樓(11層含以上有電梯),住家用,鋼筋混凝土造,1140310,143.84,3,2,2,有,有,12000000,86091,坡道平面,24.78,1750000,,RPVNMLLKRHLGFFB78DA,71.41,0.0,8.25,有,
沙鹿區,房地(土地+建物),臺中市沙鹿區中清路六段３２５號,132.14,都市：其他:第二種住宅區,,,1150811,土地1建物1車位0,全,四層,透天厝,住家用,鋼筋混凝土造,1121110,297.33,6,2,8,有,無,28890000,97165,,0.0,0,,RPTOMLPKRHLGFFB09DA,275.31,0.0,22.02,無,
東勢區,土地,東勢段石角小段30-1地號,2285.0,,山坡地保育區,農牧用地,1150818,土地3建物0車位0,,,其他,,,,0.0,0,0,0,無,無,2500000,1094,,0.0,0,,RPRNMLNJRHLGFGB58DA,0.0,0.0,0.0,無,
東勢區,土地,民誠段935地號,531.69,,特定農業區,農牧用地,1150811,土地1建物0車位0,,,其他,,,,0.0,0,0,0,無,無,2000000,3762,,0.0,0,,RPRNMLOJRHLGFGB68DA,0.0,0.0,0.0,無,0051
大雅區,房地(土地+建物)+車位,臺中市大雅區神林路一段６６０巷６０號十樓之３,31.15,,特定農業區,甲種建築用地,1150809,土地3建物1車位1,十層,十一層,住宅大樓(11層含以上有電梯),住家用,鋼筋混凝土造,1131114,134.74,3,2,2,有,有,13000000,106931,坡道平面,30.0,1800000,,RPRNMLTJQHLGFHB56DA,62.59,0.0,6.58,有,
大雅區,土地,三和段753地號,75.0,都市：其他:農業區,,,1150827,土地1建物0車位0,,,其他,,,,0.0,0,0,0,無,無,1800000,24000,,0.0,0,未登記建物；,RPSNMLKKRHLGFHB58DA,0.0,0.0,0.0,無,
大雅區,房地(土地+建物),臺中市大雅區神林南路１７３巷１弄９號三樓,16.0,都市：其他:第二種住宅區,,,1150809,土地1建物1車位0,三層,五層,公寓(5樓含以下無電梯),住家用,鋼筋混凝土造,0701219,52.35,2,2,1,有,無,3650000,69723,,0.0,0,,RPPNMLLKRHLGFHB38DA,45.2,0.0,7.15,無,0052
烏日區,房地(土地+建物)+車位,臺中市烏日區榮泉路２１８號十五樓之１,21.87,都市：其他:商業區,,,1150820,土地1建物1車位1,十五層,十五層,住宅大樓(11層含以上有電梯),住家用,鋼筋混凝土造,1150624,159.48,3,2,2,有,有,19500000,133914,坡道平面,28.65,1980000,,RPQNMLTJRHLGFIB66DA,76.47,0.0,9.16,有,
烏日區,房地(土地+建物)+車位,臺中市烏日區三榮北一路１９號四樓之１,15.67,都市：其他:商業區,,,1150820,土地1建物1車位1,四層,十五層,住宅大樓(11層含以上有電梯),住家用,鋼筋混凝土造,1080605,124.53999999999999,2,2,1,有,有,12000000,96355,坡道平面,30.99,0,,RPPNMLOKRHLGFIB78DA,56.8,0.0,7.28,有,0053
太平區,房地(土地+建物),臺中市太平區東方二街１８巷３號,81.06,,山坡地保育區,丙種建築用地,1150818,土地1建物1車位0,全,四層,透天厝,住家用,鋼筋混凝土造,0861103,149.19,5,2,3,有,有,9100000,60996,,0.0,0,其他增建；,RPSNMLLJRHLGFJB78DA,129.75,0.0,19.44,無,0054
太平區,土地,東和段219-1地號,66.04,,,,1150827,土地3建物0車位0,,,其他,,,,0.0,0,0,0,無,無,740000,11205,,0.0,0,買方另額外負擔賣方之實價登錄費、簽約費、履保費等費用親友、員工、共有人或其他特殊關係間之交易；,RPVNMLKKRHLGFJB09DA,0.0,0.0,0.0,無,
太平區,建物,臺中市太平區祥順路一段１０２號,0.0,,,,1150828,土地0建物1車位0,全,四層,透天厝,住商用,鋼筋混凝土造,1090429,600.04,5,2,6,有,無,16200000,26998,,0.0,0,建物坐落地號：豐中段63-1地號；未登記建物；,RPTNMLLKRHLGFJB98DA,561.4,0.0,38.64,有,
太平區,房地(土地+建物)+車位,臺中市太平區育才路１７３號十樓之３,32.96,都市：其他:住宅區,,,1150828,土地1建物1車位1,十層,十五層,住宅大樓(11層含以上有電梯),住家用,鋼筋混凝土造,1150113,187.37,4,2,2,有,有,18800000,100336,坡道平面,28.23,0,,RPSNMLOKRHLGFJB56DA,98.88,0.0,10.0,有,0055
西區,房地(土地+建物),臺中市西區向上路１段２８９巷９號７樓之４,10.66,都市：其他:第二種住宅區,,,1150810,土地1建物1車位0,七層,八層,華廈(10層含以下有電梯),住家用,鋼筋混凝土造,0821124,69.87,2,1,1,有,有,4500000,64405,,0.0,0,親友、員工、共有人或其他特殊關係間之交易；,RPPNMLOKRHLGFAB08EA,42.08,2.03,1.86,有,
西區,房地(土地+建物),臺中市西區樂群街４３４號,58.84,都市：其他:第二種住宅區,,,1150820,土地2建物1車位0,全,三層,透天厝,商業用,鐵筋加強磚造,0640111,111.28,4,1,3,有,無,15000000,134795,,0.0,0,,RPPNMLPKRHLGFAB18EA,111.28,0.0,0.0,無,
中區,房地(土地+建物),臺中市中區臺灣大道一段３２９號七樓之５,3.57,都市：其他:第二種商業區,,,1150826,土地1建物1車位0,七層,十二層,住宅大樓(11層含以上有電梯),商業用,鋼筋混凝土造,0810914,36.22,1,0,1,有,有,2220000,61292,,0.0,0,陽台外推；,RPOPMLNJRHLGFAB87DA,23.84,0.0,4.5,有,0056
南區,土地,頂橋子頭段116-19地號,15.85,都市：其他:第二種住宅區,,,1150824,土地1建物0車位0,,,其他,,,,0.0,0,0,0,無,無,1025588,64706,,0.0,0,包含公共設施保留地用地；,RPXNMLSJRHLGFAB09DA,0.0,0.0,0.0,無,
南區,房地(土地+建物)+車位,臺中市南區新華街１５８號十四樓之８,19.38,都市：其他:第五種住宅區,,,1150825,土地3建物1車位2,十四層,二十六層,住宅大樓(11層含以上有電梯),住家用,鋼筋混凝土造,1150528,201.6,3,2,2,有,有,26000000,128968,坡道平面,62.04,0,,RPXNMLTJRHLGFAB56DA,83.13,0.0,9.14,有,0057
西區,土地,麻園頭段75-4地號,32.0,都市：其他:道路用地,,,1150814,土地1建物0車位0,,,其他,,,,0.0,0,0,0,無,無,4840000,151250,,0.0,0,包含公共設施保留地用地；,RPPNMLMKRHLGFAB77DA,0.0,0.0,0.0,無,
中區,房地(土地+建物),臺中市中區中華路一段１２１號１２樓之２３,1.65,都市：其他:第一種商業區,,,1150830,土地1建物1車位0,十二層,十九層,住宅大樓(11層含以上有電梯),住家用,鋼骨鋼筋混凝土造,0850520,34.08,1,0,1,有,有,2100000,61620,,0.0,0,陽台外推；夾層；,RPWNMLOKRHLGFAB68DA,20.21,1.48,1.98,有,0058
西屯區,房地(土地+建物),臺中市西屯區弘孝路２５７號二樓之７,13.79,都市：其他:第二種住宅區,,,1150823,土地1建物1車位0,二層,十層,華廈(10層含以下有電梯),住家用,鋼筋混凝土造,0830430,102.39999999999999,3,2,2,有,有,8230000,80371,,0.0,0,其他增建；,RPRNMLNLQHLGFCB28DA,86.08,2.06,4.71,有,
西屯區,房地(土地+建物)+車位,臺中市西屯區櫻城一街８０之２號六樓之２,31.72,都市：其他:第二種住宅區,,,1150818,土地1建物1車位1,六層，七層,八層,華廈(10層含以下有電梯),住家用,鋼筋混凝土造,0840510,198.04999999999998,4,2,2,有,有,8200000,41404,坡道機械,0.0,0,其他增建；,RPSOMLPLQHLGFCB68DA,121.62,17.08,12.78,有,
西屯區,房地(土地+建物)+車位,臺中市西屯區福科二路５２號十八樓之３,41.23,都市：其他:第二種住宅區,,,1150809,土地1建物1車位2,十八層,二十一層,住宅大樓(11層含以上有電梯),住家用,鋼筋混凝土造,1030226,315.6,3,2,2,有,有,39000000,123574,坡道平面,65.02,0,,RPWOMLSJRHLGFCB66DA,146.29,2.83,20.74,有,0059
南屯區,房地(土地+建物),臺中市南屯區大墩六街２３９號七樓之５,9.39,都市：其他:第二種住宅區,,,1150810,土地1建物1車位0,七層,七層,華廈(10層含以下有電梯),住家用,鋼筋混凝土造,0861206,55.2,1,1,1,有,有,5250000,95109,,0.0,0,,RPPNMLKKRHLGFCB77DA,34.21,0.0,3.49,有,
西屯區,房地(土地+建物)+車位,臺中市西屯區華美西街二段３５３號四樓之１,33.42,都市：其他:第二種住宅區,,,1150825,土地1建物1車位1,四層,十二層,住宅大樓(11層含以上有電梯),住家用,鋼筋混凝土造,1050506,200.23000000000002,4,2,2,有,有,25500000,127354,坡道平面,30.89,0,,RPXPMLKKRHLGFCB78DA,101.03,0.0,11.23,有,
西屯區,房地(土地+建物)+車位,臺中市西屯區長安路二段１４１號四樓之１,12.68,都市：其他:第二種住宅區,,,1150828,土地1建物1車位1,四層,九層,華廈(10層含以下有電梯),住家用,鋼筋混凝土造,0851223,87.48,2,2,1,有,有,7800000,89163,坡道機械,13.3,0,,RPROMLPKRHLGFCB58DA,48.36,1.47,4.23,有,0060
豐原區,房地(土地+建物),臺中市豐原區直興街５２號二樓之３,6.1,都市：其他:第二種商業區,,,1150821,土地1建物1車位0,二層,七層,華廈(10層含以下有電梯),住家用,鋼筋混凝土造,1131025,35.84,1,1,1,有,有,4400000,122768,,0.0,0,,RPSNMLPKRHLGFDB68DA,18.22,0.0,1.54,有,0061
大甲區,房地(土地+建物),臺中市大甲區和平路２５１號,77.0,都市：其他:住宅區,,,1150806,土地1建物1車位0,全,二層,透天厝,住商用,鋼筋混凝土加強磚造,0681031,124.9,6,2,3,有,無,2890000,23139,,0.0,0,親友、員工、共有人或其他特殊關係間之交易；其他增建；,RPQNMLQKRHLGFEB68DA,124.9,0.0,0.0,無,
外埔區,房地(土地+建物),臺中市外埔區中山路１０２號,115.28,都市：其他:第一種住宅區,,,1150814,土地1建物1車位0,全,二層,透天厝,住家用,加強磚造,0770612,157.55,7,2,3,有,無,3000000,19042,,0.0,0,親友、員工、共有人或其他特殊關係間之交易；其他增建；,RPRNMLQKRHLGFEB78DA,157.55,0.0,0.0,無,
潭子區,土地,僑忠段40-1地號,4.2,都市：其他:農業區,,,1150821,土地2建物0車位0,,,其他,,,,0.0,0,0,0,無,無,158886,37830,,0.0,0,政府機關標讓售；,RPQNMLPKRHLGFHB88DA,0.0,0.0,0.0,無,
烏日區,房地(土地+建物),臺中市烏日區自強街４５號,101.33,都市：其他:第三種住宅區。,,,1150801,土地1建物1車位0,全,二層,透天厝,住商用,加強磚造,0680412,120.11,2,2,2,有,無,12000000,99908,,0.0,0,特殊交易房屋老舊其他增建；,RPSNMLNJRHLGFIB88DA,120.11,0.0,0.0,無,
西區,土地,麻園頭段77-65地號,1.74,都市：其他:第二之一種商業區,,,1150818,土地1建物0車位0,,,其他,,,,0.0,0,0,0,無,無,116667,67050,,0.0,0,地清或未辦繼承標售；,RPQNMLOKRHLGFAB18EA,0.0,0.0,0.0,無,0062
西屯區,房地(土地+建物),臺中市西屯區寶慶街３０巷９號八樓之４７,6.45,都市：其他:第三種商業區,,,1150827,土地1建物1車位0,八層,十二層,住宅大樓(11層含以上有電梯),住家用,鋼筋混凝土造,0830509,70.1,2,1,1,有,有,6800000,97004,,0.0,0,,RPPNMLLKRHLGFCB97EA,43.08,0.0,7.04,有,0063
南區,房地(土地+建物)+車位,臺中市南區福田二街１７２號五樓之２,28.95,都市：其他:第三種住宅區。,,,1150719,土地2建物1車位2,五層,十五層,住宅大樓(11層含以上有電梯),住家用,鋼筋混凝土造,1150516,211.69,4,2,2,有,有,26060000,139455,坡道平面,54.22,4100000,預售屋、或土地及建物分件登記案件；,RPSNMLLLQHLGFAB97DA,95.61,0.0,8.1,有,
南區,房地(土地+建物)+車位,臺中市南區福田二街１８０號九樓之１,23.65,都市：其他:第三種住宅區。,,,1150710,土地2建物1車位1,九層,十五層,住宅大樓(11層含以上有電梯),住家用,鋼筋混凝土造,1150516,155.95999999999998,3,2,2,有,有,21500000,150175,坡道平面,27.11,2150000,預售屋、或土地及建物分件登記案件；,RPUOMLLLQHLGFAB28DA,77.33,0.0,7.56,有,
南區,房地(土地+建物)+車位,臺中市南區文心南路８８８號十一樓之十一,18.46,都市：其他:第三種住宅區。,,,1150718,土地1建物1車位1,十一層,十五層,住宅大樓(11層含以上有電梯),住家用,鋼筋混凝土造,1000127,176.1,4,2,2,有,有,19000000,112331,坡道平面,17.64,1200000,,RPTNMLRJRHLGFAB58DA,88.21,5.52,14.27,有,
南區,房地(土地+建物),臺中市南區南和路１４２巷２８號,107.61,都市：其他:第三種住宅區。,,,1150708,土地2建物1車位0,全,二層,透天厝,住家用,見其他登記事項,0630731,90.84,4,2,2,有,無,11500000,126596,,0.0,0,含地政士服務費15500元；頂樓加蓋；其他增建；,RPRNMLSJRHLGFAB48DA,90.84,0.0,0.0,無,
西屯區,房地(土地+建物)+車位,臺中市西屯區工業區一路９８之３０號七樓之１,11.17,都市：其他:第三種住宅區。,,,1150729,土地1建物1車位1,七層,十三層,住宅大樓(11層含以上有電梯),住家用,鋼筋混凝土造,0840113,118.71000000000001,3,2,2,有,有,8000000,67391,坡道機械,0.0,0,親友、員工、共有人或其他特殊關係間之交易；,RPVOMLNJQHLGFCB58DA,76.08,0.0,11.34,有,
西屯區,房地(土地+建物),臺中市西屯區太原路一段１８７號二樓之６,13.12,都市：其他:第二種住宅區,,,1150704,土地1建物1車位0,二層,八層,華廈(10層含以下有電梯),住家用,鋼筋混凝土造,0970418,61.459999999999994,1,1,1,有,有,6700000,109014,,0.0,0,,RPWOMLOJQHLGFCB78DA,32.62,2.94,5.13,有,0064
西屯區,房地(土地+建物)+車位,臺中市西屯區大恩街５號十二樓之２,24.81,都市：其他:第二種住宅區,,,1150712,土地1建物1車位1,十二層,十二層,住宅大樓(11層含以上有電梯),住家用,鋼筋混凝土造,0851118,199.01,4,2,2,有,有,14800000,74368,坡道平面,0.0,0,,RPSQMLOJQHLGFCB58DA,112.89,0.99,13.06,有,
西屯區,房地(土地+建物)+車位,臺中市西屯區臺灣大道四段１２３０巷３３號三樓之１,36.7,都市：其他:第一之一種住宅區,,,1150702,土地1建物1車位1,三層,七層,華廈(10層含以下有電梯),住家用,鋼筋混凝土造,1150411,101.33000000000001,2,2,1,有,有,11850000,153574,坡道機械,30.68,1000000,,RPUSMLKKQHLGFCB68DA,45.19,0.0,3.4,有,
西屯區,房地(土地+建物)+車位,臺中市西屯區國安二路１７９號十八樓之５,13.71,都市：其他:第六種住宅區,,,1150729,土地1建物1車位1,十八層,二十二層,住宅大樓(11層含以上有電梯),住家用,鋼筋混凝土造,1070503,136.9,2,2,1,有,有,17600000,128561,坡道平面,42.02,0,,RPTUMLKKQHLGFCB78DA,56.21,0.0,6.17,有,0065
南屯區,房地(土地+建物)+車位,臺中市南屯區保安五街２０８號七樓之１１,21.88,都市：其他:第二種住宅區,,,1150723,土地1建物1車位1,七層,七層,華廈(10層含以下有電梯),住家用,鋼筋混凝土造,0830719,141.37,3,2,2,有,有,6690000,47323,坡道機械,0.0,0,親友、員工、共有人或其他特殊關係間之交易；,RPUUMLKKQHLGFCB88DA,88.45,0.79,13.53,有,
南屯區,房地(土地+建物)+車位,臺中市南屯區嶺東南路１８１號十四樓之１,16.47,都市：其他:第五種住宅區,,,1150710,土地1建物1車位1,十四層,十五層,住宅大樓(11層含以上有電梯),住家用,鋼筋混凝土造,1060315,158.99,3,2,2,有,有,15600000,98119,坡道平面,34.1,0,,RPWPMLKLQHLGFCB68DA,72.24,3.06,8.1,有,0066
南屯區,房地(土地+建物)+車位,臺中市南屯區忠勇路５２之２３８號八樓,9.99,都市：其他:第三之二種住宅區,,,1150719,土地1建物1車位1,八層,十四層,住宅大樓(11層含以上有電梯),住家用,鋼筋混凝土造,1010926,107.31,2,2,1,有,有,11000000,102507,坡道機械,13.16,0,,RPWPMLLLQHLGFCB78DA,53.57,1.03,9.58,有,
西屯區,房地(土地+建物)+車位,臺中市西屯區臺灣大道三段１１６號九樓之２,16.23,都市：其他:第五種住宅區,,,1150715,土地2建物1車位1,九層,十九層,住宅大樓(11層含以上有電梯),住家用,鋼筋混凝土造,1150625,123.37,2,2,2,有,有,20560000,202709,坡道平面,33.29,2300000,,RPSQMLRLQHLGFCB09DA,51.32,0.0,6.86,有,
南屯區,土地,山子腳段316-18地號,600.0,都市：其他:甲種工業區,,,1150710,土地1建物0車位0,,,其他,,,,0.0,0,0,0,無,無,17420000,29033,,0.0,0,,RPUTMLLMQHLGFCB09DA,0.0,0.0,0.0,無,
南屯區,土地,山子腳段316-17地號,600.0,都市：其他:甲種工業區,,,1150710,土地1建物0車位0,,,其他,,,,0.0,0,0,0,無,無,17420000,29033,,0.0,0,,RPVTMLLMQHLGFCB56DA,0.0,0.0,0.0,無,
西屯區,房地(土地+建物)+車位,臺中市西屯區福科路３７７巷６號二十樓之３,46.63,都市：其他:第一之一種住宅區,,,1150705,土地2建物1車位2,二十層,二十四層,住宅大樓(11層含以上有電梯),住家用,鋼筋混凝土造,1130911,263.89,3,2,2,有,有,51660000,236019,坡道平面,69.16,5700000,,RPOOMLRJRHLGFCB38DA,122.36,0.0,5.87,有,
西屯區,房地(土地+建物)+車位,臺中市西屯區黎明路三段１５１號四樓之３,18.2,都市：其他:第三種住宅區。,,,1150719,土地1建物1車位2,四層,十九層,住宅大樓(11層含以上有電梯),住家用,鋼筋混凝土造,1140410,188.88,3,2,2,有,有,23300000,123359,坡道平面,49.76,0,,RPROMLRJRHLGFCB68DA,82.91,0.0,8.13,有,0067
西屯區,房地(土地+建物)+車位,臺中市西屯區市政北五路６６號十五樓之２,47.21,都市：其他:第三種新市政中心專用區,,,1150724,土地1建物1車位3,十五層,二十二層,住宅大樓(11層含以上有電梯),住家用,鋼骨鋼筋混凝土造,0971124,485.99,4,2,3,有,有,60800000,125105,坡道平面,89.31,0,,RPVOMLRJRHLGFCB09DA,234.32,4.25,23.6,有,
豐原區,房地(土地+建物),臺中市豐原區大明路１９６巷１３弄３１號,129.16,都市：其他:第二種住宅區,,,1150726,土地3建物1車位0,全,一層,透天厝,住家用,加強磚造,0630206,54.6,5,3,3,有,無,12000000,219780,,0.0,0,其他增建；,RPQNMLMJRHLGFDB08DA,54.6,0.0,0.0,無,
沙鹿區,房地(土地+建物)+車位,臺中市沙鹿區保安路５５巷１８號六樓,20.73,都市：其他:第二種商業區,,,1150701,土地3建物1車位1,六層,七層,華廈(10層含以下有電梯),住家用,鋼筋混凝土造,0940103,110.95,2,2,1,有,有,6700000,60388,坡道平面,18.99,0,其他增建；,RPVNMLMKQHLGFFB78DA,58.89,4.58,6.87,有,
沙鹿區,土地,美仁段888地號,49.97,都市：其他:第四種住宅區,,,1150727,土地1建物0車位0,,,其他,,,,0.0,0,0,0,無,無,5000000,100060,,0.0,0,親友、員工、共有人或其他特殊關係間之交易；未登記建物；,RPOPMLNJRHLGFFB38DA,0.0,0.0,0.0,無,
沙鹿區,房地(土地+建物),臺中市沙鹿區四平街４２巷７之１號,23.2,都市：其他:第四種住宅區,,,1150731,土地1建物1車位0,二層,四層,公寓(5樓含以下無電梯),住家用,加強磚造、水泥平頂、磨石地床,0661110,73.65,2,2,1,有,無,3700000,50238,,0.0,0,其他增建；,RPPOMLOJRHLGFFB48DA,73.65,0.0,0.0,無,
潭子區,房地(土地+建物),臺中市潭子區潭富路一段８７巷５８號,64.11,都市：其他:乙種工業區,,,1150710,土地1建物1車位0,全,二層,透天厝,辦公用,加強磚造,0690111,72.22,3,2,3,有,無,8000000,110773,,0.0,0,頂樓加蓋；其他增建；,RPPOMLRJRHLGFHB98DA,72.22,0.0,0.0,無,
太平區,房地(土地+建物)+車位,臺中市太平區育仁路１８８號十樓之２,24.12,都市：其他:住宅區,,,1150723,土地1建物1車位1,十層,十四層,住宅大樓(11層含以上有電梯),住家用,鋼筋混凝土造,1040915,163.74,3,2,2,有,有,15880000,96983,坡道平面,26.46,0,,RPPOMLTLPHLGFJB76DA,82.65,0.0,9.07,有,
太平區,房地(土地+建物)+車位,臺中市太平區環中東路三段３７５號十二樓之３,22.16,都市：其他:住宅區,,,1150701,土地1建物1車位1,十二層,十五層,住宅大樓(11層含以上有電梯),住家用,鋼筋混凝土造,1121104,152.31,3,2,2,有,有,13000000,85352,坡道平面,29.63,0,,RPROMLLLQHLGFJB88DA,73.47,0.0,7.96,有,0068
太平區,房地(土地+建物),臺中市太平區育仁路５６號,98.11,都市：其他:住宅區,,,1150727,土地1建物1車位0,全,四層,透天厝,住商用,鋼筋混凝土造,1090923,271.8,7,2,7,有,無,20000000,73584,,0.0,0,瑕疵物件；,RPVNMLRJRHLGFJB07DA,254.2,0.0,17.6,無,0069
太平區,房地(土地+建物),臺中市太平區中山路二段４７７巷１１６弄６０號,81.06,,鄉村區,乙種建築用地,1150730,土地1建物1車位0,全,二層,透天厝,住家用,加強磚造,0660411,83.98,7,2,4,有,無,9300000,110741,,0.0,0,買清,RPWNMLRJRHLGFJB17DA,83.98,0.0,0.0,無,0070
太平區,房地(土地+建物),臺中市太平區永成北路１２８巷２１弄３０號,108.44,都市：其他:住宅區,,,1150720,土地1建物1車位0,全,三層,透天厝,商業用,鋼筋混凝土造,0910206,162.18,6,2,3,有,無,15200000,93723,,0.0,0,頂樓加蓋；其他增建；,RPRNMLTJRHLGFJB86DA,151.64,0.0,10.54,無,
南屯區,房地(土地+建物)+車位,臺中市南屯區三和街２１５號四樓之２,22.72,都市：其他:第三種住宅區。,,,1150710,土地1建物1車位2,四層,十五層,住宅大樓(11層含以上有電梯),住家用,鋼筋混凝土造,1130207,199.12,3,2,2,有,有,25000000,125552,坡道平面,55.24,0,,RPQNMLRJRHLGFCB58EA,83.51,0.0,10.35,有,0071
西區,房地(土地+建物)+車位,臺中市西區華美西街一段１７５號８樓之２,28.14,,,,1150701,土地2建物1車位1,八層,十六層,住宅大樓(11層含以上有電梯),住家用,鋼筋混凝土造,0860723,270.03,4,2,2,有,有,21500000,79621,坡道平面,0.0,0,其他增建；,RPTOMLTJPHLGFAB68DA,157.05,1.22,22.42,有,
南區,房地(土地+建物)+車位,臺中市南區忠孝路１９４巷１７號４樓,23.89,都市：其他:第二種住宅區,,,1150722,土地1建物1車位1,四層,九層,華廈(10層含以下有電梯),住家用,鋼筋混凝土造,0780726,158.47,1,2,2,有,有,9000000,56793,坡道平面,0.0,0,未登記建物；,RPQTMLRLPHLGFAB88DA,97.54,1.87,14.86,有,
西區,房地(土地+建物)+車位,臺中市西區五權路２之１１６號六樓之１,31.16,,,,1150723,土地2建物1車位2,六層,二十層,住宅大樓(11層含以上有電梯),住家用,鋼筋混凝土造,1091225,248.76,3,2,2,有,有,34200000,166135,坡道平面,66.98,4000000,,RPTOMLTLPHLGFAB88DA,105.88,4.16,10.45,有,
西區,房地(土地+建物)+車位,臺中市西區梅川東路２段３５號９樓之３,3.38,都市：其他:第二種住宅區,,,1150724,土地1建物1車位1,九層,十二層,住宅大樓(11層含以上有電梯),住家用,鋼筋混凝土造,0860205,36.11,1,1,1,有,有,3550000,98311,升降機械,0.0,0,其他增建；,RPXOMLOJQHLGFAB68DA,17.91,0.0,2.82,有,0072
東區,房地(土地+建物)+車位,臺中市東區自由路四段２２６號五樓之一,14.82,都市：其他:第一種商業區,,,1150725,土地1建物1車位1,五層,十層,華廈(10層含以下有電梯),住家用,鋼筋混凝土造,0950808,128.05,2,2,2,有,有,10780000,84186,坡道平面,33.17,0,,RPVNMLRKQHLGFAB78DA,57.81,0.0,13.16,有,
北區,房地(土地+建物),臺中市北區美德街６０之３號,16.57,都市：其他:第三種住宅區。,,,1150717,土地1建物1車位0,四層,十一層,住宅大樓(11層含以上有電梯),住家用,鋼筋混凝土造,0701126,100.61,2,2,1,有,有,7200000,71563,,0.0,0,,RPTRMLMJRHLGFBB58DA,75.41,0.0,8.08,有,0073
西屯區,房地(土地+建物)+車位,臺中市西屯區大祥街１４２號五樓之２,18.63,都市：其他:第三種商業區,,,1150703,土地1建物1車位1,五層,九層,華廈(10層含以下有電梯),住家用,鋼筋混凝土造,0830806,145.66,3,2,2,有,有,8000000,54922,坡道機械,0.0,0,親友、員工、共有人或其他特殊關係間之交易；,RPSOMLKKPHLGFCB97DA,108.03,1.28,14.58,有,
南屯區,房地(土地+建物)+車位,臺中市南屯區大墩七街５２６號九樓之５,6.37,都市：其他:第二種商業區,,,1150723,土地1建物1車位1,九層,二十四層,住宅大樓(11層含以上有電梯),住家用,鋼筋混凝土造,1101029,76.51,2,2,1,有,有,12630000,165076,坡道機械,9.65,0,,RPSPMLSKQHLGFCB98DA,37.09,1.35,5.01,有,0074
南屯區,車位,臺中市南屯區龍富路五段２８號二樓之１等公共設施,0.0,,,,1150714,土地0建物1車位1,,,其他,,,,29.35,0,0,0,無,有,2500000,,坡道平面,29.35,2500000,建物坐落地號：三富段82地號；僅車位交易；,RPSNMLTKQHLGFCB88DA,0.0,0.0,0.0,有,0019
南屯區,車位,臺中市南屯區龍富路五段２８號二樓之１等公共設施,0.0,,,,1150714,土地0建物1車位1,,,其他,,,,29.35,0,0,0,無,有,2500000,,坡道平面,29.35,2500000,建物坐落地號：三富段82地號；僅車位交易；,RPTNMLTKQHLGFCB98DA,0.0,0.0,0.0,有,0019
西屯區,房地(土地+建物)+車位,臺中市西屯區國安一路１２９號六樓之１,10.39,都市：其他:第六種住宅區,,,1150728,土地1建物1車位1,六層,二十四層,住宅大樓(11層含以上有電梯),住家用,鋼筋混凝土造,0991119,119.72999999999999,2,2,1,有,有,13900000,116095,坡道平面,22.28,0,陽台外推；其他增建；,RPXNMLKLQHLGFCB58DA,53.56,4.47,9.02,有,
西屯區,土地,協仁段482-6地號,77.38,都市：其他:農業區,,,1150713,土地1建物0車位0,,,其他,,,,0.0,0,0,0,無,無,7020000,90721,,0.0,0,農作物；,RPVRMLSLQHLGFCB96DA,0.0,0.0,0.0,無,
西屯區,房地(土地+建物)+車位,臺中市西屯區市政北二路３６號十二樓之１,22.97,都市：其他:第七種新市政中心專用區,,,1150718,土地1建物1車位2,十二層,二十三層,住宅大樓(11層含以上有電梯),住家用,鋼筋混凝土造,1041111,373.49,2,2,3,有,有,47880000,128196,坡道平面,74.39,0,,RPPSMLSLQHLGFCB09DA,174.82,8.03,17.84,有,
西屯區,房地(土地+建物)+車位,臺中市西屯區青海路二段４６１號三樓之３,29.04,都市：其他:第二種住宅區,,,1150707,土地1建物1車位1,三層,十五層,住宅大樓(11層含以上有電梯),住家用,鋼筋混凝土造,1141216,198.79000000000002,3,2,2,有,有,30700000,166394,坡道平面,27.51,2200000,,RPSNMLLMQHLGFCB28DA,99.36,0.0,14.45,有,
西屯區,房地(土地+建物),臺中市西屯區中科路１８１８之８號,104.56,都市：其他:農業區,,,1150724,土地3建物1車位0,全,四層,透天厝,住家用,鋼筋混凝土造,1140521,245.3,4,3,4,有,有,26800000,109254,,0.0,0,陽台外推；其他增建；未登記建物；,RPUNMLRJRHLGFCB88DA,234.9,0.0,10.4,有,
南屯區,房地(土地+建物)+車位,臺中市南屯區龍富路五段２８號六樓之６,35.86,都市：其他:第一之C種住宅區,,,1150712,土地1建物1車位2,六層,二十三層,住宅大樓(11層含以上有電梯),住家用,鋼筋混凝土造,1141008,224.73000000000002,3,2,2,有,有,38350000,170649,坡道平面,58.7,0,,RPVOMLTJRHLGFCB66DA,98.34,0.0,11.24,有,0077
沙鹿區,房地(土地+建物),臺中市沙鹿區正德路１８０巷３８弄７號,81.98,都市：其他:第二種住宅區,,,1150716,土地3建物1車位0,全,三層,透天厝,商辦用,鋼筋混凝土造,0891009,211.49,5,2,3,有,無,13200000,62414,,0.0,0,,RPSOMLNJRHLGFFB68DA,184.86,0.0,4.69,無,
沙鹿區,房地(土地+建物),臺中市沙鹿區光大路１３１號,155.26,都市：其他:第四種住宅區,,,1150727,土地1建物1車位0,全,四層,透天厝,住商用,鋼筋混凝土造,0930728,353.37,6,2,8,有,無,30000000,84897,,0.0,0,其他增建；含租約；,RPUOMLSJRHLGFFB76DA,314.53,3.57,35.27,無,
東勢區,土地,東勢段中嵙小段1308-1地號,1515.0,,山坡地保育區,林業用地,1150706,土地8建物0車位0,,,其他,,,,0.0,0,0,0,無,無,2600000,1716,,0.0,0,,RPPNMLLMPHLGFGB28DA,0.0,0.0,0.0,無,
太平區,房地(土地+建物)+車位,臺中市太平區樹孝路３７７之４號四樓,17.48,都市：其他:住宅區,,,1150720,土地1建物1車位1,四層,十層,華廈(10層含以下有電梯),住家用,鋼筋混凝土造,0810419,103.43,3,2,2,有,有,7300000,70579,坡道機械,0.0,0,,RPOOMLMLPHLGFJB58DA,69.1,0.0,7.3,有,
太平區,房地(土地+建物),臺中市太平區正誠街２５７號,100.62,都市：其他:住宅區,,,1150718,土地2建物1車位0,全,一層,透天厝,住家用,磚造,0621122,40.23,3,2,1,有,無,7680000,190902,,0.0,0,其他增建；,RPVNMLNLPHLGFJB66DA,40.23,0.0,0.0,無,0078
太平區,房地(土地+建物)+車位,臺中市太平區旱溪西路二段１８２號七樓之１,38.86,都市：其他:住宅區,,,1150707,土地1建物1車位2,七層,十五層,住宅大樓(11層含以上有電梯),住家用,鋼筋混凝土造,1070831,250.44,4,2,2,有,有,21000000,83852,坡道平面,64.48,0,,RPRNMLKLQHLGFJB68DA,112.48,0.0,14.11,有,0079
太平區,房地(土地+建物)+車位,臺中市太平區立功路２６６號八樓之２,27.5,都市：其他:住宅區,,,1150728,土地1建物1車位1,八層,十五層,住宅大樓(11層含以上有電梯),住家用,鋼筋混凝土造,1081009,157.26,3,2,2,有,有,15800000,100471,坡道平面,24.75,0,,RPSNMLOLQHLGFJB56DA,80.69,1.54,9.89,有,0080
太平區,房地(土地+建物),臺中市太平區新民路５巷１０號,93.0,都市：其他:住宅區,,,1150726,土地1建物1車位0,全,二層,透天厝,住家用,加強磚造,0730622,124.13,5,2,2,有,無,10100000,81366,,0.0,0,頂樓加蓋；其他增建；,RPUNMLQLQHLGFJB96DA,118.2,0.0,5.93,無,
太平區,房地(土地+建物)+車位,臺中市太平區環中東路三段７６８號十二樓之２,22.87,都市：其他:住宅區,,,1150712,土地1建物1車位1,十二層,十五層,住宅大樓(11層含以上有電梯),住家用,鋼筋混凝土造,1140414,144.87,3,2,2,有,有,15650000,108028,坡道平面,27.36,0,,RPVNMLTJRHLGFJB27DA,71.66,0.0,6.54,有,0081
龍井區,房地(土地+建物)+車位,臺中市龍井區龍社路４５０號七樓之３,38.38,都市：其他:第二種住宅區,,,1150726,土地1建物1車位1,七層,七層,華廈(10層含以下有電梯),住家用,鋼筋混凝土造,1140402,119.58,3,2,2,有,有,10450000,87389,坡道機械,14.3,0,,RPTNMLOJQHLGFKB56DA,64.39,0.0,6.35,有,0082
南屯區,房地(土地+建物)+車位,臺中市南屯區文心南五路一段３２１號十一樓之６,35.14,都市：其他:第一種商業區,,,1150715,土地1建物1車位2,十一層,十四層,住宅大樓(11層含以上有電梯),住家用,鋼筋混凝土造,0880423,246.48000000000002,3,2,2,有,有,23880000,113845,坡道平面,59.56,2600000,其他增建；,RPPNMLTJRHLGFCB68EA,122.25,2.6,11.46,有,
西區,土地,後子段185-23地號,1.42,都市：其他:第二種住宅區,,,1150720,土地6建物0車位0,,,其他,,,,0.0,0,0,0,無,無,165000,116197,,0.0,0,未登記建物；包含公共設施保留地用地；,RPXNMLKKRHLGFAB38DA,0.0,0.0,0.0,無,
南屯區,房地(土地+建物)+車位,臺中市南屯區春安三街２００號十九樓之９,10.12,都市：其他:第五種住宅區,,,1150718,土地1建物1車位1,十九層,二十四層,住宅大樓(11層含以上有電梯),住家用,鋼筋混凝土造,1130704,114.86000000000001,2,2,2,有,有,12300000,122449,坡道平面,29.11,1800000,,RPRNMLSKPHLGFCB58DA,52.28,0.0,4.81,有,0083
西屯區,房地(土地+建物)+車位,臺中市西屯區國安一路１２７號十九樓之７,7.11,都市：其他:第六種住宅區,,,1150706,土地1建物1車位1,十九層,二十四層,住宅大樓(11層含以上有電梯),住家用,鋼筋混凝土造,0991119,81.07,2,2,1,有,有,10580000,145579,坡道機械,13.89,800000,其他增建；,RPOQMLKMPHLGFCB97DA,40.87,1.66,3.69,有,0084
西屯區,房地(土地+建物),臺中市西屯區福瑞街６６巷８號四樓之１１,5.34,都市：其他:第一之一種住宅區,,,1150731,土地1建物1車位0,四層,七層,華廈(10層含以下有電梯),住家用,鋼筋混凝土造,0830318,28.93,1,0,1,有,有,1150000,39751,,0.0,0,,RPUNMLTKQHLGFCB09DA,17.38,0.0,0.0,有,0085
西屯區,房地(土地+建物)+車位,臺中市西屯區安和路１８２號六樓之５,24.03,都市：其他:第一之B種住宅區,,,1150723,土地2建物1車位1,六層,十二層,住宅大樓(11層含以上有電梯),住家用,鋼筋混凝土造,1090731,123.02,2,1,1,有,有,15600000,126809,坡道平面,33.55,0,,RPUNMLLLQHLGFCB38DA,50.41,0.0,6.95,有,0086
南屯區,房地(土地+建物),臺中市南屯區南屯路二段６５２號二樓之１,24.93,都市：其他:第一種商業區,,,1150706,土地2建物1車位0,二層,五層,華廈(10層含以下有電梯),住家用,鋼筋混凝土造,0851023,79.22,2,0,2,有,無,7000000,88362,,0.0,0,其他增建；,RPOOMLPLQHLGFCB28DA,63.64,0.0,5.87,有,
南屯區,房地(土地+建物),臺中市南屯區南屯路二段６５２號二樓之２,11.68,都市：其他:第一種商業區,,,1150706,土地2建物1車位0,二層,五層,華廈(10層含以下有電梯),住家用,鋼筋混凝土造,0851023,37.13,1,0,1,有,無,3000000,80797,,0.0,0,其他增建；,RPTOMLPLQHLGFCB78DA,27.42,0.0,0.0,有,
南屯區,房地(土地+建物),臺中市南屯區南屯路二段６５２號三樓之１,26.03,都市：其他:第一種商業區,,,1150706,土地2建物1車位0,三層,五層,華廈(10層含以下有電梯),住家用,鋼筋混凝土造,0851023,82.71000000000001,2,0,2,有,無,7000000,84633,,0.0,0,其他增建；,RPUOMLPLQHLGFCB88DA,65.35,0.0,7.65,有,
南屯區,房地(土地+建物),臺中市南屯區南屯路二段６５２號,34.16,都市：其他:第一種商業區,,,1150706,土地2建物1車位0,一層，騎樓,五層,華廈(10層含以下有電梯),商業用,鋼筋混凝土造,0851023,108.56,1,1,1,有,無,10180000,93773,,0.0,0,其他增建；,RPWQMLQLQHLGFCB76DA,89.13,0.0,0.0,有,
西屯區,房地(土地+建物)+車位,臺中市西屯區寶慶街１８巷２６號十樓之１,12.19,都市：其他:第三種商業區,,,1150726,土地1建物1車位1,十層,十二層,住宅大樓(11層含以上有電梯),住家用,鋼筋混凝土造,0850923,141.94,3,2,2,有,有,12250000,86304,坡道機械,0.0,0,,RPQPMLNJRHLGFCB28DA,85.13,0.0,13.71,有,
西屯區,房地(土地+建物)+車位,臺中市西屯區文心路三段２９６號十一樓,24.47,都市：其他:第三種住宅區。,,,1150719,土地1建物1車位1,十一層,十二層,住宅大樓(11層含以上有電梯),商業用,鋼筋混凝土造,0790421,218.27,5,0,1,有,有,12000000,54978,坡道機械,0.0,0,陽台外推；,RPQOMLTJRHLGFCB78DA,163.28,0.0,20.52,有,0087
西屯區,房地(土地+建物)+車位,臺中市西屯區文心路三段２９６之１號十一樓,28.34,都市：其他:第三種住宅區。,,,1150715,土地1建物1車位1,十一層,十二層,住宅大樓(11層含以上有電梯),商業用,鋼筋混凝土造,0790421,250.76999999999998,4,0,1,有,有,14000000,55828,坡道機械,0.0,0,陽台外推；,RPROMLTJRHLGFCB88DA,191.75,0.0,19.89,有,0088
梧棲區,房地(土地+建物),臺中市梧棲區大仁路二段３１１巷５２號五樓,22.68,都市：其他:第三種商業區,,,1150712,土地1建物1車位0,五層,十層,華廈(10層含以下有電梯),住家用,鋼筋混凝土造,0840106,154.12,3,2,2,有,有,4660000,30236,,0.0,0,,RPPNMLSKQHLGFFB78DA,96.97,0.0,19.1,有,
梧棲區,房地(土地+建物)+車位,臺中市梧棲區博愛路６２號二樓之１,27.93,都市：其他:第四種住宅區,,,1150722,土地1建物1車位1,二層,十二層,住宅大樓(11層含以上有電梯),住家用,鋼筋混凝土造,1140416,134.23000000000002,2,2,2,有,有,10500000,89957,坡道平面,33.07,1400000,,RPTNMLNJRHLGFFB68DA,61.59,0.0,5.14,有,
梧棲區,房地(土地+建物)+車位,臺中市梧棲區博愛路６２號八樓之２,26.33,都市：其他:第四種住宅區,,,1150712,土地1建物1車位1,八層,十二層,住宅大樓(11層含以上有電梯),住家用,鋼筋混凝土造,1140416,128.43,2,2,2,有,有,10400000,93331,坡道平面,33.07,1500000,,RPVNMLNJRHLGFFB88DA,57.74,0.0,5.12,有,
梧棲區,房地(土地+建物)+車位,臺中市梧棲區博愛路６０號十樓之３,33.52,都市：其他:第四種住宅區,,,1150710,土地1建物1車位1,十層,十二層,住宅大樓(11層含以上有電梯),住家用,鋼筋混凝土造,1140416,153.07,3,2,2,有,有,13200000,97500,坡道平面,33.07,1500000,,RPWNMLNJRHLGFFB98DA,71.88,0.0,7.23,有,
梧棲區,土地,南簡段173-1地號,281.0,都市：其他:第四種住宅區,,,1150718,土地1建物0車位0,,,其他,,,,0.0,0,0,0,無,無,27200000,96797,,0.0,0,,RPUNMLKKRHLGFFB58DA,0.0,0.0,0.0,無,
新社區,房地(土地+建物),臺中市新社區井新街１１０號,225.58,,一般農業區,甲種建築用地,1150707,土地3建物1車位0,全,三層,透天厝,住家用,鋼筋混凝土造,0960712,150.28,4,2,3,有,有,15800000,105137,,0.0,0,,RPQNMLSJRHLGFGB98DA,145.7,0.0,4.58,無,
潭子區,房地(土地+建物),臺中市潭子區潭東街３９號二樓,17.17,都市：其他:第一之二種住宅區,,,1150707,土地1建物1車位0,二層,八層,華廈(10層含以下有電梯),住家用,鋼筋混凝土造,0821222,102.98,3,2,2,有,有,6200000,60206,,0.0,0,,RPQNMLTJPHLGFHB98DA,70.39,0.0,11.86,有,0089
大雅區,房地(土地+建物)+車位,臺中市大雅區雅潭路四段６６１巷３８號二樓之１,24.21,都市：其他:第二種住宅區,,,1150723,土地1建物1車位1,二層,十二層,住宅大樓(11層含以上有電梯),住家用,鋼筋混凝土造,1030224,134.06,2,2,2,有,有,11420000,85186,坡道機械,17.12,0,陽台外推；,RPPOMLSKQHLGFHB09DA,60.7,4.5,9.43,有,
大雅區,房地(土地+建物),臺中市大雅區月祥路１９３巷７號,61.77,都市：其他:第一之二種住宅區,,,1150723,土地6建物1車位0,全,三層,透天厝,住家用,鋼筋混凝土造,1131025,128.64999999999998,3,2,3,有,無,14380000,111776,,0.0,0,,RPTNMLKLQHLGFHB68DA,104.87,6.24,17.34,無,0090
大雅區,房地(土地+建物),臺中市大雅區學府路大智巷１７號,74.0,都市：其他:第二種住宅區,,,1150709,土地2建物1車位0,全,三層,透天厝,住商用,鋼筋混凝土造,0700720,182.25,3,2,2,有,無,11000000,60357,,0.0,0,頂樓加蓋；其他增建；,RPSNMLOLQHLGFHB98DA,182.25,0.0,0.0,無,
潭子區,房地(土地+建物),臺中市潭子區勝利十二街１０２號,112.4,都市：其他:第一之二種住宅區,,,1150716,土地2建物1車位0,全,四層,透天厝,住家用,鋼筋混凝土造,1141126,283.05,5,2,6,有,無,38500000,136018,,0.0,0,其他增建；,RPRNMLOJRHLGFHB78DA,260.84,0.0,22.21,無,
太平區,房地(土地+建物),臺中市太平區中山路四段２８巷１７弄２２號,16.84,都市：其他:住宅區,,,1150702,土地2建物1車位0,一層，騎樓,六層,華廈(10層含以下有電梯),商業用,鋼筋混凝土造,0801015,75.35000000000001,1,1,1,有,有,5700000,75647,,0.0,0,含地政士服務費5000元；其他 履保:1710元；其他增建；,RPVNMLOLPHLGFJB76DA,57.49,5.85,0.0,有,
太平區,房地(土地+建物)+車位,臺中市太平區環中東路三段８０２號九樓,32.19,都市：其他:住宅區,,,1150712,土地1建物1車位2,九層,十五層,住宅大樓(11層含以上有電梯),住家用,鋼筋混凝土造,1051114,232.19,4,2,2,有,有,16600000,71493,坡道平面,63.72,0,,RPUNMLSJRHLGFJB07DA,104.17,0.55,10.02,有,0091
太平區,房地(土地+建物),臺中市太平區中山路一段３２２巷１６號三樓之３,12.34,,鄉村區,乙種建築用地,1150728,土地1建物1車位0,三層,五層,華廈(10層含以下有電梯),住家用,鋼筋混凝土造,1150126,40.4,1,1,1,有,有,4280000,105941,,0.0,0,,RPPQMLTJRHLGFJB96DA,26.0,0.0,2.75,有,
龍井區,土地,東園段827地號,28.03,,鄉村區,乙種建築用地,1150720,土地2建物0車位0,,,其他,,,,0.0,0,0,0,無,無,1216588,43403,,0.0,0,親友、員工、共有人或其他特殊關係間之交易；未登記建物；,RPQOMLKMPHLGFKB78DA,0.0,0.0,0.0,無,
龍井區,土地,東園段825地號,32.16,,鄉村區,乙種建築用地,1150720,土地1建物0車位0,,,其他,,,,0.0,0,0,0,無,無,1395570,43395,,0.0,0,親友、員工、共有人或其他特殊關係間之交易；未登記建物；,RPROMLKMPHLGFKB88DA,0.0,0.0,0.0,無,
龍井區,房地(土地+建物)+車位,臺中市龍井區新興路５９巷３２之７號,102.06,,鄉村區,乙種建築用地,1150714,土地2建物1車位1,全,三層,透天厝,住商用,鋼筋混凝土造,0801104,229.23000000000002,5,2,4,有,有,12000000,52349,坡道平面,0.0,0,,RPQNMLMJRHLGFKB78DA,166.91,31.15,0.0,無,
大肚區,房地(土地+建物),臺中市大肚區遊園路二段２０３巷２弄１４號,47.53,,鄉村區,乙種建築用地,1150731,土地1建物1車位0,全,二層,透天厝,住商用,加強磚造,0691224,75.82,4,2,2,有,無,5400000,71221,,0.0,0,頂樓加蓋；其他增建；,RPRNMLMJRHLGFKB88DA,75.82,0.0,0.0,無,
西區,房地(土地+建物),臺中市西區向上路一段５號十一樓之１,13.65,都市：其他:第一種商業區,,,1150715,土地1建物1車位0,十一層,十二層,住宅大樓(11層含以上有電梯),住家用,鋼筋混凝土造,0840227,156.93,3,2,2,有,無,9320000,59390,,0.0,0,其他增建；,RPRTMLOLPHLGFAB68DA,115.65,3.34,2.28,有,
西區,房地(土地+建物),臺中市西區忠義街３７巷６號,144.0,都市：其他:第二種住宅區,,,1150701,土地1建物1車位0,全,二層,透天厝,住家用,鋼筋混凝土加強磚造,0600309,119.88,4,2,2,有,無,26060000,217384,,0.0,0,,RPPPMLOJQHLGFAB97DA,119.88,0.0,0.0,無,
東區,房地(土地+建物)+車位,臺中市東區東英十七街５９號十七樓之３,16.32,都市：其他:第二之一種商業區,,,1150726,土地1建物1車位1,十七層,二十四層,住宅大樓(11層含以上有電梯),住家用,鋼筋混凝土造,1110615,157.13,3,2,2,有,有,17800000,113282,坡道平面,30.47,0,,RPSOMLPJQHLGFAB28DA,78.49,0.0,6.59,有,0092
西區,房地(土地+建物),臺中市西區英才路５８９巷６號十一樓之２,11.04,都市：其他:第二種住宅區,,,1150730,土地1建物1車位0,十一層,十五層,住宅大樓(11層含以上有電梯),住家用,鋼筋混凝土造,0780920,68.48,1,1,1,有,有,6200000,90537,,0.0,0,陽台外推；,RPWNMLSKQHLGFAB98DA,48.97,0.0,5.5,有,
西區,房地(土地+建物),臺中市西區模範街２４巷４號二樓,28.82,都市：其他:第二種住宅區,,,1150704,土地1建物1車位0,二層,五層,公寓(5樓含以下無電梯),住家用,鋼筋混凝土造,0720623,81.89,3,2,2,有,無,6500000,79375,,0.0,0,,RPUOMLSKQHLGFAB88DA,75.23,0.0,6.66,無,
西區,房地(土地+建物),臺中市西區民權路２４６號十樓,36.5,都市：其他:第二種商業區,,,1150706,土地1建物1車位0,十層,十二層,住宅大樓(11層含以上有電梯),住商用,鋼筋混凝土造,0730605,325.46,13,0,13,有,有,18700000,57457,,0.0,0,,RPXNMLPLQHLGFAB88DA,302.6,0.0,22.86,有,0093
西區,房地(土地+建物)+車位,臺中市西區柳川東路二段８６號二十樓之２,23.53,都市：其他:第五種住宅區,,,1150720,土地1建物1車位2,二十層,二十五層,住宅大樓(11層含以上有電梯),住家用,鋼筋混凝土造,1120510,267.91999999999996,4,2,2,有,有,23550000,106831,坡道平面,70.88,2500000,親友、員工、共有人或其他特殊關係間之交易；,RPQOMLLKRHLGFAB87DA,112.72,3.71,11.8,有,
北屯區,房地(土地+建物)+車位,臺中市北屯區瀋陽路一段６５號十八樓之３,7.24,都市：其他:第五種住宅區,,,1150708,土地1建物1車位1,十八層,二十二層,住宅大樓(11層含以上有電梯),住家用,鋼筋混凝土造,1140312,77.75,3,2,2,有,有,7650000,98392,坡道平面,16.24,0,親友、員工、共有人或其他特殊關係間之交易；,RPXNMLLJRHLGFBB48DA,36.09,0.0,5.08,有,0094
南屯區,房地(土地+建物)+車位,臺中市南屯區環中路四段２２３號,82.93,都市：其他:第一之C種住宅區,,,1150701,土地2建物1車位1,一層,十二層,住宅大樓(11層含以上有電梯),其他,鋼筋混凝土造,1140626,185.56,0,0,0,無,有,37430000,243606,坡道平面,39.71,1900000,,RPXRMLNKQHLGFCB56DA,94.96,0.0,0.0,有,
西屯區,房地(土地+建物)+車位,臺中市西屯區惠來路二段８８號十五樓之２,28.32,都市：其他:第六種新市政中心專用區,,,1150723,土地1建物1車位2,十五層,二十層,住宅大樓(11層含以上有電梯),住家用,鋼筋混凝土造,0960123,346.64,3,2,2,有,有,55000000,168154,坡道平面,55.24,6000000,,RPOPMLOKQHLGFCB18DA,193.21,3.17,18.52,有,
西屯區,房地(土地+建物)+車位,臺中市西屯區市政北五路１６８號十三樓之１,22.12,都市：其他:第六種新市政中心專用區,,,1150715,土地1建物1車位2,十三層,二十六層,住宅大樓(11層含以上有電梯),住家用,鋼骨鋼筋混凝土造,1060810,399.73,4,2,4,有,有,59880000,161312,坡道平面,59.52,5000000,,RPPPMLTKQHLGFCB78DA,186.65,10.77,20.05,有,
南屯區,房地(土地+建物),臺中市南屯區南屯路二段６５２號三樓之２,11.68,都市：其他:第一種商業區,,,1150706,土地2建物1車位0,三層,五層,華廈(10層含以下有電梯),住家用,鋼筋混凝土造,0851023,37.13,1,0,1,有,無,3000000,80797,,0.0,0,其他增建；,RPVOMLPLQHLGFCB98DA,27.42,0.0,0.0,有,
南屯區,房地(土地+建物),臺中市南屯區南屯路二段６５２號四樓之１,25.82,都市：其他:第一種商業區,,,1150706,土地2建物1車位0,四層,五層,華廈(10層含以下有電梯),住家用,鋼筋混凝土造,0851023,82.06,2,0,2,有,無,7000000,85303,,0.0,0,其他增建；,RPOQMLPLQHLGFCB48DA,65.35,0.0,7.0,有,
南屯區,房地(土地+建物),臺中市南屯區南屯路二段６５２號四樓之２,11.68,都市：其他:第一種商業區,,,1150706,土地2建物1車位0,四層,五層,華廈(10層含以下有電梯),住家用,鋼筋混凝土造,0851023,37.13,1,0,1,有,無,3000000,80797,,0.0,0,其他增建；,RPQQMLPLQHLGFCB68DA,27.42,0.0,0.0,有,
西屯區,房地(土地+建物)+車位,臺中市西屯區臺灣大道三段７６５號二十五樓之８,5.51,都市：其他:第四之一種商業區,,,1150724,土地1建物1車位1,二十五層,三十六層,住宅大樓(11層含以上有電梯),住家用,鋼骨造,1141028,89.9,2,2,1,有,有,11300000,125695,坡道機械,12.14,0,,RPXPMLMJRHLGFCB88DA,45.03,1.67,4.27,有,0095
南屯區,房地(土地+建物)+車位,臺中市南屯區大墩四街８號三樓,36.69,都市：其他:第二種住宅區,,,1150701,土地1建物1車位2,三層,十六層,住宅大樓(11層含以上有電梯),住家用,鋼筋混凝土造,0961225,357.41999999999996,3,2,3,有,有,29200000,81697,坡道平面,0.0,3000000,,RPQNMLRJRHLGFCB48DA,157.81,1.55,22.45,有,0096
南屯區,房地(土地+建物)+車位,臺中市南屯區向上南路一段３１３號四樓,19.69,都市：其他:第二種住宅區,,,1150719,土地1建物1車位1,四層,十四層,住宅大樓(11層含以上有電梯),住家用,鋼筋混凝土造,0821119,190.58999999999997,4,2,2,有,有,16380000,85944,坡道平面,0.0,0,,RPWNMLRJRHLGFCB09DA,121.68,1.48,18.29,有,
西屯區,房地(土地+建物),臺中市西屯區青海路二段２７２號十一樓之１,8.75,都市：其他:第三之二種住宅區,,,1150724,土地1建物1車位0,十一層,十二層,住宅大樓(11層含以上有電梯),住家用,鋼筋混凝土造,1140515,41.870000000000005,1,0,1,有,有,6780000,161930,,0.0,0,,RPXOMLRJRHLGFCB66DA,20.53,0.0,2.7,有,
西屯區,房地(土地+建物)+車位,臺中市西屯區安和路１８９巷４之１０號,34.64,都市：其他:第一種住宅區,,,1150730,土地1建物1車位1,十二層，十三層,十四層,住宅大樓(11層含以上有電梯),住家用,鋼筋混凝土造,0810519,247.73999999999998,4,2,4,有,有,23500000,94858,坡道機械,32.42,0,陽台外推；,RPVOMLLKRHLGFCB58DA,191.52,32.82,12.55,有,
后里區,房地(土地+建物),臺中市后里區四月路６６之７２號,76.35,,特定農業區,甲種建築用地,1150723,土地5建物1車位0,全,四層,透天厝,住家用,鋼筋混凝土造,1150121,160.87,4,2,3,有,無,13080000,81308,,0.0,0,,RPTNMLKKRHLGFDB28DA,149.38,0.0,11.23,無,
大甲區,房地(土地+建物),臺中市大甲區東明路１３７之２８號,158.81,,特定農業區,甲種建築用地,1150704,土地3建物1車位0,全,三層,透天厝,住家用,鋼筋混凝土造,1040924,181.45,4,2,5,有,無,11400000,62827,,0.0,0,其他增建；,RPSNMLRJRHLGFEB88DA,166.94,0.0,14.51,無,
沙鹿區,房地(土地+建物),臺中市沙鹿區保成五街１２８巷４０號,176.48,都市：其他:第二種住宅區,,,1150705,土地8建物1車位0,全,三層,透天厝,住家用,鋼筋混凝土造,1050125,171.28,4,3,3,有,有,14880000,86875,,0.0,0,,RPVNMLOKQHLGFFB98DA,155.42,0.0,15.85,無,
沙鹿區,房地(土地+建物)+車位,臺中市沙鹿區斗潭路２１１巷９７號三樓之６,28.69,都市：其他:第四種住宅區,,,1150725,土地1建物1車位1,三層,十四層,住宅大樓(11層含以上有電梯),住家用,鋼筋混凝土造,1120323,126.66,2,2,1,有,有,7500000,59214,坡道平面,40.36,0,,RPRPMLSLQHLGFFB66DA,56.22,0.0,3.27,有,0097
東勢區,房地(土地+建物),臺中市東勢區東和街５７號七樓之５,21.36,都市：其他:商業區,,,1150712,土地1建物1車位0,七層,十層,華廈(10層含以下有電梯),住家用,鋼筋混凝土造,1070307,136.24,3,2,2,有,有,8080000,59307,,0.0,0,,RPPNMLMKQHLGFGB28DA,91.34,0.0,10.15,有,0098
大雅區,房地(土地+建物),臺中市大雅區樹德街６６之１５號,86.06,都市：其他:第一種住宅區,,,1150705,土地4建物1車位0,全,四層,透天厝,住家用,鋼筋混凝土造,1100511,184.31,4,2,4,有,無,21120000,114590,,0.0,0,其他增建；,RPSNMLTLPHLGFHB76DA,168.68,0.0,15.63,無,0099
大雅區,房地(土地+建物),臺中市大雅區龍善二街７０巷７號,83.21,都市：其他:農業區,,,1150719,土地5建物1車位0,全,四層,透天厝,其他,鋼筋混凝土造,0881203,196.26,4,2,3,有,無,12500000,63691,,0.0,0,親友、員工、共有人或其他特殊關係間之交易；頂樓加蓋；,RPRNMLPLQHLGFHB98DA,169.77,7.67,18.82,無,
烏日區,房地(土地+建物),臺中市烏日區健行南一路６９巷１弄８號,73.46,都市：其他:第二種住宅區,,,1150708,土地3建物1車位0,全,四層,透天厝,住家用,鋼筋混凝土造,1040703,191.41,5,2,4,有,無,21700000,113369,,0.0,0,,RPQQMLMKQHLGFIB88DA,169.05,0.0,22.36,無,0100
烏日區,土地,溪尾北段137地號,3558.77,,特定農業區,農牧用地,1150721,土地1建物0車位0,,,其他,,,,0.0,0,0,0,無,無,27000000,7587,,0.0,0,親友、員工、共有人或其他特殊關係間之交易；農作物；,RPPNMLKKRHLGFIB48EA,0.0,0.0,0.0,無,0101
太平區,土地,光興段128地號,17.46,,鄉村區,乙種建築用地,1150708,土地1建物0車位0,,,其他,,,,0.0,0,0,0,無,無,360000,20619,,0.0,0,地清或未辦繼承標售；,RPPNMLOKRHLGFJB98EA,0.0,0.0,0.0,無,0102
東區,房地(土地+建物),臺中市東區精武東路２００號,90.0,都市：其他:第三種住宅區。,,,1150709,土地1建物1車位0,全,四層,透天厝,住商用,鋼筋混凝土造,0761014,211.52,4,2,4,有,無,22500000,106373,,0.0,0,頂樓加蓋；其他增建；,RPPNMLNKQHLGFAB77DA,193.02,8.78,9.72,無,
中區,房地(土地+建物),臺中市中區成功路３５９之２號四樓之２５,5.0,都市：其他:市場用地,,,1150728,土地1建物1車位0,四層,七層,華廈(10層含以下有電梯),辦公用,鋼筋混凝土造,0670501,39.76,1,1,1,有,有,2350000,59105,,0.0,0,,RPSNMLNKQHLGFAB08DA,36.0,0.0,3.76,有,0103
西區,房地(土地+建物),臺中市西區民生路１３５號８樓之１,2.6,都市：其他:第一種商業區,,,1150730,土地1建物1車位0,八層,二十二層,住宅大樓(11層含以上有電梯),住家用,鋼骨鋼筋混凝土造,0850119,43.93,1,0,1,有,有,2800000,63738,,0.0,0,,RPOOMLKLQHLGFAB57DA,20.2,0.0,3.98,有,
南區,房地(土地+建物),臺中市南區忠明南路１１４０號四樓之五,6.51,都市：其他:第三種住宅區。,,,1150715,土地1建物1車位0,四層,二十二層,住宅大樓(11層含以上有電梯),住家用,鋼筋混凝土造,0970121,84.58,2,2,1,有,有,8500000,100497,,0.0,0,陽台外推；,RPPPMLLLQHLGFAB87DA,47.85,0.59,12.82,有,0104
南區,房地(土地+建物),臺中市南區東興路一段２５巷２４號,7.67,都市：其他:第二種住宅區,,,1150727,土地1建物1車位0,一層，騎樓，夾層,十四層,住宅大樓(11層含以上有電梯),住商用,鋼筋混凝土造,0901126,66.63,0,0,0,無,有,6580000,98754,,0.0,0,夾層；,RPPOMLLKRHLGFAB77DA,49.34,0.0,5.9,有,
西屯區,土地,廣昌段303地號,2.97,,,,1150716,土地1建物0車位0,,,其他,,,,0.0,0,0,0,無,無,570419,192060,,0.0,0,協議價購；,RPPRMLNJQHLGFCB28DA,0.0,0.0,0.0,無,0105
南屯區,房地(土地+建物)+車位,臺中市南屯區大聖街３２７號四樓,22.03,都市：其他:第二種住宅區,,,1150721,土地1建物1車位1,四層,七層,華廈(10層含以下有電梯),住家用,鋼筋混凝土造,0810316,120.14,3,2,2,有,有,7040000,58598,坡道機械,0.0,0,陽台外推；,RPUPMLOJQHLGFCB68DA,64.84,0.0,18.22,有,
南屯區,房地(土地+建物)+車位,臺中市南屯區益豐西街７５號五樓之２,53.95,都市：其他:第一之B種住宅區,,,1150722,土地1建物1車位2,五層,十二層,住宅大樓(11層含以上有電梯),住家用,鋼筋混凝土造,1140529,196.03,2,2,2,有,有,24500000,124981,坡道平面,74.3,0,,RPXNMLTKQHLGFCB76DA,72.71,0.0,7.83,有,0106
西屯區,土地,廣昌段1110-4地號,16.26,都市：其他:第二種住宅區,,,1150731,土地1建物0車位0,,,其他,,,,0.0,0,0,0,無,無,1718500,105689,,0.0,0,包含公共設施保留地用地；,RPRNMLOLQHLGFCB38DA,0.0,0.0,0.0,無,
西屯區,土地,永安段412-3地號,372.04,都市：其他:河川區,,,1150731,土地2建物0車位0,,,其他,,,,0.0,0,0,0,無,無,21233651,57074,,0.0,0,未登記建物；,RPPPMLLKRHLGFCB08DA,0.0,0.0,0.0,無,0107
南屯區,房地(土地+建物)+車位,臺中市南屯區永春東路１０００之１５號五樓,13.6,都市：其他:第二種住宅區,,,1150722,土地1建物1車位1,五層,十六層,住宅大樓(11層含以上有電梯),住家用,鋼筋混凝土造,0830926,132.45,3,2,2,有,有,12100000,91355,坡道平面,0.0,0,陽台外推；,RPOWMLLKRHLGFCB68DA,92.72,0.0,12.51,有,
南屯區,房地(土地+建物),臺中市南屯區春安三街１９３號八樓之７,9.44,都市：其他:第五種住宅區,,,1150728,土地1建物1車位0,八層,十五層,住宅大樓(11層含以上有電梯),住家用,鋼筋混凝土造,1090814,66.48,2,1,1,有,有,7500000,112816,,0.0,0,,RPSRMLOKRHLGFCB88DA,40.66,0.0,3.83,有,0108
外埔區,土地,新六分段1128-3地號,625.77,,特定農業區,農牧用地,1150709,土地2建物0車位0,,,其他,,,,0.0,4,1,1,有,無,4420000,7063,,0.0,0,未登記建物；,RPQNMLLKQHLGFEB08DA,0.0,0.0,0.0,無,0109
沙鹿區,房地(土地+建物),臺中市沙鹿區正英十三街７８號,78.36,都市：其他:第二種住宅區,,,1150719,土地9建物1車位0,全,三層,透天厝,住家用,ＲＣ鋼筋混凝土造,0980923,234.57,4,3,3,有,有,19000000,80999,,0.0,0,陽台外推；其他增建；,RPUNMLSLPHLGFFB66DA,189.67,4.7,22.19,無,
沙鹿區,房地(土地+建物),臺中市沙鹿區東海路６６號,90.58,都市：其他:第二種住宅區,,,1150702,土地1建物1車位0,全,二層,透天厝,住家用,加強磚造,0691226,107.94,7,3,2,有,無,8050000,74578,,0.0,0,頂樓加蓋；其他增建；,RPQOMLTKQHLGFFB09DA,107.94,0.0,0.0,無,0110
沙鹿區,房地(土地+建物)+車位,臺中市沙鹿區自強路４３２號十二樓之５,35.32,都市：其他:第二種住宅區,,,1150713,土地1建物1車位1,十二層,十五層,住宅大樓(11層含以上有電梯),住家用,鋼筋混凝土造,1150802,167.13,3,2,2,有,有,13850000,95133,坡道平面,39.94,1750000,預售屋、或土地及建物分件登記案件；,RPSTMLRJRHLGFFB96DA,76.8,0.0,7.52,有,
沙鹿區,房地(土地+建物),臺中市沙鹿區正義路２５２號,172.32,都市：其他:第二種住宅區,,,1150715,土地1建物1車位0,全,四層,透天厝,住家用,鋼筋混凝土造,1140310,336.21,5,2,6,有,有,39880000,118616,,0.0,0,陽台外推；,RPRNMLOKRHLGFFB68DA,308.93,0.0,27.28,有,
沙鹿區,房地(土地+建物)+車位,臺中市沙鹿區保安路３３號九樓之８,13.45,都市：其他:第二種商業區,,,1150719,土地1建物1車位1,九層,十五層,住宅大樓(11層含以上有電梯),住家用,鋼筋混凝土造,1131024,107.91,2,2,1,有,有,8500000,78769,坡道平面,29.82,0,,RPVNMLOKRHLGFFB09DA,47.16,0.0,3.32,有,0111
新社區,土地,永興段568地號,502.09,,一般農業區,農牧用地,1150721,土地2建物0車位0,,,其他,,,,0.0,0,0,0,無,無,1800000,3585,,0.0,0,,RPQNMLQKRHLGFGB88DA,0.0,0.0,0.0,無,
潭子區,房地(土地+建物),臺中市潭子區勝利十二街８７巷１弄５號,59.17,都市：其他:第一之二種住宅區,,,1150707,土地1建物1車位0,全,四層,透天厝,住商用,鋼筋混凝土造,0840331,171.64,6,2,4,有,無,14880000,86693,,0.0,0,其他增建:防火巷其他增建；,RPVNMLTKQHLGFHB07DA,163.02,3.57,5.05,無,
潭子區,房地(土地+建物)+車位,臺中市潭子區興華一路１１３號十二樓之５,25.85,都市：其他:住宅區,,,1150704,土地1建物1車位1,十二層,十五層,住宅大樓(11層含以上有電梯),住家用,鋼筋混凝土造,1141216,165.3,3,2,2,有,有,18510000,122213,坡道平面,29.39,1900000,,RPRNMLLKRHLGFHB58DA,77.9,0.0,11.27,有,
烏日區,房地(土地+建物),臺中市烏日區榮泰街１４６號七樓,22.1,都市：其他:第三種住宅區。,,,1150713,土地1建物1車位0,七層,八層,華廈(10層含以下有電梯),住家用,鋼筋混凝土造,0821013,128.65,3,2,2,有,有,7300000,56743,,0.0,0,,RPUNMLKKRHLGFIB88DA,77.56,0.0,13.71,有,0112
太平區,房地(土地+建物),臺中市太平區樹孝路３１３號七樓,13.72,都市：其他:住宅區,,,1150712,土地1建物1車位0,七層,十二層,住宅大樓(11層含以上有電梯),住家用,鋼筋混凝土造,0810812,93.94,3,2,2,有,有,7500000,79838,,0.0,0,,RPWNMLPLQHLGFJB07DA,65.29,0.0,8.43,有,0113
南區,車位,臺中市南區仁義街７６號等公共設施,0.58,都市：其他:第二種住宅區,,,1150729,土地1建物1車位1,,,其他,,,,1.4,0,0,0,無,有,800000,,坡道機械,0.0,800000,僅車位交易；,RPPNMLLKRHLGFAB77EA,0.0,0.0,0.0,有,
西區,房地(土地+建物),臺中市西區柳川東路二段６３巷３號四樓,37.56,都市：其他:第二種住宅區,,,1150712,土地1建物1車位0,四層,五層,公寓(5樓含以下無電梯),住家用,鋼筋混凝土造,0700305,140.63,4,2,2,有,無,9000000,63998,,0.0,0,其他增建；,RPQNMLMKPHLGFAB67DA,120.1,0.0,0.0,無,
西區,房地(土地+建物)+車位,臺中市西區向上路一段２３號六樓之１,31.75,都市：其他:第一種商業區,,,1150718,土地1建物1車位2,六層,十一層,住宅大樓(11層含以上有電梯),住家用,鋼筋混凝土造,1070403,253.42,3,2,2,有,有,23300000,91942,坡道平面,99.92,0,,RPXNMLSLQHLGFAB56DA,88.36,0.88,12.26,有,0114
西區,房地(土地+建物),臺中市西區模範街２４巷１２號四樓之１,28.82,都市：其他:第二種住宅區,,,1150721,土地1建物1車位0,四層,五層,公寓(5樓含以下無電梯),住家用,鋼筋混凝土造,0720623,79.88,3,2,1,有,有,7050000,88257,,0.0,0,陽台外推；,RPRNMLOKRHLGFAB18DA,73.57,0.0,6.31,無,
西屯區,房地(土地+建物)+車位,臺中市西屯區龍門一街２１６號十樓之１,28.83,都市：其他:第二種住宅區,,,1150718,土地1建物1車位1,十層,十二層,住宅大樓(11層含以上有電梯),住家用,鋼筋混凝土造,0961218,176.14,3,2,2,有,有,26500000,150449,坡道平面,23.14,0,,RPTOMLKKRHLGFCB28DA,92.76,2.84,10.32,有,0115
西屯區,房地(土地+建物),臺中市西屯區大墩十八街１８９號十七樓之２,16.01,都市：其他:第二種住宅區,,,1150710,土地1建物1車位0,十七層,二十一層,住宅大樓(11層含以上有電梯),住家用,鋼筋混凝土造,0861121,175.29000000000002,4,2,2,有,有,6250000,35655,,0.0,0,親友、員工、共有人或其他特殊關係間之交易；,RPSOMLLKRHLGFCB28DA,105.2,3.98,13.25,有,
豐原區,房地(土地+建物),臺中市豐原區南陽路５８巷２５５弄１８之１號,83.91,都市：其他:農業區,,,1150715,土地1建物1車位0,全,一層,透天厝,住家用,加強磚造,0661222,63.84,4,3,2,有,無,7820000,122494,,0.0,0,頂樓加蓋；其他增建；,RPRNMLSKQHLGFDB78DA,63.84,0.0,0.0,無,0116
豐原區,房地(土地+建物),臺中市豐原區南陽路５８巷２１號,72.94,都市：其他:道路用地,,,1150730,土地2建物1車位0,全,四層,透天厝,住家用,鋼筋混凝土造,1131219,162.09,5,1,3,有,無,17800000,109816,,0.0,0,親友、員工、共有人或其他特殊關係間之交易；,RPUNMLPKRHLGFDB88DA,145.94,0.0,16.15,無,
大安區,房地(土地+建物)+車位,臺中市大安區松一街２３號五樓,33.65,,鄉村區,乙種建築用地,1150718,土地1建物1車位1,五層,五層,華廈(10層含以下有電梯),住家用,鋼筋混凝土造,1120106,130.34,2,2,2,有,無,7900000,60611,一樓平面,0.0,0,陽台外推；,RPQNMLLLQHLGFEB18DA,66.02,0.0,12.14,有,0117
沙鹿區,房地(土地+建物),臺中市沙鹿區自強路７８０巷８０弄９號,69.75,都市：其他:第二種住宅區,,,1150719,土地2建物1車位0,全,四層,透天厝,住家用,鋼筋混凝土造,1000302,155.82,4,2,4,有,有,12500000,80221,,0.0,0,,RPRNMLSLPHLGFFB98DA,143.06,7.72,5.04,無,0118
沙鹿區,房地(土地+建物),臺中市沙鹿區正德路１７１巷９號,88.6,都市：其他:第二種住宅區,,,1150709,土地2建物1車位0,全,四層,透天厝,住家用,鋼筋混凝土造,1071011,206.59,6,3,4,有,有,17450000,84467,,0.0,0,其他增建；,RPXNMLNKQHLGFFB09DA,194.17,0.0,12.42,無,
沙鹿區,房地(土地+建物),臺中市沙鹿區星海路１５巷３９號八樓之１,14.55,都市：其他:第四種住宅區,,,1150731,土地2建物1車位0,八層,十二層,住宅大樓(11層含以上有電梯),住家用,鋼筋混凝土造,1080922,63.3,1,1,1,有,有,5500000,86888,,0.0,0,,RPSOMLLLQHLGFFB58DA,36.32,1.21,2.57,有,0119
烏日區,房地(土地+建物),臺中市烏日區學田路便行巷２０８弄５２號,108.91,都市：其他:第一種住宅區,,,1150719,土地1建物1車位0,全,四層,透天厝,住家用,鋼筋混凝土造,0950320,246.61,4,3,3,有,有,17100000,69340,,0.0,0,,RPSNMLOJRHLGFIB98DA,212.02,0.0,11.04,無,
烏日區,房地(土地+建物)+車位,臺中市烏日區中山路三段４３６號十二樓之３,21.79,都市：其他:商業區,,,1150720,土地1建物1車位1,十二層,十五層,住宅大樓(11層含以上有電梯),住家用,鋼筋混凝土造,1120822,163.03,2,2,2,有,有,14000000,85874,坡道平面,34.77,0,,RPRNMLOKRHLGFIB98DA,76.33,0.0,8.42,有,0120
烏日區,房地(土地+建物)+車位,臺中市烏日區三榮路一段１７７號五樓之１,35.19,都市：其他:第二種住宅區,,,1150725,土地1建物1車位2,五層,十四層,住宅大樓(11層含以上有電梯),住家用,鋼筋混凝土造,1041104,242.26,3,1,2,有,有,20000000,82556,坡道平面,79.43,0,,RPQNMLQKRHLGFIB09DA,98.54,1.4,11.31,有,
太平區,房地(土地+建物),臺中市太平區太平二十街９２號,72.0,都市：其他:第一種住宅區,,,1150703,土地1建物1車位0,全,二層,透天厝,住商用,加強磚造,0670110,108.52,3,3,2,有,無,12000000,110579,,0.0,0,賣清頂樓加蓋；,RPRNMLOKRHLGFJB09DA,108.52,0.0,0.0,無,
南區,房地(土地+建物)+車位,臺中市南區福田二街１８０號二樓之７,23.14,都市：其他:第三種住宅區。,,,1150605,土地2建物1車位1,二層,十五層,住宅大樓(11層含以上有電梯),住家用,鋼筋混凝土造,1150516,153.36,3,2,2,有,有,21570000,153030,坡道平面,27.11,2250000,預售屋、或土地及建物分件登記案件；,RPVPMLLLPHLGFAB38DA,76.81,0.0,6.33,有,
南區,房地(土地+建物),臺中市南區南門路５９巷６６號７樓之４,3.9,都市：其他:第二種住宅區,,,1150627,土地1建物1車位0,七層,七層,華廈(10層含以下有電梯),住家用,鋼筋混凝土造,0830113,27.71,1,0,1,有,無,1780000,64237,,0.0,0,,RPWNMLRJRHLGFAB88DA,16.43,0.0,3.07,有,
西屯區,房地(土地+建物),臺中市西屯區西屯路三段宏福５巷４弄１號三樓之３,17.63,都市：其他:第一種住宅區,,,1150621,土地1建物1車位0,三層,七層,華廈(10層含以下有電梯),住家用,鋼筋混凝土造,0821213,88.8,2,2,2,有,有,6540000,73649,,0.0,0,,RPRNMLLKQHLGFCB97DA,61.2,0.0,5.36,有,0121
南屯區,房地(土地+建物)+車位,臺中市南屯區春安三街２００號十三樓之５,9.39,都市：其他:第五種住宅區,,,1150613,土地1建物1車位1,十三層,二十四層,住宅大樓(11層含以上有電梯),住家用,鋼筋混凝土造,1130704,109.12,2,2,1,有,有,11630000,106580,坡道平面,29.11,0,,RPOOMLOLQHLGFCB18DA,47.14,0.0,5.97,有,0122
西屯區,房地(土地+建物)+車位,臺中市西屯區臺灣大道四段１２３０巷３３號五樓之１,36.7,都市：其他:第一之一種住宅區,,,1150628,土地1建物1車位1,五層,七層,華廈(10層含以下有電梯),住家用,鋼筋混凝土造,1150411,106.38,2,2,1,有,有,12280000,147688,坡道機械,30.68,1100000,,RPVVMLOLQHLGFCB96DA,45.19,0.0,3.4,有,
霧峰區,房地(土地+建物),臺中市霧峰區新厝路３００巷１４５號,96.7,,特定農業區,甲種建築用地,1150624,土地1建物1車位0,全,四層,透天厝,住家用,鋼筋混凝土造,0900320,212.78,9,3,3,有,無,13000000,61096,,0.0,0,頂樓加蓋；含租約；,RPWNMLSKQHLGFIB17DA,189.49,0.0,23.29,無,
烏日區,房地(土地+建物)+車位,臺中市烏日區三榮路一段４１９號十一樓之１,30.4,都市：其他:第二種住宅區,,,1150618,土地1建物1車位1,十一層,十四層,住宅大樓(11層含以上有電梯),住家用,鋼筋混凝土造,1051014,158.92000000000002,3,2,2,有,有,15880000,99924,坡道平面,36.04,0,,RPXVMLSJRHLGFIB08DA,73.37,2.31,9.2,有,0123
太平區,房地(土地+建物)+車位,臺中市太平區環中東路三段６１６號二樓之１,21.48,都市：其他:住宅區,,,1150616,土地1建物1車位1,二層,十三層,住宅大樓(11層含以上有電梯),住家用,鋼筋混凝土造,1140911,135.32,2,2,2,有,有,12250000,99493,坡道平面,30.79,1850000,,RPQNMLMJRHLGFJB68DA,62.86,0.0,6.15,有,
東區,房地(土地+建物)+車位,臺中市東區東英十七街５９號五樓之２,19.99,都市：其他:第二之一種商業區,,,1150607,土地1建物1車位2,五層,二十四層,住宅大樓(11層含以上有電梯),住家用,鋼筋混凝土造,1110615,214.82,4,2,2,有,有,20850000,97058,坡道平面,60.94,0,,RPOPMLLKQHLGFAB67DA,96.24,0.0,7.09,有,0124
西屯區,房地(土地+建物)+車位,臺中市西屯區西屯路二段２３６號二十二樓之６,16.81,都市：其他:第五之一種住宅區,,,1150620,土地4建物1車位1,二十二層,二十二層,住宅大樓(11層含以上有電梯),住家用,鋼筋混凝土造,1080627,166.82999999999998,2,2,2,有,有,26580000,190901,坡道平面,39.12,2200000,其他增建；,RPQNMLKLOHLGFCB67DA,73.78,3.94,7.4,有,0125
西屯區,房地(土地+建物)+車位,臺中市西屯區國安一路１０５號五樓之７,9.52,都市：其他:第六種住宅區,,,1150628,土地1建物1車位1,五層,二十二層,住宅大樓(11層含以上有電梯),住家用,鋼筋混凝土造,0971127,107.07,2,2,1,有,有,11200000,104604,坡道機械,13.92,0,,RPURMLKKQHLGFCB58DA,55.2,4.46,5.41,有,
西屯區,房地(土地+建物)+車位,臺中市西屯區國安一路２２９號十二樓之７,11.87,都市：其他:第六種住宅區,,,1150629,土地1建物1車位1,十二層,二十一層,住宅大樓(11層含以上有電梯),住家用,鋼筋混凝土造,1031113,136.69,2,2,1,有,有,15800000,115590,坡道平面,40.26,0,,RPQPMLSJRHLGFCB78DA,55.71,2.54,5.57,有,
南屯區,房地(土地+建物)+車位,臺中市南屯區寶山東二街１９巷８號十樓之２,27.58,都市：其他:第二種住宅區,,,1150630,土地1建物1車位1,十層,十二層,住宅大樓(11層含以上有電梯),住家用,鋼筋混凝土造,0961218,189.45,4,2,2,有,有,10500000,55424,坡道平面,23.86,0,親友、員工、共有人或其他特殊關係間之交易；,RPPNMLTJRHLGFCB58DA,97.46,2.89,15.82,有,
豐原區,房地(土地+建物),臺中市豐原區成功路５６６巷１１號,88.05,都市：其他:第二種住宅區,,,1150602,土地2建物1車位0,全,二層,透天厝,住家用,加強磚造,0761114,100.8,3,2,2,有,無,12400000,123016,,0.0,0,陽台外推；頂樓加蓋；其他增建；,RPTNMLOKQHLGFDB58DA,94.5,0.0,6.3,無,
大甲區,房地(土地+建物)+車位,臺中市大甲區彈正路３號九樓之２,24.95,都市：其他:住宅區,,,1150625,土地1建物1車位1,九層,十一層,住宅大樓(11層含以上有電梯),住家用,鋼筋混凝土造,1131001,134.72,3,2,2,有,有,9800000,72743,坡道平面,27.68,0,,RPTNMLLKQHLGFEB38DA,65.49,0.0,5.92,有,0126
梧棲區,房地(土地+建物)+車位,臺中市梧棲區港埠路二段１３８號三樓之６,11.42,都市：其他:第五種住宅區,,,1150620,土地2建物1車位1,三層,十二層,住宅大樓(11層含以上有電梯),住家用,鋼筋混凝土造,1131206,77.82,2,2,1,有,有,5450000,70033,坡道機械,16.54,0,,RPVNMLKLQHLGFFB68DA,41.15,0.0,3.13,有,0127
東勢區,房地(土地+建物),臺中市東勢區中新街２０號,106.31,都市：其他:住宅區,,,1150609,土地1建物1車位0,全,四層,透天厝,住家用,鋼筋混凝土造,1120119,241.77,4,3,4,有,無,16380000,67750,,0.0,0,頂樓加蓋；,RPPNMLTJRHLGFGB98DA,238.0,0.0,3.77,無,
潭子區,房地(土地+建物),臺中市潭子區頭家路１１０號四樓,22.19,都市：其他:第一之一種住宅區,,,1150612,土地1建物1車位0,四層,七層,華廈(10層含以下有電梯),住家用,鋼筋混凝土造,0811114,124.02,3,2,2,有,有,7450000,60076,,0.0,0,,RPTNMLRLPHLGFHB66DA,93.94,0.0,14.67,有,
大雅區,房地(土地+建物),臺中市大雅區民族街１４２號,84.0,都市：其他:第一種住宅區,,,1150621,土地1建物1車位0,全,四層,透天厝,住家用,鋼筋混凝土造,1131004,290.21,5,3,6,有,無,30500000,105096,,0.0,0,,RPXNMLLJRHLGFHB09DA,270.31,0.0,19.9,有,
太平區,房地(土地+建物)+車位,臺中市太平區太順路３８５號二樓之２,24.61,都市：其他:住宅區,,,1150623,土地1建物1車位2,二層,十五層,住宅大樓(11層含以上有電梯),住家用,鋼筋混凝土造,1060707,188.24,3,2,2,有,有,9150000,48608,坡道平面,55.8,0,,RPWNMLOKPHLGFJB76DA,80.4,0.0,9.55,有,0128
太平區,房地(土地+建物)+車位,臺中市太平區新福路５８號六樓,17.47,都市：其他:住宅區,,,1150617,土地1建物1車位1,六層,十五層,住宅大樓(11層含以上有電梯),住家用,鋼筋混凝土造,0860426,159.47,4,2,2,有,有,9680000,60701,坡道平面,0.0,0,,RPUOMLKMPHLGFJB09DA,90.03,0.0,14.21,有,
東區,房地(土地+建物)+車位,臺中市東區自由路四段２５５號五樓之７,15.44,都市：其他:第二種商業區,,,1150603,土地1建物1車位1,五層,十五層,住宅大樓(11層含以上有電梯),住家用,鋼筋混凝土造,1110518,160.09,3,2,2,有,有,18600000,116185,坡道平面,26.28,0,,RPWNMLQKOHLGFAB58DA,81.12,0.0,8.56,有,0129
西區,房地(土地+建物)+車位,臺中市西區英才路４６８號１３樓之１,12.58,都市：其他:第二種住宅區,,,1150623,土地1建物1車位1,十三層,十五層,住宅大樓(11層含以上有電梯),住家用,鋼筋混凝土造,0850111,162.66,3,2,2,有,有,17500000,107586,坡道平面,0.0,0,,RPPNMLQJQHLGFAB97DA,82.54,2.29,18.41,有,
西區,房地(土地+建物),臺中市西區華美街１５４巷２號五樓,20.31,都市：其他:第二種住宅區,,,1150617,土地1建物1車位0,五層,五層,公寓(5樓含以下無電梯),住家用,鋼筋混凝土造,0680517,65.21,2,2,1,有,無,3500000,53673,,0.0,0,,RPUNMLTJRHLGFAB88DA,65.21,0.0,0.0,無,
中區,房地(土地+建物),臺中市中區大誠街７１號,89.0,都市：其他:第二種商業區,,,1150605,土地5建物1車位0,全,五層,透天厝,其他,鋼筋混凝土造,0700413,263.01,4,2,5,有,無,18600000,70720,,0.0,0,其他增建；,RPVNMLTJRHLGFAB98DA,263.01,0.0,0.0,無,
西屯區,房地(土地+建物),臺中市西屯區寶慶街５０巷１３號六樓之１０,6.7,都市：其他:第三種商業區,,,1150606,土地2建物1車位0,六層,十層,華廈(10層含以下有電梯),住家用,鋼筋混凝土造,0811120,61.38,1,1,1,有,有,5100000,83089,,0.0,0,,RPXTMLLJPHLGFCB98DA,44.19,0.0,1.87,有,
南屯區,房地(土地+建物)+車位,臺中市南屯區春安路１３０號十三樓之１,10.37,都市：其他:第五種住宅區,,,1150609,土地1建物1車位1,十三層,十三層,住宅大樓(11層含以上有電梯),住家用,鋼筋混凝土造,1081128,107.66,1,1,1,有,有,9500000,88241,坡道平面,38.54,0,,RPXPMLPJQHLGFCB09DA,42.05,0.0,4.61,有,0130
豐原區,房地(土地+建物)+車位,臺中市豐原區向陽路３１８號十樓之１,14.99,都市：其他:第三種住宅區。,,,1150613,土地1建物1車位1,十層,十三層,住宅大樓(11層含以上有電梯),住家用,鋼筋混凝土造,0930802,156.53,3,2,2,有,有,12300000,78579,坡道平面,0.0,0,,RPSNMLMLOHLGFDB18DA,74.49,3.27,11.54,有,
豐原區,房地(土地+建物),臺中市豐原區水源路９巷１５３號,134.77,都市：其他:第一之二種住宅區,,,1150618,土地4建物1車位0,全,四層,透天厝,住家用,鋼筋混凝土造,1130506,355.23,7,2,7,有,有,39000000,109788,,0.0,0,,RPPNMLMLPHLGFDB97DA,339.38,0.0,15.53,有,
豐原區,房地(土地+建物),臺中市豐原區北陽路４５０巷９８弄１５號,86.8,都市：其他:第一之二種住宅區,,,1150620,土地1建物1車位0,全,二層,透天厝,住家用,加強磚造,0651023,75.24,3,2,1,有,無,6500000,86390,,0.0,0,頂樓加蓋；其他增建；,RPUNMLTKQHLGFDB56DA,75.24,0.0,0.0,無,
潭子區,房地(土地+建物),臺中市潭子區潭興路一段１７巷１３之１１８號,135.76,,鄉村區,乙種建築用地,1150630,土地1建物1車位0,全,二層,透天厝,住家用,加強磚造,0690701,100.76,4,2,4,有,無,10400000,103216,,0.0,0,壹樓空地、一樓增建沿著加蓋、二樓主臥增建陽台、三樓整層增建陽台外推；其他增建；,RPRNMLKLQHLGFHB48DA,100.76,0.0,0.0,無,0131
南區,房地(土地+建物)+車位,臺中市南區學府路８８號十一樓之三,24.88,都市：其他:第二種住宅區,,,1150624,土地2建物1車位1,十一層,十四層,住宅大樓(11層含以上有電梯),住家用,鋼筋混凝土造,1000729,155.34,3,2,2,有,有,16880000,121633,坡道平面,31.36,1800000,,RPQQMLMKQHLGFAB08DA,74.87,2.08,8.67,有,
西屯區,房地(土地+建物),臺中市西屯區工業區十五路８號,2321.0,都市：其他:乙種工業區,,,1150629,土地1建物2車位0,全,一層,透天厝,辦公用,鋼架造,0780808,1176.48,0,0,0,無,無,322967150,274520,,0.0,0,,RPWNMLSLPHLGFCB56DA,1165.55,0.0,10.93,無,0132
西屯區,房地(土地+建物)+車位,臺中市西屯區臺灣大道三段６８９號二十四樓之１,22.77,都市：其他:第四之一種商業區,,,1150624,土地1建物1車位2,二十四層,二十四層,住宅大樓(11層含以上有電梯),住家用,鋼筋混凝土造,1020603,322.0,4,2,3,有,有,38800000,120497,坡道機械,29.08,0,,RPXPMLSJRHLGFCB86DA,166.03,5.81,22.23,有,0133
后里區,土地,里城段211地號,1266.52,,特定農業區,農牧用地,1150628,土地2建物0車位0,,,其他,,,,0.0,0,0,0,無,無,7600000,6001,,0.0,0,,RPSNMLKMPHLGFDB18DA,0.0,0.0,0.0,無,
大甲區,房地(土地+建物),臺中市大甲區臨江路８２巷２５號,116.0,,特定農業區,甲種建築用地,1150607,土地1建物1車位0,全,三層,透天厝,其他,鋼筋混凝土造,0850111,134.76,5,3,3,有,無,7500000,55654,,0.0,0,陽台外推；其他增建；,RPSNMLNLPHLGFEB48DA,125.76,0.0,9.0,無,
沙鹿區,土地,正義段600地號,177.07,都市：其他:第二種住宅區,,,1150616,土地1建物0車位0,,,其他,,,,0.0,0,0,0,無,無,9640800,54446,,0.0,0,未登記建物；,RPVNMLTLPHLGFFB86DA,0.0,0.0,0.0,無,
石岡區,房地(土地+建物),臺中市石岡區明德路１８７巷１１弄１號,96.7,都市：其他:農業區,,,1150630,土地2建物1車位0,全,三層,透天厝,住家用,鋼筋混凝土造,0831201,181.21,4,2,3,有,無,9400000,51874,,0.0,0,其他增建；,RPQNMLLMQHLGFGB48DA,172.89,0.0,8.32,無,
潭子區,房地(土地+建物)+車位,臺中市潭子區合作街３８巷３２號十樓,16.32,都市：其他:第一之二種商業區,,,1150624,土地1建物1車位1,十層,十二層,住宅大樓(11層含以上有電梯),住家用,鋼筋混凝土造,0871211,160.45,3,2,2,有,有,10700000,66687,坡道平面,29.4,0,,RPQNMLTKQHLGFHB56DA,85.62,0.0,14.05,有,
南區,房地(土地+建物)+車位,臺中市南區福田一街１８９號十九樓之３,31.35,都市：其他:第三種住宅區。,,,1150607,土地1建物1車位2,十九層,二十層,住宅大樓(11層含以上有電梯),住家用,鋼筋混凝土造,1051101,273.85,3,2,2,有,有,33800000,123425,坡道平面,54.76,0,,RPTOMLNJQHLGFAB18DA,121.8,0.0,23.66,有,0134
東區,房地(土地+建物),臺中市東區富榮街２１號７樓,31.52,都市：其他:第二種住宅區,,,1150630,土地1建物1車位0,七層,十六層,住宅大樓(11層含以上有電梯),住家用,鋼筋混凝土造,0890815,159.82,3,2,2,有,有,12500000,78213,,0.0,0,玄關為小公。,RPTNMLKKRHLGFAB97DA,101.51,0.0,14.16,有,0135
東區,房地(土地+建物),臺中市東區東光園路８６巷４１弄１４號,97.0,都市：其他:第七種住宅區,,,1150622,土地1建物1車位0,全,二層,透天厝,住工用,加強磚造,0751017,129.68,3,2,4,有,無,17800000,137261,,0.0,0,,RPSOMLLKRHLGFAB08DA,119.11,7.76,2.81,無,
西屯區,房地(土地+建物)+車位,臺中市西屯區天水西四街３號三樓之２,18.17,都市：其他:第二種住宅區,,,1150614,土地1建物1車位1,三層,九層,華廈(10層含以下有電梯),住家用,鋼筋混凝土造,1010427,109.97,2,2,1,有,有,12500000,126500,坡道機械,17.48,800000,,RPSNMLOKOHLGFCB18DA,56.06,1.06,6.48,有,
西屯區,房地(土地+建物)+車位,臺中市西屯區惠中路一段１３３號九樓之５,22.06,都市：其他:第三種新市政中心專用區,,,1150625,土地1建物1車位2,九層,十九層,住宅大樓(11層含以上有電梯),住家用,鋼筋混凝土造,0960702,300.02,3,2,2,有,有,36750000,122492,坡道平面,37.41,0,陽台外推；,RPQQMLKKRHLGFCB18DA,123.76,6.71,47.12,有,
西屯區,房地(土地+建物),臺中市西屯區福科路３７７巷６號九樓之５,46.52,都市：其他:第一之一種住宅區,,,1150617,土地2建物1車位0,九層,二十四層,住宅大樓(11層含以上有電梯),住家用,鋼筋混凝土造,1130911,194.74,3,2,3,有,有,39800000,204375,,0.0,0,,RPSQMLOKRHLGFCB78DA,122.36,0.0,5.87,有,
沙鹿區,房地(土地+建物)+車位,臺中市沙鹿區自強路４３２號六樓之６,25.78,都市：其他:第二種住宅區,,,1150608,土地1建物1車位1,六層,十五層,住宅大樓(11層含以上有電梯),住家用,鋼筋混凝土造,1150802,132.72,2,2,2,有,有,10650000,95926,坡道平面,39.94,1750000,預售屋、或土地及建物分件登記案件；,RPTTMLRJRHLGFFB07DA,55.41,0.0,6.08,有,
新社區,房地(土地+建物),臺中市新社區中和街五段５０號,94.19,都市：其他:住宅區,,,1150629,土地1建物1車位0,全,三層,透天厝,住家用,鋼筋混凝土造,0791031,190.32,5,3,3,有,無,8060000,42350,,0.0,0,其他增建：壹樓空地、鐵鋁窗增建、遮雨棚增建。陽台外推；頂樓加蓋；其他增建；,RPRNMLKMPHLGFGB38DA,182.24,0.0,8.08,無,
太平區,房地(土地+建物)+車位,臺中市太平區環中東路三段６６０號十二樓之７,19.42,都市：其他:住宅區,,,1150620,土地1建物1車位1,十二層,十四層,住宅大樓(11層含以上有電梯),住家用,鋼筋混凝土造,1120522,124.74000000000001,2,1,1,有,有,12600000,101010,坡道平面,29.96,0,,RPTNMLQLOHLGFJB66DA,54.49,0.0,8.68,有,0136
太平區,房地(土地+建物)+車位,臺中市太平區旱溪西路二段２４５號七樓之５,33.6,都市：其他:住宅區,,,1150601,土地1建物1車位1,七層,十五層,住宅大樓(11層含以上有電梯),住家用,鋼筋混凝土造,1051104,195.57999999999998,4,2,2,有,有,16000000,81598,坡道平面,17.88,1500000,,RPSOMLRKQHLGFJB86DA,105.02,2.28,13.46,有,0137
東區,房地(土地+建物)+車位,臺中市東區公園東路５５號十三樓之６,14.84,都市：其他:第四之二種商業區,,,1150627,土地1建物1車位2,十三層,十五層,住宅大樓(11層含以上有電梯),住家用,鋼筋混凝土造,1111029,194.71,3,2,2,有,有,20500000,105285,坡道平面,72.76,0,,RPVSMLLLPHLGFAB68DA,73.98,0.0,7.97,有,0138
西屯區,房地(土地+建物),臺中市西屯區太原路一段１８７號五樓之８,13.12,都市：其他:第二種住宅區,,,1150628,土地1建物1車位0,五層,八層,華廈(10層含以下有電梯),住家用,鋼筋混凝土造,0970418,61.459999999999994,1,1,1,有,有,7000000,113895,,0.0,0,,RPQRMLQJPHLGFCB58DA,32.62,2.94,5.13,有,0139
東勢區,房地(土地+建物),臺中市東勢區東關路六段１１８８號,113.08,都市：其他:乙種工業區,,,1150629,土地1建物1車位0,全,三層,透天厝,辦公用,鋼筋混凝土造,0740624,214.74,7,2,3,有,無,8500000,39583,,0.0,0,頂樓加蓋；其他增建；,RPPNMLRJRHLGFGB78DA,214.74,0.0,0.0,無,
南區,房地(土地+建物)+車位,臺中市南區福田二街１８０號三樓之５,30.25,都市：其他:第三種住宅區。,,,1150509,土地2建物1車位1,三層,十五層,住宅大樓(11層含以上有電梯),住家用,鋼筋混凝土造,1150516,191.92000000000002,4,2,2,有,有,25270000,140890,坡道平面,27.11,2050000,預售屋、或土地及建物分件登記案件；,RPWPMLLLPHLGFAB48DA,98.24,0.0,10.29,有,
南區,房地(土地+建物)+車位,臺中市南區福田二街１７８號八樓之３,23.27,都市：其他:第三種住宅區。,,,1150520,土地2建物1車位1,八層,十五層,住宅大樓(11層含以上有電梯),住家用,鋼筋混凝土造,1150516,153.95,3,2,2,有,有,20500000,145459,坡道平面,27.11,2050000,預售屋、或土地及建物分件登記案件；,RPPPMLKKQHLGFAB67DA,76.28,0.0,7.3,有,
西屯區,房地(土地+建物)+車位,臺中市西屯區市政北一路３２２號九樓之２,30.09,都市：其他:第一種新市政中心專用區,,,1150524,土地1建物1車位2,九層,十四層,住宅大樓(11層含以上有電梯),住家用,ＲＣ造,0940114,262.25,4,2,2,有,有,35000000,133460,坡道平面,47.2,0,,RPTPMLTJPHLGFCB98DA,125.36,5.17,13.7,有,
西屯區,房地(土地+建物)+車位,臺中市西屯區臺灣大道三段１１２號二樓之３,26.49,都市：其他:第五種住宅區,,,1150506,土地2建物1車位1,二層,十九層,住宅大樓(11層含以上有電梯),住家用,鋼筋混凝土造,1150625,180.57999999999998,3,2,2,有,有,31730000,197434,坡道平面,33.29,2650000,預售屋、或土地及建物分件登記案件；,RPSOMLTLQHLGFCB09DA,82.44,0.0,12.7,有,
西屯區,房地(土地+建物)+車位,臺中市西屯區工業區一路６號十一樓之３,16.39,都市：其他:第三種住宅區。,,,1150524,土地1建物1車位1,十一層,十四層,住宅大樓(11層含以上有電梯),住家用,鋼筋混凝土造,0830330,158.93,3,2,2,有,有,13700000,86201,坡道平面,0.0,0,,RPTNMLRJRHLGFCB78DA,92.26,1.38,13.44,有,0140
西屯區,房地(土地+建物)+車位,臺中市西屯區漢翔東路３７號八樓之３,33.76,都市：其他:第二種創新研發專用區,,,1150519,土地1建物1車位1,八層,九層,華廈(10層含以下有電梯),住家用,鋼筋混凝土造,1110712,155.43,3,2,2,有,有,17000000,109374,坡道平面,32.39,0,,RPXNMLRJRHLGFCB56DA,74.39,0.0,6.32,有,0141
霧峰區,房地(土地+建物),臺中市霧峰區大坑巷４３之３２號,115.23,,特定農業區,甲種建築用地,1150524,土地6建物1車位0,全,四層,透天厝,住家用,鋼筋混凝土造,1141107,204.21,5,2,4,有,無,15000000,73454,,0.0,0,其他增建；,RPSOMLOKQHLGFIB09DA,189.13,0.0,15.08,無,
太平區,房地(土地+建物),臺中市太平區新仁路一段４０巷７號,349.01,都市：其他:乙種工業區,,,1150511,土地1建物1車位0,全,一層,透天厝,辦公用,鋼造,0760225,229.72,4,3,2,有,無,18000000,78356,,0.0,0,親友、員工、共有人或其他特殊關係間之交易；,RPPNMLSJRHLGFJB56DA,229.72,0.0,0.0,無,
東區,房地(土地+建物)+車位,臺中市東區樂業一路５號十二樓之５,19.5,都市：其他:第二種住宅區,,,1150507,土地2建物1車位1,十二層,十五層,住宅大樓(11層含以上有電梯),住家用,鋼筋混凝土造,1120706,157.33999999999997,3,2,2,有,有,19600000,124571,坡道平面,28.76,0,,RPOOMLQLQHLGFAB18DA,76.97,0.0,9.24,有,0142
南屯區,房地(土地+建物)+車位,臺中市南屯區公益路二段６０８號十樓之３,12.85,都市：其他:第三種住宅區。,,,1150522,土地1建物1車位1,十層,二十五層,住宅大樓(11層含以上有電梯),住家用,鋼筋混凝土造,0860715,179.69,3,2,2,有,有,11000000,61217,坡道平面,23.51,0,,RPSPMLNJRHLGFCB48DA,105.12,0.0,13.44,有,
南屯區,土地,永富段9地號,164.94,都市：其他:第一之C種住宅區,,,1150520,土地1建物0車位0,,,其他,,,,0.0,0,0,0,無,無,49894000,302498,,0.0,0,,RPPNMLPLOHLGFCB08DA,0.0,0.0,0.0,無,
豐原區,土地,萬年段259地號,2130.63,都市：其他:道路用地,,,1150527,土地5建物0車位0,,,其他,,,,0.0,0,0,0,無,無,63666000,29881,,0.0,0,包含公共設施保留地用地；,RPSNMLOKQHLGFDB48DA,0.0,0.0,0.0,無,
大雅區,房地(土地+建物),臺中市大雅區昌平路四段２８２南七巷３１弄１０號,52.71,都市：其他:農業區,,,1150525,土地2建物1車位0,全,三層,透天厝,住家用,鋼筋混凝土造,0811128,88.92,2,2,3,有,無,4700000,52857,,0.0,0,,RPRNMLOJQHLGFHB68DA,88.92,0.0,0.0,無,0143
太平區,房地(土地+建物),臺中市太平區長億南街５５巷３８之６號,70.75,都市：其他:住宅區,,,1150517,土地3建物1車位0,全,四層,透天厝,住家用,鋼筋混凝土造,1150319,174.99,3,2,3,有,無,19380000,110749,,0.0,0,其他增建；,RPQQMLTJRHLGFJB07DA,161.45,0.0,13.54,無,
西區,房地(土地+建物)+車位,臺中市西區五權三街５７號二樓之三,20.34,都市：其他:第三種住宅區。,,,1150516,土地1建物1車位1,二層,八層,華廈(10層含以下有電梯),住家用,鋼筋混凝土造,0960827,151.31,3,2,2,有,有,18000000,118961,坡道機械,19.35,0,陽台外推；,RPQOMLPLQHLGFAB28DA,72.04,7.53,13.44,有,
沙鹿區,房地(土地+建物),臺中市沙鹿區天池街２９號,75.62,都市：其他:第四種住宅區,,,1150525,土地1建物1車位0,全,二層,透天厝,住家用,加強磚造,0750120,113.23,3,2,2,有,無,9300000,82134,,0.0,0,夾層；其他增建；,RPWOMLRJQHLGFFB76DA,113.23,0.0,0.0,無,0144
東區,房地(土地+建物)+車位,臺中市東區樂業二路９２號四樓之１８,6.94,都市：其他:第三之一種商業區,,,1150517,土地1建物1車位1,四層,二十八層,住宅大樓(11層含以上有電梯),辦公用,鋼筋混凝土造,1140521,102.47999999999999,0,0,0,無,有,11300000,110265,坡道平面,29.87,0,,RPOOMLLKRHLGFAB67DA,39.63,0.0,5.38,有,0145
西屯區,房地(土地+建物)+車位,臺中市西屯區西屯路二段２９７之８巷６２號十二樓之５,17.47,都市：其他:第三之二種住宅區,,,1150515,土地1建物1車位1,十二層,十六層,住宅大樓(11層含以上有電梯),住家用,鋼筋混凝土造,0830318,169.01,3,2,2,有,有,14030000,83013,坡道平面,0.0,0,陽台外推；,RPUOMLRJRHLGFCB98DA,88.38,0.0,17.78,有,0146
沙鹿區,房地(土地+建物)+車位,臺中市沙鹿區自強路４３２號七樓之３,24.05,都市：其他:第二種住宅區,,,1150515,土地1建物1車位1,七層,十五層,住宅大樓(11層含以上有電梯),住家用,鋼筋混凝土造,1150802,126.83000000000001,2,2,1,有,有,9770000,94027,坡道平面,39.94,1600000,預售屋、或土地及建物分件登記案件；,RPUSMLRJRHLGFFB07DA,53.17,0.0,4.43,有,
沙鹿區,房地(土地+建物)+車位,臺中市沙鹿區自強路４３２號三樓之５,35.32,都市：其他:第二種住宅區,,,1150519,土地1建物1車位1,三層,十五層,住宅大樓(11層含以上有電梯),住家用,鋼筋混凝土造,1150802,167.13,3,2,2,有,有,12600000,86485,坡道平面,39.94,1600000,預售屋、或土地及建物分件登記案件；,RPWSMLRJRHLGFFB27DA,76.8,0.0,7.52,有,
沙鹿區,房地(土地+建物)+車位,臺中市沙鹿區自強路４３２號七樓之６,25.78,都市：其他:第二種住宅區,,,1150504,土地1建物1車位1,七層,十五層,住宅大樓(11層含以上有電梯),住家用,鋼筋混凝土造,1150802,132.72,2,2,2,有,有,10860000,96573,坡道平面,39.94,1900000,預售屋、或土地及建物分件登記案件；,RPUTMLRJRHLGFFB17DA,55.41,0.0,6.08,有,
沙鹿區,房地(土地+建物)+車位,臺中市沙鹿區自強路４３２號十四樓之６,25.78,都市：其他:第二種住宅區,,,1150519,土地1建物1車位1,十四層,十五層,住宅大樓(11層含以上有電梯),住家用,鋼筋混凝土造,1150802,132.72,2,2,2,有,有,11200000,101854,坡道平面,39.94,1750000,預售屋、或土地及建物分件登記案件；,RPVTMLRJRHLGFFB27DA,55.41,0.0,6.08,有,
潭子區,房地(土地+建物),臺中市潭子區勝利七街１９巷２號,75.59,都市：其他:第一之二種住宅區,,,1150524,土地3建物1車位0,全,四層,透天厝,住家用,鋼筋混凝土造,0960629,208.79,4,3,3,有,無,18500000,88606,,0.0,0,,RPPNMLLKQHLGFHB28DA,174.67,1.78,32.34,無,
南屯區,土地,保安段249-1地號,57.0,都市：其他:排水道,,,1150518,土地1建物0車位0,,,其他,,,,0.0,0,0,0,無,無,5159070,90510,,0.0,0,包含公共設施保留地用地；,RPRNMLOKQHLGFCB28DA,0.0,0.0,0.0,無,
南屯區,房地(土地+建物),臺中市南屯區大墩四街４８６號,88.76,都市：其他:第二種住宅區,,,1150416,土地1建物1車位0,全,四層,透天厝,住商用,鋼筋混凝土造,0870820,188.49,7,1,5,有,無,21000000,111412,,0.0,0,親友、員工、共有人或其他特殊關係間之交易；,RPTOMLNJRHLGFCB48DA,171.97,0.0,16.52,無,
沙鹿區,房地(土地+建物)+車位,臺中市沙鹿區永寧路一段５號三樓之１,23.29,都市：其他:第三種商業區,,,1150425,土地1建物1車位2,三層,十五層,住宅大樓(11層含以上有電梯),住家用,鋼筋混凝土造,1140627,218.66000000000003,4,2,2,有,有,16060000,87006,坡道平面,59.36,2200000,含裝潢費1030000元；,RPSOMLOJRHLGFFB78DA,97.32,0.0,9.8,有,
南區,房地(土地+建物)+車位,臺中市南區福田二街８號十二樓之５,22.34,都市：其他:第三種住宅區。,,,1150419,土地2建物1車位1,十二層,十五層,住宅大樓(11層含以上有電梯),住家用,鋼筋混凝土造,1051212,172.66,3,2,2,有,有,19000000,125655,坡道平面,33.4,1500000,,RPQNMLTKMHLGFAB08DA,84.02,1.11,9.48,有,0147
太平區,房地(土地+建物)+車位,臺中市太平區環中東路三段３９７號五樓之１,23.89,都市：其他:住宅區,,,1150418,土地1建物1車位1,五層,十四層,住宅大樓(11層含以上有電梯),住家用,鋼筋混凝土造,1131017,155.06,3,2,2,有,有,13580000,92177,坡道平面,24.55,1550000,,RPSNMLNJRHLGFJB98DA,79.01,0.0,7.44,有,
西區,房地(土地+建物)+車位,臺中市西區五權西路一段１６７號三十二樓,142.54,都市：其他:第二種住宅區,,,1150423,土地2建物1車位3,三十二層,三十九層,住宅大樓(11層含以上有電梯),住家用,鋼骨造,1050801,886.13,0,0,0,無,有,130000000,161521,坡道平面,109.14,4500000,,RPRNMLRJRHLGFAB38DA,469.81,0.0,50.69,有,
南區,房地(土地+建物)+車位,臺中市南區文心南路９０１巷５號１７樓之２,8.67,都市：其他:第三種住宅區。,,,1150404,土地1建物1車位1,十七層,十七層,住宅大樓(11層含以上有電梯),住家用,鋼筋混凝土造,0860204,115.15,3,2,2,有,有,7710000,66956,坡道機械,0.0,0,其他增建；,RPWOMLRJRHLGFAB98DA,66.94,0.0,7.95,有,
外埔區,房地(土地+建物)+車位,臺中市外埔區東西巷３２之８號七樓之５,31.85,,鄉村區,乙種建築用地,1150413,土地1建物1車位1,七層,七層,華廈(10層含以下有電梯),住家用,鋼筋混凝土造,1150608,112.12,3,2,2,有,有,8700000,78270,坡道機械,9.91,700000,配偶贈與。換約日期：115.07.04。換約價格：870萬元。預售屋、或土地及建物分件登記案件；,RPPOMLOKRHLGFEB48DA,68.3,0.0,6.17,有,
沙鹿區,房地(土地+建物)+車位,臺中市沙鹿區自強路４３２號五樓之２,35.32,都市：其他:第二種住宅區,,,1150423,土地1建物1車位1,五層,十五層,住宅大樓(11層含以上有電梯),住家用,鋼筋混凝土造,1150802,167.13,3,2,2,有,有,12880000,88686,坡道平面,39.94,1600000,預售屋、或土地及建物分件登記案件；,RPWTMLRJRHLGFFB37DA,76.8,0.0,7.52,有,
沙鹿區,房地(土地+建物)+車位,臺中市沙鹿區自強路４３２號六樓之５,35.32,都市：其他:第二種住宅區,,,1150407,土地1建物1車位1,六層,十五層,住宅大樓(11層含以上有電梯),住家用,鋼筋混凝土造,1150802,166.01,3,2,2,有,有,13100000,90809,坡道平面,38.82,1550000,讓渡日期:115.08.17讓渡關係:夫妻預售屋、或土地及建物分件登記案件；,RPQUMLRJRHLGFFB86DA,76.8,0.0,7.52,有,
太平區,房地(土地+建物)+車位,臺中市太平區環中東路三段２６５號十一樓之２,23.5,都市：其他:住宅區,,,1150423,土地1建物1車位1,十一層,十五層,住宅大樓(11層含以上有電梯),住家用,鋼筋混凝土造,1140321,148.32999999999998,3,2,2,有,有,14020000,102324,坡道平面,28.71,1780000,,RPRNMLSJRHLGFJB76DA,68.9,0.0,8.98,有,
沙鹿區,房地(土地+建物),臺中市沙鹿區正英八街１８０號,101.06,都市：其他:第二種住宅區,,,1150416,土地2建物1車位0,全,四層,透天厝,住家用,鋼筋混凝土造,1140916,246.08,4,3,5,有,有,33800000,137354,,0.0,0,,RPOPMLPKRHLGFFB68DA,227.17,0.0,18.91,有,
西區,房地(土地+建物)+車位,臺中市西區中美街１３９號九樓之１,55.13,都市：其他:第二種住宅區,,,1150311,土地1建物1車位2,九層,十一層,住宅大樓(11層含以上有電梯),住家用,鋼筋混凝土造,1050629,354.05,4,3,3,有,有,48000000,135574,坡道平面,52.92,0,依土地法34條之一規定辦理,RPPOMLKMPHLGFAB67DA,169.02,13.84,18.82,有,
西屯區,房地(土地+建物),臺中市西屯區西安街２７７巷２５弄２６號二樓之８,5.23,都市：其他:第二種住宅區,,,1150316,土地1建物1車位0,二層,七層,華廈(10層含以下有電梯),住家用,鋼筋混凝土造,0830120,32.41,1,1,1,有,有,2450000,75594,,0.0,0,,RPQOMLSJRHLGFCB68DA,16.17,0.0,5.04,有,
西屯區,房地(土地+建物),臺中市西屯區西安街２７７巷２５弄２６號二樓之１０,5.23,都市：其他:第二種住宅區,,,1150316,土地1建物1車位0,二層,七層,華廈(10層含以下有電梯),住家用,鋼筋混凝土造,0830120,32.41,1,1,1,有,有,2450000,75594,,0.0,0,,RPUOMLSJRHLGFCB09DA,16.17,0.0,5.04,有,
后里區,房地(土地+建物),臺中市后里區甲后路一段４５６巷１６弄３２號,254.39,都市：其他:乙種工業區,,,1150328,土地1建物1車位0,全,三層,透天厝,辦公用,鋼筋混凝土造,0940809,412.56,4,3,4,有,無,31500000,76353,,0.0,0,,RPXNMLRJRHLGFDB66DA,396.3,0.0,16.26,無,
潭子區,房地(土地+建物),臺中市潭子區大豐路三段１５１號,92.68,都市：其他:農業區,,,1150309,土地1建物1車位0,全,四層,透天厝,住家用,鋼筋混凝土造,1150113,269.81,4,4,6,有,無,36500000,135280,,0.0,0,土地買賣價款新台幣2120萬元整建物買賣價款新台幣1530萬元整,RPSNMLSJRHLGFHB66DA,247.35,0.0,22.46,無,
沙鹿區,房地(土地+建物)+車位,臺中市沙鹿區自強路４３２號六樓之３,24.05,都市：其他:第二種住宅區,,,1150318,土地1建物1車位1,六層,十五層,住宅大樓(11層含以上有電梯),住家用,鋼筋混凝土造,1150802,126.83000000000001,2,2,1,有,有,10220000,100357,坡道平面,39.94,1500000,預售屋、或土地及建物分件登記案件；,RPOUMLRJRHLGFFB66DA,53.17,0.0,4.43,有,
西屯區,房地(土地+建物),臺中市西屯區工業區三十八路８３號,99.02,都市：其他:第二種住宅區,,,1150214,土地1建物1車位0,全,四層,透天厝,住家用,鋼筋混凝土造,0970417,204.03,4,2,4,有,無,24980000,122433,,0.0,0,,RPRPMLSKOHLGFCB68DA,184.23,4.39,15.41,無,
沙鹿區,房地(土地+建物)+車位,臺中市沙鹿區自強路４３２號七樓之５,35.32,都市：其他:第二種住宅區,,,1150223,土地1建物1車位2,七層,十五層,住宅大樓(11層含以上有電梯),住家用,鋼筋混凝土造,1150802,207.07,3,2,2,有,有,15000000,94347,坡道平面,79.88,3000000,預售屋、或土地及建物分件登記案件；,RPOTMLRJRHLGFFB56DA,76.8,0.0,7.52,有,
南區,房地(土地+建物)+車位,臺中市南區福田二街１９６號,23.27,都市：其他:第三種住宅區。,,,1150102,土地2建物1車位1,一層,十五層,住宅大樓(11層含以上有電梯),商業用,鋼筋混凝土造,1150516,143.35,0,0,0,無,有,23250000,180661,坡道平面,27.11,2250000,預售屋、或土地及建物分件登記案件；,RPURMLRLPHLGFAB09DA,83.62,0.0,0.0,有,
西屯區,房地(土地+建物)+車位,臺中市西屯區臺灣大道三段１２２號七樓之５,22.72,都市：其他:第五種住宅區,,,1150116,土地2建物1車位1,七層,十九層,住宅大樓(11層含以上有電梯),住家用,鋼筋混凝土造,1150625,159.54,3,2,2,有,有,28660000,206020,坡道平面,33.29,2650000,預售屋、或土地及建物分件登記案件；,RPTQMLQLQHLGFCB09DA,74.79,0.0,6.76,有,
西屯區,房地(土地+建物)+車位,臺中市西屯區臺灣大道三段１１２號二樓之２,16.17,都市：其他:第五種住宅區,,,1150116,土地2建物1車位1,二層,十九層,住宅大樓(11層含以上有電梯),住家用,鋼筋混凝土造,1150625,123.28,2,2,2,有,有,19880000,195355,坡道平面,33.29,2300000,預售屋、或土地及建物分件登記案件；,RPXUMLQLQHLGFCB27DA,51.32,0.0,6.77,有,
沙鹿區,房地(土地+建物),臺中市沙鹿區星河路２０３之９號,89.1,都市：其他:第四種住宅區,,,1150103,土地2建物1車位0,全,四層,透天厝,住商用,鋼筋混凝土造,1140701,281.66,4,4,5,有,無,25100000,89115,,0.0,0,本交易總價包括其他買賣登記案件之價格,RPSNMLMJLHLGFFB87DA,260.36,0.0,21.3,有,
沙鹿區,房地(土地+建物)+車位,臺中市沙鹿區自強路４３２號十樓之１,25.78,都市：其他:第二種住宅區,,,1150115,土地1建物1車位1,十層,十五層,住宅大樓(11層含以上有電梯),住家用,鋼筋混凝土造,1150802,133.94,2,2,2,有,有,10200000,92163,坡道平面,41.17,1650000,預售屋、或土地及建物分件登記案件；,RPSSMLRJRHLGFFB86DA,55.4,0.0,6.08,有,
沙鹿區,房地(土地+建物)+車位,臺中市沙鹿區自強路４３２號十一樓之１,25.78,都市：其他:第二種住宅區,,,1150119,土地1建物1車位1,十一層,十五層,住宅大樓(11層含以上有電梯),住家用,鋼筋混凝土造,1150802,131.59,2,2,2,有,有,10580000,98415,坡道平面,38.82,1450000,預售屋、或土地及建物分件登記案件；,RPTSMLRJRHLGFFB96DA,55.4,0.0,6.08,有,
沙鹿區,房地(土地+建物)+車位,臺中市沙鹿區自強路４３２號八樓之５,35.32,都市：其他:第二種住宅區,,,1150119,土地1建物1車位1,八層,十五層,住宅大樓(11層含以上有電梯),住家用,鋼筋混凝土造,1150802,167.13,3,2,2,有,有,12880000,89472,坡道平面,39.94,1500000,預售屋、或土地及建物分件登記案件；,RPPTMLRJRHLGFFB66DA,76.8,0.0,7.52,有,
沙鹿區,房地(土地+建物)+車位,臺中市沙鹿區自強路４３２號十一樓之６,25.78,都市：其他:第二種住宅區,,,1150119,土地1建物1車位1,十一層,十五層,住宅大樓(11層含以上有電梯),住家用,鋼筋混凝土造,1150802,131.6,2,2,2,有,有,10580000,98405,坡道平面,38.82,1450000,預售屋、或土地及建物分件登記案件；,RPTUMLRJRHLGFFB17DA,55.41,0.0,6.08,有,
沙鹿區,房地(土地+建物)+車位,臺中市沙鹿區自強路４３２號十二樓之６,25.78,都市：其他:第二種住宅區,,,1150119,土地1建物1車位1,十二層,十五層,住宅大樓(11層含以上有電梯),住家用,鋼筋混凝土造,1150802,131.6,2,2,2,有,有,10620000,98836,坡道平面,38.82,1450000,預售屋、或土地及建物分件登記案件；,RPUUMLRJRHLGFFB27DA,55.41,0.0,6.08,有,
南區,房地(土地+建物)+車位,臺中市南區福田二街１７６號七樓之５,24.82,都市：其他:第三種住宅區。,,,1141205,土地2建物1車位1,七層,十五層,住宅大樓(11層含以上有電梯),住家用,鋼筋混凝土造,1150516,162.45,3,2,2,有,有,21980000,146520,坡道平面,27.11,2150000,預售屋、或土地及建物分件登記案件；,RPXQMLKKQHLGFAB58DA,81.85,0.0,7.29,有,
神岡區,房地(土地+建物),臺中市神岡區民生路５２之８號,80.38,都市：其他:農業區,,,1141226,土地4建物1車位0,全,三層,透天厝,住家用,鋼筋混凝土造,1141023,143.8,4,3,3,有,無,12000000,83449,,0.0,0,本件買賣標的包含瓦?腳段169-1193-1地號社區供公眾通行使用道路權利範圍各17/2517不計入買賣價金親友、員工、共有人或其他特殊關係間之交易；,RPSNMLTJRHLGFDB98DA,131.8,0.0,12.0,無,
龍井區,房地(土地+建物)+車位,臺中市龍井區遊園北路２０８巷１６號五樓之９,13.15,都市：其他:第三種住宅區。,,,1141210,土地1建物1車位1,五層,八層,華廈(10層含以下有電梯),住家用,鋼筋混凝土造,1150130,89.67,2,1,1,有,有,7750000,115198,坡道平面,38.02,1800000,預售屋、或土地及建物分件登記案件；,RPSNMLOJRHLGFKB56DA,29.3,0.0,3.28,有,
大雅區,房地(土地+建物),臺中市大雅區大林路２１２巷２１弄２１之７號,69.84,,特定農業區,甲種建築用地,1141226,土地3建物1車位0,全,四層,透天厝,住家用,鋼筋混凝土造,1150414,171.79999999999998,4,2,4,有,有,22600000,131548,,0.0,0,預售屋、或土地及建物分件登記案件；,RPVNMLSKPHLGFHB86DA,155.45,0.0,15.84,無,
沙鹿區,房地(土地+建物)+車位,臺中市沙鹿區自強路４３２號九樓之３,24.05,都市：其他:第二種住宅區,,,1141222,土地1建物1車位1,九層,十五層,住宅大樓(11層含以上有電梯),住家用,鋼筋混凝土造,1150802,126.83000000000001,2,2,1,有,有,9800000,95523,坡道平面,39.94,1500000,預售屋、或土地及建物分件登記案件；,RPPUMLRJRHLGFFB76DA,53.17,0.0,4.43,有,
西屯區,房地(土地+建物)+車位,臺中市西屯區臺灣大道三段６４６號二十二樓之３,6.3,都市：其他:第三種商業區,,,1141230,土地1建物1車位1,二十二層,二十九層,住宅大樓(11層含以上有電梯),住家用,鋼骨鋼筋混凝土造、鋼筋混凝土造,1140811,112.9,2,2,1,有,有,15000000,166325,坡道平面,34.74,2000000,,RPXVMLOJNHLGFCB66DA,45.95,0.0,4.38,有,0148
南區,房地(土地+建物)+車位,臺中市南區福田二街１８２號十四樓之２,24.56,都市：其他:第三種住宅區。,,,1141105,土地2建物1車位2,十四層,十五層,住宅大樓(11層含以上有電梯),住家用,鋼筋混凝土造,1150516,187.63,3,2,2,有,有,24600000,152163,坡道平面,54.22,4300000,預售屋、或土地及建物分件登記案件；,RPRTMLOJPHLGFAB48DA,80.4,0.0,7.51,有,
沙鹿區,房地(土地+建物)+車位,臺中市沙鹿區自強路４３２號十樓之６,25.78,都市：其他:第二種住宅區,,,1141124,土地1建物1車位1,十層,十五層,住宅大樓(11層含以上有電梯),住家用,鋼筋混凝土造,1150802,132.72,2,2,2,有,有,10600000,98081,坡道平面,39.94,1500000,預售屋、或土地及建物分件登記案件；,RPSUMLRJRHLGFFB07DA,55.41,0.0,6.08,有,
豐原區,房地(土地+建物),臺中市豐原區綠山五街８５號,77.04,都市：其他:第一之二種住宅區,,,1141111,土地1建物1車位0,全,三層,透天厝,住家用,鋼筋混凝土造,1150514,155.95,4,2,3,有,無,20880000,133889,,0.0,0,預售屋、或土地及建物分件登記案件；,RPPNMLNJRHLGFDB08DA,150.29,0.0,5.66,無,
西屯區,房地(土地+建物)+車位,臺中市西屯區臺灣大道四段１２３０巷３３號三樓之７,42.45,都市：其他:第一之一種住宅區,,,1141003,土地1建物1車位1,三層,七層,華廈(10層含以下有電梯),住家用,鋼筋混凝土造,1150411,138.69,2,2,1,有,有,15800000,153248,坡道平面,51.25,2400000,預售屋、或土地及建物分件登記案件；,RPSSMLKKQHLGFCB48DA,53.21,0.0,3.01,有,
西屯區,房地(土地+建物)+車位,臺中市西屯區臺灣大道四段１２３０巷３３號二樓之１,36.7,都市：其他:第一之一種住宅區,,,1140917,土地1建物1車位1,二層,七層,華廈(10層含以下有電梯),住家用,鋼筋混凝土造,1150411,90.98,2,2,1,有,有,13000000,141329,一樓平面,15.27,2300000,預售屋、或土地及建物分件登記案件；,RPRSMLKKQHLGFCB38DA,45.19,0.0,3.4,有,
西屯區,房地(土地+建物)+車位,臺中市西屯區臺灣大道三段１１６號十一樓之１,15.13,都市：其他:第五種住宅區,,,1140921,土地2建物1車位1,十一層,十九層,住宅大樓(11層含以上有電梯),住家用,鋼筋混凝土造,1150625,117.30000000000001,2,2,2,有,有,18100000,185692,坡道平面,33.29,2500000,預售屋、或土地及建物分件登記案件；,RPWQNLQLQHLGFCB86DA,49.17,0.0,5.04,有,
南區,房地(土地+建物)+車位,臺中市南區福田二街１７２號十樓之２,28.95,都市：其他:第三種住宅區。,,,1140806,土地2建物1車位2,十層,十五層,住宅大樓(11層含以上有電梯),住家用,鋼筋混凝土造,1150516,211.69,4,2,2,有,有,26600000,141614,坡道平面,54.22,4300000,預售屋、或土地及建物分件登記案件；,RPUPMLKKQHLGFAB18DA,95.61,0.0,8.1,有,
西屯區,房地(土地+建物)+車位,臺中市西屯區臺灣大道四段１２３０巷３３號五樓之７,42.45,都市：其他:第一之一種住宅區,,,1140806,土地1建物1車位1,五層,七層,華廈(10層含以下有電梯),住家用,鋼筋混凝土造,1150411,138.69,2,2,1,有,有,16000000,155535,坡道平面,51.25,2400000,預售屋、或土地及建物分件登記案件；,RPOOMLOKQHLGFCB08DA,53.21,0.0,3.01,有,
沙鹿區,房地(土地+建物)+車位,臺中市沙鹿區自強路４３２號九樓之５,35.32,都市：其他:第二種住宅區,,,1140825,土地1建物1車位1,九層,十五層,住宅大樓(11層含以上有電梯),住家用,鋼筋混凝土造,1150802,167.13,3,2,2,有,有,13300000,91595,坡道平面,39.94,1650000,預售屋、或土地及建物分件登記案件；,RPQTMLRJRHLGFFB76DA,76.8,0.0,7.52,有,
南屯區,房地(土地+建物)+車位,臺中市南屯區永春東五路２８號,100.5,都市：其他:第一之一種住宅區,,,1140620,土地2建物1車位1,全,四層,透天厝,住家用,鋼筋混凝土造,1150515,237.07,4,2,4,有,無,50000000,210908,一樓平面,0.0,0,預售屋、或土地及建物分件登記案件；,RPSPMLOJQHLGFCB48DA,211.03,0.0,26.04,有,
沙鹿區,房地(土地+建物)+車位,臺中市沙鹿區自強路４３２號九樓之１,25.78,都市：其他:第二種住宅區,,,1140609,土地1建物1車位1,九層,十五層,住宅大樓(11層含以上有電梯),住家用,鋼筋混凝土造,1150802,132.71,2,2,2,有,有,11000000,99170,坡道平面,39.94,1800000,交易總價:1200萬折讓金額:100萬折讓原因:考量市場行情因素預售屋、或土地及建物分件登記案件；,RPVNMLSJRHLGFFB76DA,55.4,0.0,6.08,有,
太平區,房地(土地+建物)+車位,臺中市太平區新福路１１１６號三樓之１,26.8,都市：其他:住宅區,,,1140605,土地2建物1車位1,三層,十二層,住宅大樓(11層含以上有電梯),住家用,鋼筋混凝土造,1150629,144.53,3,2,2,有,有,17620000,128669,坡道機械,15.75,1050000,預售屋、或土地及建物分件登記案件；,RPWNMLTJRHLGFJB37DA,77.71,0.0,6.37,有,
豐原區,房地(土地+建物),臺中市豐原區綠山五街８７號,71.74,都市：其他:第一之二種住宅區,,,1140628,土地1建物1車位0,全,三層,透天厝,住家用,鋼筋混凝土造,1150514,147.24,4,2,3,有,無,19780000,134338,,0.0,0,預售屋、或土地及建物分件登記案件；,RPQNMLNJRHLGFDB18DA,139.89,0.0,7.35,無,
沙鹿區,房地(土地+建物)+車位,臺中市沙鹿區自強路４３２號十樓之５,35.32,都市：其他:第二種住宅區,,,1140512,土地1建物1車位1,十層,十五層,住宅大樓(11層含以上有電梯),住家用,鋼筋混凝土造,1150802,167.13,3,2,2,有,有,13860000,94819,坡道平面,39.94,1800000,交易總價:1556萬折讓金額:170萬折讓原因:考量市場行情因素預售屋、或土地及建物分件登記案件；,RPOOMLSJRHLGFFB78DA,76.8,0.0,7.52,有,
西屯區,房地(土地+建物)+車位,臺中市西屯區福星北路８０號二樓之６,31.93,都市：其他:第二種創新研發專用區,,,1140418,土地1建物1車位1,二層,九層,華廈(10層含以下有電梯),住家用,鋼筋混凝土造,1150707,152.87,3,2,2,有,有,26080000,196204,坡道平面,31.16,2200000,預售屋、或土地及建物分件登記案件；,RPXPMLOJRHLGFCB09DA,71.43,0.0,7.84,有,
南區,房地(土地+建物)+車位,臺中市南區福田二街１７０號五樓之５,23.4,都市：其他:第三種住宅區。,,,1140323,土地2建物1車位1,五層,十五層,住宅大樓(11層含以上有電梯),住家用,鋼筋混凝土造,1150516,154.31,3,2,2,有,有,20280000,144497,坡道平面,27.11,1900000,115年2月6日權利讓渡預售屋、或土地及建物分件登記案件；,RPTNMLOJPHLGFAB08DA,75.96,0.0,7.84,有,
沙鹿區,房地(土地+建物)+車位,臺中市沙鹿區自強路４３２號十樓之３,24.05,都市：其他:第二種住宅區,,,1140303,土地1建物1車位1,十層,十五層,住宅大樓(11層含以上有電梯),住家用,鋼筋混凝土造,1150802,126.83000000000001,2,2,1,有,有,10300000,97825,坡道平面,39.94,1800000,交易總價:1210萬折讓金額:180萬折讓原因:考量市場行情因素預售屋、或土地及建物分件登記案件；,RPWNMLSJRHLGFFB86DA,53.17,0.0,4.43,有,
西屯區,房地(土地+建物)+車位,臺中市西屯區福星北路７６號七樓之９,33.64,都市：其他:第二種創新研發專用區,,,1140209,土地1建物1車位1,七層,九層,華廈(10層含以下有電梯),住家用,鋼筋混凝土造,1150707,157.42000000000002,3,2,2,有,有,29400000,214636,坡道平面,31.16,2300000,預售屋、或土地及建物分件登記案件；,RPTNMLKMQHLGFCB28DA,75.59,0.0,7.93,有,
大甲區,房地(土地+建物)+車位,臺中市大甲區水美街５６號六樓之５,18.59,都市：其他:住宅區,,,1140210,土地1建物1車位1,六層,九層,華廈(10層含以下有電梯),住家用,鋼筋混凝土造,1150603,119.66,2,2,1,有,有,8890000,94099,坡道平面,39.0,1300000,預售屋、或土地及建物分件登記案件；,RPROMLLLQHLGFEB38DA,47.3,0.0,5.97,有,
沙鹿區,房地(土地+建物)+車位,臺中市沙鹿區自強路４３２號四樓之５,35.32,都市：其他:第二種住宅區,,,1140224,土地1建物1車位1,四層,十五層,住宅大樓(11層含以上有電梯),住家用,鋼筋混凝土造,1150802,167.13,3,2,2,有,有,13100000,88843,坡道平面,39.94,1800000,交易總價:1530萬折讓金額:220萬折讓原因:考量市場行情因素預售屋、或土地及建物分件登記案件；,RPXNMLSJRHLGFFB96DA,76.8,0.0,7.52,有,
西屯區,房地(土地+建物)+車位,臺中市西屯區福星北路８０號二樓之７,33.12,都市：其他:第二種創新研發專用區,,,1140117,土地1建物1車位1,二層,九層,華廈(10層含以下有電梯),住家用,鋼筋混凝土造,1150707,157.53,3,2,2,有,有,30360000,222046,坡道平面,31.16,2300000,預售屋、或土地及建物分件登記案件；,RPWPMLOJRHLGFCB98DA,74.92,0.0,7.38,有,
西屯區,房地(土地+建物)+車位,臺中市西屯區福星北路８０號四樓之６,31.93,都市：其他:第二種創新研發專用區,,,1131214,土地1建物1車位1,四層,九層,華廈(10層含以下有電梯),住家用,鋼筋混凝土造,1150707,152.87,3,2,2,有,有,26120000,196533,坡道平面,31.16,2200000,預售屋、或土地及建物分件登記案件；,RPSRMLNJRHLGFCB68DA,71.43,0.0,7.84,有,
西屯區,房地(土地+建物)+車位,臺中市西屯區福星北路７６號七樓之６,33.38,都市：其他:第二種創新研發專用區,,,1131127,土地1建物1車位1,七層,九層,華廈(10層含以下有電梯),住家用,鋼筋混凝土造,1150707,156.32999999999998,3,2,2,有,有,29380000,217145,坡道平面,31.16,2200000,預售屋、或土地及建物分件登記案件；,RPSNMLKMQHLGFCB18DA,78.56,0.0,4.28,有,
大甲區,房地(土地+建物)+車位,臺中市大甲區水美街５８號七樓之１,30.81,都市：其他:住宅區,,,1131128,土地1建物1車位1,七層,九層,華廈(10層含以下有電梯),住家用,鋼筋混凝土造,1150603,170.81,3,2,2,有,有,12930000,87474,坡道平面,39.0,1400000,預售屋、或土地及建物分件登記案件；,RPVNMLNJRHLGFEB78DA,78.54,0.0,9.62,有,
西屯區,房地(土地+建物)+車位,臺中市西屯區福星北路８０號三樓之９,23.1,都市：其他:第二種創新研發專用區,,,1131117,土地1建物1車位1,三層,九層,華廈(10層含以下有電梯),住家用,鋼筋混凝土造,1150707,119.14,2,2,2,有,有,20250000,209138,坡道平面,31.16,1850000,預售屋、或土地及建物分件登記案件；,RPTRMLNJRHLGFCB78DA,54.35,0.0,2.97,有,
南區,房地(土地+建物)+車位,臺中市南區福田二街１８０號十一樓之２,29.34,都市：其他:第三種住宅區。,,,1131021,土地2建物1車位2,十一層,十五層,住宅大樓(11層含以上有電梯),住家用,鋼筋混凝土造,1150516,213.85000000000002,4,2,2,有,有,27450000,146276,坡道平面,54.22,4100000,預售屋、或土地及建物分件登記案件；,RPUQMLRLPHLGFAB98DA,96.83,0.0,8.34,有,
后里區,房地(土地+建物),臺中市后里區四月路６６之２２號,122.6,,特定農業區,甲種建築用地,1131023,土地6建物1車位0,全,三層,透天厝,住家用,鋼筋混凝土造,1150121,137.69,4,2,3,有,無,14730000,106979,,0.0,0,預售屋、或土地及建物分件登記案件；,RPWOMLPKOHLGFDB88DA,127.28,0.0,10.15,無,
后里區,房地(土地+建物),臺中市后里區四月路６６之４１號,88.48,,特定農業區,甲種建築用地,1130915,土地5建物1車位0,全,三層,透天厝,住家用,鋼筋混凝土造,1150121,128.05,4,2,3,有,無,14080000,109957,,0.0,0,預售屋、或土地及建物分件登記案件；,RPSNMLKKRHLGFDB18DA,120.16,0.0,7.63,無,
太平區,房地(土地+建物)+車位,臺中市太平區新福路１１１６號三樓之２,26.71,都市：其他:住宅區,,,1130925,土地2建物1車位1,三層,十二層,住宅大樓(11層含以上有電梯),住家用,鋼筋混凝土造,1150629,144.07,3,2,2,有,有,16880000,123363,坡道機械,15.75,1050000,預售屋、或土地及建物分件登記案件；,RPXNMLTJRHLGFJB47DA,77.53,0.0,6.25,有,
太平區,房地(土地+建物)+車位,臺中市太平區新福路１１１６號七樓之６,28.11,都市：其他:住宅區,,,1130923,土地2建物1車位1,七層,十二層,住宅大樓(11層含以上有電梯),住家用,鋼筋混凝土造,1150629,150.84,3,2,2,有,有,18390000,126138,坡道機械,15.75,1350000,預售屋、或土地及建物分件登記案件；,RPWOMLTJRHLGFJB47DA,81.96,0.0,6.23,有,
太平區,房地(土地+建物)+車位,臺中市太平區新福路１１１６號八樓之６,28.11,都市：其他:住宅區,,,1130910,土地2建物1車位1,八層,十二層,住宅大樓(11層含以上有電梯),住家用,鋼筋混凝土造,1150629,166.59,3,2,2,有,有,19800000,129543,坡道平面,31.5,2300000,預售屋、或土地及建物分件登記案件；,RPPPMLTJRHLGFJB86DA,81.96,0.0,6.23,有,
烏日區,房地(土地+建物),臺中市烏日區光明路２６號,65.29,都市：其他:農業區,,,1130920,土地3建物1車位0,全,四層,透天厝,住家用,鋼筋混凝土造,1150209,150.82,4,2,3,有,無,19350000,128299,,0.0,0,指定登記名義人。預售屋、或土地及建物分件登記案件；,RPSNMLMLOHLGFIB68DA,129.7,0.0,21.12,無,
南區,房地(土地+建物)+車位,臺中市南區福田二街１７６號七樓之１,24.56,都市：其他:第三種住宅區。,,,1130803,土地2建物1車位1,七層,十五層,住宅大樓(11層含以上有電梯),住家用,鋼筋混凝土造,1150516,160.51999999999998,3,2,2,有,有,21400000,146166,坡道平面,27.11,1900000,預售屋、或土地及建物分件登記案件；,RPSQMLLLPHLGFAB18DA,80.4,0.0,7.51,有,
南屯區,房地(土地+建物)+車位,臺中市南屯區建功路７１號五樓之１,14.6,都市：其他:第五種住宅區,,,1130830,土地1建物1車位1,五層,二十三層,住宅大樓(11層含以上有電梯),住家用,鋼筋混凝土造,1141226,154.35000000000002,3,2,2,有,有,19050000,134155,坡道平面,26.14,1850000,預售屋、或土地及建物分件登記案件；,RPQNMLOKQHLGFCB18DA,75.83,0.0,7.4,有,
南屯區,房地(土地+建物)+車位,臺中市南屯區精誠南路１３５巷１５號十一樓之２,23.3,都市：其他:第二種住宅區,,,1130830,土地1建物1車位3,十一層,十一層,住宅大樓(11層含以上有電梯),住家用,鋼筋混凝土造,1150601,187.27,2,2,2,有,有,24260000,198450,坡道平面,100.8,7100000,預售屋、或土地及建物分件登記案件；,RPOTMLNJPHLGFCB28DA,50.05,0.0,5.76,有,
外埔區,房地(土地+建物)+車位,臺中市外埔區東西巷３２之８號二樓之１,24.92,,鄉村區,乙種建築用地,1130806,土地1建物1車位1,二層,七層,華廈(10層含以下有電梯),住家用,鋼筋混凝土造,1150608,99.86,2,2,1,有,有,8080000,85332,一樓平面,19.82,1250000,預售屋、或土地及建物分件登記案件；,RPUNMLOKRHLGFEB88DA,54.84,0.0,3.51,有,
太平區,房地(土地+建物)+車位,臺中市太平區新福路１１１６號十二樓之２,26.42,都市：其他:住宅區,,,1130802,土地2建物1車位1,十二層,十二層,住宅大樓(11層含以上有電梯),住家用,鋼筋混凝土造,1150629,159.1,3,2,2,有,有,20150000,139890,坡道平面,31.5,2300000,預售屋、或土地及建物分件登記案件；,RPSPMLTJRHLGFJB17DA,79.36,0.0,3.5,有,
太平區,房地(土地+建物)+車位,臺中市太平區新福路１１１６號九樓之２,26.71,都市：其他:住宅區,,,1130802,土地2建物1車位1,九層,十二層,住宅大樓(11層含以上有電梯),住家用,鋼筋混凝土造,1150629,159.82,3,2,2,有,有,19000000,130143,坡道平面,31.5,2300000,預售屋、或土地及建物分件登記案件；,RPVPMLTJRHLGFJB47DA,77.53,0.0,6.25,有,
西屯區,房地(土地+建物)+車位,臺中市西屯區經貿路二段２０５號二十二樓之２,15.51,都市：其他:第二種文化商業專用區,,,1130817,土地1建物1車位2,二十二層,二十八層,住宅大樓(11層含以上有電梯),住家用,鋼骨鋼筋混凝土造、鋼筋混凝土造,1150703,267.01,3,2,2,有,有,47920000,198360,坡道平面,53.66,5600000,預售屋、或土地及建物分件登記案件；,RPSQMLKKQHLGFCB28DA,124.37,0.0,13.61,有,
南區,房地(土地+建物)+車位,臺中市南區福田二街１７０號七樓之３,23.14,都市：其他:第三種住宅區。,,,1130709,土地2建物1車位1,七層,十五層,住宅大樓(11層含以上有電梯),住家用,鋼筋混凝土造,1150516,153.36,3,2,2,有,有,18700000,133069,坡道平面,27.11,1900000,預售屋、或土地及建物分件登記案件；,RPWNMLOJPHLGFAB38DA,76.81,0.0,6.33,有,
南區,房地(土地+建物)+車位,臺中市南區福田二街１７２號九樓之７,23.27,都市：其他:第三種住宅區。,,,1130727,土地2建物1車位1,九層,十五層,住宅大樓(11層含以上有電梯),住家用,鋼筋混凝土造,1150516,153.95,3,2,2,有,有,19450000,137575,坡道平面,27.11,2000000,預售屋、或土地及建物分件登記案件；,RPUOMLOJPHLGFAB28DA,76.28,0.0,7.3,有,
南區,房地(土地+建物)+車位,臺中市南區福田二街１８０號十二樓之２,29.34,都市：其他:第三種住宅區。,,,1130710,土地2建物1車位2,十二層,十五層,住宅大樓(11層含以上有電梯),住家用,鋼筋混凝土造,1150516,213.85000000000002,4,2,2,有,有,25700000,135939,坡道平面,54.22,4000000,預售屋、或土地及建物分件登記案件；,RPWSMLOJPHLGFAB88DA,96.83,0.0,8.34,有,
南區,房地(土地+建物)+車位,臺中市南區福田二街１７６號六樓之７,24.56,都市：其他:第三種住宅區。,,,1130729,土地2建物1車位1,六層,十五層,住宅大樓(11層含以上有電梯),住家用,鋼筋混凝土造,1150516,160.92000000000002,3,2,2,有,有,20580000,138854,坡道平面,27.11,2000000,預售屋、或土地及建物分件登記案件；,RPPPMLRLPHLGFAB38DA,80.03,0.0,8.14,有,
南區,房地(土地+建物)+車位,臺中市南區福田二街１７２號八樓之３,23.14,都市：其他:第三種住宅區。,,,1130712,土地2建物1車位1,八層,十五層,住宅大樓(11層含以上有電梯),住家用,鋼筋混凝土造,1150516,152.95999999999998,3,2,2,有,有,18600000,131903,坡道平面,27.11,2000000,預售屋、或土地及建物分件登記案件；,RPOPMLKKQHLGFAB57DA,76.02,0.0,6.86,有,
南區,房地(土地+建物)+車位,臺中市南區福田二街１７８號十樓之７,23.14,都市：其他:第三種住宅區。,,,1130727,土地2建物1車位1,十層,十五層,住宅大樓(11層含以上有電梯),住家用,鋼筋混凝土造,1150516,152.95999999999998,3,2,2,有,有,18540000,133015,坡道平面,27.11,1800000,預售屋、或土地及建物分件登記案件；,RPVPMLKKQHLGFAB28DA,76.02,0.0,6.86,有,
南區,房地(土地+建物)+車位,臺中市南區福田二街１７２號十二樓之１,24.56,都市：其他:第三種住宅區。,,,1130722,土地2建物1車位2,十二層,十五層,住宅大樓(11層含以上有電梯),住家用,鋼筋混凝土造,1150516,187.79000000000002,3,2,2,有,有,23120000,141649,坡道平面,54.22,4200000,預售屋、或土地及建物分件登記案件；,RPOQMLKKQHLGFAB67DA,79.81,0.0,8.12,有,
南區,房地(土地+建物)+車位,臺中市南區福田二街１８２號十二樓之２,24.56,都市：其他:第三種住宅區。,,,1130713,土地2建物1車位2,十二層,十五層,住宅大樓(11層含以上有電梯),住家用,鋼筋混凝土造,1150516,187.63,3,2,2,有,有,22640000,139720,坡道平面,54.22,4000000,預售屋、或土地及建物分件登記案件；,RPRRMLKKQHLGFAB08DA,80.4,0.0,7.51,有,
太平區,房地(土地+建物)+車位,臺中市太平區樹德五街１７號十四樓之５,29.76,都市：其他:住宅區,,,1130719,土地1建物1車位1,十四層,十五層,住宅大樓(11層含以上有電梯),住家用,鋼筋混凝土造,1150512,169.10000000000002,3,2,2,有,有,18800000,130166,坡道平面,39.65,1950000,預售屋、或土地及建物分件登記案件；,RPWOMLLKQHLGFJB66DA,75.77,0.0,8.57,有,
南屯區,房地(土地+建物)+車位,臺中市南屯區精誠南路１３５巷１５號十一樓之３,22.38,都市：其他:第二種住宅區,,,1130711,土地1建物1車位1,十一層,十一層,住宅大樓(11層含以上有電梯),住家用,鋼筋混凝土造,1150601,116.69,2,2,2,有,有,18920000,200024,坡道平面,33.6,2300000,預售屋、或土地及建物分件登記案件；,RPTPMLOLPHLGFCB68DA,48.85,0.0,4.77,有,
南屯區,房地(土地+建物)+車位,臺中市南屯區精誠南路１３５巷１５號十樓之２,23.3,都市：其他:第二種住宅區,,,1130727,土地1建物1車位1,十層,十一層,住宅大樓(11層含以上有電梯),住家用,鋼筋混凝土造,1150601,120.07000000000001,2,2,2,有,有,19640000,199376,坡道平面,33.6,2400000,預售屋、或土地及建物分件登記案件；,RPUVMLMKQHLGFCB56DA,50.05,0.0,5.76,有,
外埔區,房地(土地+建物)+車位,臺中市外埔區東西巷３２之８號五樓之２,33.07,,鄉村區,乙種建築用地,1130726,土地1建物1車位1,五層,七層,華廈(10層含以下有電梯),住家用,鋼筋混凝土造,1150608,116.07,3,2,2,有,有,9600000,81952,坡道機械,9.91,900000,配偶贈與。換約日期：115.07.14。換約價格：960萬元。預售屋、或土地及建物分件登記案件；,RPXNMLOKRHLGFEB56DA,70.99,0.0,6.34,有,
太平區,房地(土地+建物)+車位,臺中市太平區新福路１１１６號四樓之２,26.71,都市：其他:住宅區,,,1130702,土地2建物1車位1,四層,十二層,住宅大樓(11層含以上有電梯),住家用,鋼筋混凝土造,1150629,144.07,3,2,2,有,有,16680000,121805,坡道機械,15.75,1050000,預售屋、或土地及建物分件登記案件；,RPOOMLTJRHLGFJB66DA,77.53,0.0,6.25,有,
太平區,房地(土地+建物)+車位,臺中市太平區新福路１１１６號四樓之６,28.11,都市：其他:住宅區,,,1130706,土地2建物1車位1,四層,十二層,住宅大樓(11層含以上有電梯),住家用,鋼筋混凝土造,1150629,150.84,3,2,2,有,有,17150000,116959,坡道機械,15.75,1350000,預售屋、或土地及建物分件登記案件；,RPPOMLTJRHLGFJB76DA,81.96,0.0,6.23,有,
太平區,房地(土地+建物)+車位,臺中市太平區新福路１１１６號五樓之１,26.8,都市：其他:住宅區,,,1130731,土地2建物1車位1,五層,十二層,住宅大樓(11層含以上有電梯),住家用,鋼筋混凝土造,1150629,160.28,3,2,2,有,有,17850000,121525,坡道平面,31.5,2200000,預售屋、或土地及建物分件登記案件；,RPQOMLTJRHLGFJB86DA,77.71,0.0,6.37,有,
太平區,房地(土地+建物)+車位,臺中市太平區新福路１１１６號六樓之６,28.11,都市：其他:住宅區,,,1130726,土地2建物1車位1,六層,十二層,住宅大樓(11層含以上有電梯),住家用,鋼筋混凝土造,1150629,150.84,3,2,2,有,有,18200000,124732,坡道機械,15.75,1350000,預售屋、或土地及建物分件登記案件；,RPTOMLTJRHLGFJB17DA,81.96,0.0,6.23,有,
南區,房地(土地+建物)+車位,臺中市南區福田二街１８２號三樓之７,23.53,都市：其他:第三種住宅區。,,,1130616,土地2建物1車位1,三層,十五層,住宅大樓(11層含以上有電梯),住家用,鋼筋混凝土造,1150516,155.54,3,2,2,有,有,18400000,128475,坡道平面,27.11,1900000,預售屋、或土地及建物分件登記案件；,RPTNMLRLOHLGFAB48DA,77.64,0.0,6.96,有,
南區,房地(土地+建物)+車位,臺中市南區福田二街１８２號八樓之７,23.53,都市：其他:第三種住宅區。,,,1130627,土地2建物1車位1,八層,十五層,住宅大樓(11層含以上有電梯),住家用,鋼筋混凝土造,1150516,155.54,3,2,2,有,有,18800000,131589,坡道平面,27.11,1900000,預售屋、或土地及建物分件登記案件；,RPVRMLOJPHLGFAB68DA,77.64,0.0,6.96,有,
南區,房地(土地+建物)+車位,臺中市南區福田二街１８２號十三樓之１,23.01,都市：其他:第三種住宅區。,,,1130622,土地2建物1車位1,十三層,十五層,住宅大樓(11層含以上有電梯),住家用,鋼筋混凝土造,1150516,152.31,3,2,2,有,有,19260000,137859,坡道平面,27.11,2000000,預售屋、或土地及建物分件登記案件；,RPXSMLOJPHLGFAB98DA,75.82,0.0,6.68,有,
南區,房地(土地+建物)+車位,臺中市南區福田二街１８２號十樓之２,24.56,都市：其他:第三種住宅區。,,,1130609,土地2建物1車位1,十層,十五層,住宅大樓(11層含以上有電梯),住家用,鋼筋混凝土造,1150516,160.51999999999998,3,2,2,有,有,20390000,139345,坡道平面,27.11,1800000,預售屋、或土地及建物分件登記案件；,RPRQMLRLPHLGFAB68DA,80.4,0.0,7.51,有,
南區,房地(土地+建物)+車位,臺中市南區福田二街１７８號五樓之５,23.4,都市：其他:第三種住宅區。,,,1130607,土地2建物1車位2,五層,十五層,住宅大樓(11層含以上有電梯),住家用,鋼筋混凝土造,1150516,181.71,3,2,2,有,有,20160000,129893,坡道平面,54.22,3600000,預售屋、或土地及建物分件登記案件；,RPOSMLRLPHLGFAB58DA,76.51,0.0,7.44,有,
南屯區,房地(土地+建物)+車位,臺中市南屯區建功路７１號六樓之６,14.6,都市：其他:第五種住宅區,,,1130609,土地1建物1車位1,六層,二十三層,住宅大樓(11層含以上有電梯),住家用,鋼筋混凝土造,1141226,155.5,3,2,2,有,有,18900000,131803,坡道平面,26.14,1850000,預售屋、或土地及建物分件登記案件；,RPRQMLNLPHLGFCB48DA,71.24,0.0,12.75,有,
西屯區,房地(土地+建物)+車位,臺中市西屯區臺灣大道三段１２２號三樓之５,22.72,都市：其他:第五種住宅區,,,1130609,土地2建物1車位1,三層,十九層,住宅大樓(11層含以上有電梯),住家用,鋼筋混凝土造,1150625,159.54,3,2,2,有,有,30000000,215446,坡道平面,33.29,2800000,預售屋、或土地及建物分件登記案件；,RPPQMLQLQHLGFCB68DA,74.79,0.0,6.76,有,
西屯區,房地(土地+建物)+車位,臺中市西屯區臺灣大道三段１２２號五樓之３,26.14,都市：其他:第五種住宅區,,,1130601,土地2建物1車位1,五層,十九層,住宅大樓(11層含以上有電梯),住家用,鋼筋混凝土造,1150625,178.98000000000002,3,2,2,有,有,35080000,222596,坡道平面,33.29,2650000,預售屋、或土地及建物分件登記案件；,RPTRMLQLQHLGFCB56DA,84.05,0.0,9.95,有,
西屯區,房地(土地+建物)+車位,臺中市西屯區臺灣大道三段１１６號三樓之３,25.74,都市：其他:第五種住宅區,,,1130624,土地2建物1車位2,三層,十九層,住宅大樓(11層含以上有電梯),住家用,鋼筋混凝土造,1150625,209.73000000000002,3,2,2,有,有,35800000,213063,坡道平面,66.58,5300000,預售屋、或土地及建物分件登記案件；,RPWVNLQLQHLGFCB37DA,82.44,0.0,9.95,有,
南屯區,房地(土地+建物)+車位,臺中市南屯區建功路６７號十二樓之６,19.2,都市：其他:第五種住宅區,,,1130623,土地1建物1車位2,十二層,二十三層,住宅大樓(11層含以上有電梯),住家用,鋼筋混凝土造,1141226,212.19,4,2,2,有,有,23580000,124320,坡道平面,52.28,3700000,預售屋、或土地及建物分件登記案件；,RPUPMLSLQHLGFCB66DA,94.85,0.0,15.08,有,
南屯區,房地(土地+建物)+車位,臺中市南屯區精誠南路１３５巷１５號八樓之３,22.38,都市：其他:第二種住宅區,,,1130628,土地1建物1車位1,八層,十一層,住宅大樓(11層含以上有電梯),住家用,鋼筋混凝土造,1150601,116.69,2,2,2,有,有,18600000,194969,坡道平面,33.6,2400000,預售屋、或土地及建物分件登記案件；,RPOSMLNJPHLGFCB18DA,48.85,0.0,4.77,有,
外埔區,房地(土地+建物)+車位,臺中市外埔區東西巷３２之８號四樓之５,31.85,,鄉村區,乙種建築用地,1130616,土地1建物1車位1,四層,七層,華廈(10層含以下有電梯),住家用,鋼筋混凝土造,1150608,112.12,3,2,2,有,有,8800000,78759,坡道機械,9.91,750000,預售屋、或土地及建物分件登記案件；,RPVNMLOKRHLGFEB98DA,68.3,0.0,6.17,有,
外埔區,房地(土地+建物)+車位,臺中市外埔區東西巷３２之８號五樓之５,31.85,,鄉村區,乙種建築用地,1130607,土地1建物1車位1,五層,七層,華廈(10層含以下有電梯),住家用,鋼筋混凝土造,1150608,112.12,3,2,2,有,有,9060000,79836,坡道機械,9.91,900000,預售屋、或土地及建物分件登記案件；,RPWNMLOKRHLGFEB09DA,68.3,0.0,6.17,有,
西屯區,房地(土地+建物)+車位,臺中市西屯區經貿路二段２０５號四樓之２,15.13,都市：其他:第二種文化商業專用區,,,1130626,土地1建物1車位2,四層,二十八層,住宅大樓(11層含以上有電梯),辦公用,鋼骨鋼筋混凝土造、鋼筋混凝土造,1150703,261.9,1,1,2,有,有,43430000,186468,坡道平面,53.66,4600000,預售屋、或土地及建物分件登記案件；,RPRPMLKKQHLGFCB08DA,120.97,0.0,13.61,有,
南區,房地(土地+建物)+車位,臺中市南區福田二街１８２號九樓之６,24.82,都市：其他:第三種住宅區。,,,1130522,土地2建物1車位1,九層,十五層,住宅大樓(11層含以上有電梯),住家用,鋼筋混凝土造,1150516,162.45,3,2,2,有,有,20680000,137284,坡道平面,27.11,2100000,115年1月30日權利讓渡預售屋、或土地及建物分件登記案件；,RPQSMLOJPHLGFAB28DA,81.85,0.0,7.29,有,
南區,房地(土地+建物)+車位,臺中市南區福田二街１８２號十一樓之１,23.01,都市：其他:第三種住宅區。,,,1130516,土地2建物1車位1,十一層,十五層,住宅大樓(11層含以上有電梯),住家用,鋼筋混凝土造,1150516,152.31,3,2,2,有,有,19030000,136821,坡道平面,27.11,1900000,預售屋、或土地及建物分件登記案件；,RPQRMLLLPHLGFAB08DA,75.82,0.0,6.68,有,
南區,房地(土地+建物)+車位,臺中市南區福田二街１７８號五樓之７,23.14,都市：其他:第三種住宅區。,,,1130502,土地2建物1車位1,五層,十五層,住宅大樓(11層含以上有電梯),住家用,鋼筋混凝土造,1150516,152.95999999999998,3,2,2,有,有,18210000,129599,坡道平面,27.11,1900000,115年1月29日權利讓渡預售屋、或土地及建物分件登記案件；,RPVOMLKKQHLGFAB18DA,76.02,0.0,6.86,有,
南區,房地(土地+建物)+車位,臺中市南區福田二街１７８號七樓之７,23.14,都市：其他:第三種住宅區。,,,1130525,土地2建物1車位1,七層,十五層,住宅大樓(11層含以上有電梯),住家用,鋼筋混凝土造,1150516,152.95999999999998,3,2,2,有,有,18300000,131108,坡道平面,27.11,1800000,預售屋、或土地及建物分件登記案件；,RPWOMLKKQHLGFAB28DA,76.02,0.0,6.86,有,
西屯區,房地(土地+建物)+車位,臺中市西屯區臺灣大道三段１２６號七樓之３,26.14,都市：其他:第五種住宅區,,,1130508,土地2建物1車位2,七層,十九層,住宅大樓(11層含以上有電梯),住家用,鋼筋混凝土造,1150625,212.26999999999998,3,2,2,有,有,37780000,218821,坡道平面,66.58,5900000,預售屋、或土地及建物分件登記案件；,RPVSMLOLQHLGFCB66DA,84.05,0.0,9.95,有,
西屯區,房地(土地+建物)+車位,臺中市西屯區臺灣大道三段１１２號三樓之３,25.74,都市：其他:第五種住宅區,,,1130501,土地2建物1車位2,三層,十九層,住宅大樓(11層含以上有電梯),住家用,鋼筋混凝土造,1150625,209.73000000000002,3,2,2,有,有,34380000,203144,坡道平面,66.58,5300000,預售屋、或土地及建物分件登記案件；,RPUONLQLQHLGFCB09DA,82.44,0.0,9.95,有,
西屯區,房地(土地+建物)+車位,臺中市西屯區臺灣大道三段１１２號七樓之３,25.74,都市：其他:第五種住宅區,,,1130512,土地2建物1車位2,七層,十九層,住宅大樓(11層含以上有電梯),住家用,鋼筋混凝土造,1150625,209.73000000000002,3,2,2,有,有,34880000,206636,坡道平面,66.58,5300000,預售屋、或土地及建物分件登記案件；,RPWONLQLQHLGFCB66DA,82.44,0.0,9.95,有,
西屯區,房地(土地+建物)+車位,臺中市西屯區臺灣大道三段１１２號十一樓之３,25.74,都市：其他:第五種住宅區,,,1130518,土地2建物1車位2,十一層,十九層,住宅大樓(11層含以上有電梯),住家用,鋼筋混凝土造,1150625,209.73000000000002,3,2,2,有,有,35080000,210129,坡道平面,66.58,5000000,預售屋、或土地及建物分件登記案件；,RPPPNLQLQHLGFCB68DA,82.44,0.0,9.95,有,
西屯區,房地(土地+建物)+車位,臺中市西屯區臺灣大道三段１１６號五樓之５,23.13,都市：其他:第五種住宅區,,,1130518,土地2建物1車位2,五層,十九層,住宅大樓(11層含以上有電梯),住家用,鋼筋混凝土造,1150625,195.22,3,2,2,有,有,32460000,215019,坡道平面,66.58,4800000,預售屋、或土地及建物分件登記案件；,RPOVNLQLQHLGFCB56DA,76.24,0.0,6.76,有,
西屯區,房地(土地+建物)+車位,臺中市西屯區臺灣大道三段１１６號七樓之５,23.13,都市：其他:第五種住宅區,,,1130505,土地2建物1車位1,七層,十九層,住宅大樓(11層含以上有電梯),住家用,鋼筋混凝土造,1150625,161.92000000000002,3,2,2,有,有,30500000,217679,坡道平面,33.29,2500000,預售屋、或土地及建物分件登記案件；,RPQVNLQLQHLGFCB76DA,76.24,0.0,6.76,有,
西屯區,房地(土地+建物)+車位,臺中市西屯區臺灣大道三段１１６號二樓之３,26.49,都市：其他:第五種住宅區,,,1130526,土地2建物1車位1,二層,十九層,住宅大樓(11層含以上有電梯),住家用,鋼筋混凝土造,1150625,180.57999999999998,3,2,2,有,有,32280000,203544,坡道平面,33.29,2300000,預售屋、或土地及建物分件登記案件；,RPVVNLQLQHLGFCB27DA,82.44,0.0,12.7,有,
西屯區,房地(土地+建物)+車位,臺中市西屯區臺灣大道三段１１６號十四樓之３,25.74,都市：其他:第五種住宅區,,,1130517,土地2建物1車位2,十四層,十九層,住宅大樓(11層含以上有電梯),住家用,鋼筋混凝土造,1150625,209.73000000000002,3,2,2,有,有,34880000,206636,坡道平面,66.58,5300000,預售屋、或土地及建物分件登記案件；,RPUWNLQLQHLGFCB27DA,82.44,0.0,9.95,有,
西屯區,房地(土地+建物)+車位,臺中市西屯區臺灣大道三段１１２號五樓之３,25.74,都市：其他:第五種住宅區,,,1130503,土地2建物1車位2,五層,十九層,住宅大樓(11層含以上有電梯),住家用,鋼筋混凝土造,1150625,209.73000000000002,3,2,2,有,有,34680000,205239,坡道平面,66.58,5300000,預售屋、或土地及建物分件登記案件；,RPQPMLRLQHLGFCB78DA,82.44,0.0,9.95,有,
西屯區,房地(土地+建物)+車位,臺中市西屯區臺灣大道三段１１６號十一樓之５,23.13,都市：其他:第五種住宅區,,,1130512,土地2建物1車位1,十一層,十九層,住宅大樓(11層含以上有電梯),住家用,鋼筋混凝土造,1150625,161.92000000000002,3,2,2,有,有,30660000,220477,坡道平面,33.29,2300000,預售屋、或土地及建物分件登記案件；,RPUPMLRLQHLGFCB56DA,76.24,0.0,6.76,有,
西屯區,房地(土地+建物)+車位,臺中市西屯區臺灣大道三段１１６號九樓之３,25.74,都市：其他:第五種住宅區,,,1130527,土地2建物1車位2,九層,十九層,住宅大樓(11層含以上有電梯),住家用,鋼筋混凝土造,1150625,209.73000000000002,3,2,2,有,有,36000000,216556,坡道平面,66.58,5000000,預售屋、或土地及建物分件登記案件；,RPPRMLRLQHLGFCB88DA,82.44,0.0,9.95,有,
南屯區,房地(土地+建物)+車位,臺中市南屯區建功路７１號十四樓之８,13.83,都市：其他:第五種住宅區,,,1130512,土地1建物1車位1,十四層,二十三層,住宅大樓(11層含以上有電梯),住家用,鋼筋混凝土造,1141226,153.11,3,2,2,有,有,18460000,130031,坡道平面,26.14,1950000,預售屋、或土地及建物分件登記案件；,RPRPMLSLQHLGFCB98DA,74.57,0.0,7.8,有,
南屯區,房地(土地+建物)+車位,臺中市南屯區建功路６７號十三樓之２,19.97,都市：其他:第五種住宅區,,,1130519,土地1建物1車位2,十三層,二十三層,住宅大樓(11層含以上有電梯),住家用,鋼筋混凝土造,1141226,223.93,4,2,2,有,有,23750000,121361,坡道平面,54.6,3200000,預售屋、或土地及建物分件登記案件；,RPSPMLSLQHLGFCB09DA,102.97,0.0,13.32,有,
南屯區,房地(土地+建物)+車位,臺中市南屯區精誠南路１３５巷１５號十一樓之１,23.3,都市：其他:第二種住宅區,,,1130516,土地1建物1車位1,十一層,十一層,住宅大樓(11層含以上有電梯),住家用,鋼筋混凝土造,1150601,120.07000000000001,2,2,2,有,有,19310000,195559,坡道平面,33.6,2400000,預售屋、或土地及建物分件登記案件；,RPXSMLNJPHLGFCB09DA,50.05,0.0,5.76,有,
南屯區,房地(土地+建物)+車位,臺中市南屯區精誠南路１３５巷１５號七樓之２,23.3,都市：其他:第二種住宅區,,,1130515,土地1建物1車位1,七層,十一層,住宅大樓(11層含以上有電梯),住家用,鋼筋混凝土造,1150601,120.07000000000001,2,2,2,有,有,18920000,191049,坡道平面,33.6,2400000,預售屋、或土地及建物分件登記案件；,RPUPMLOLPHLGFCB78DA,50.05,0.0,5.76,有,
南屯區,房地(土地+建物)+車位,臺中市南屯區精誠南路１３５巷１５號四樓之３,22.38,都市：其他:第二種住宅區,,,1130518,土地1建物1車位1,四層,十一層,住宅大樓(11層含以上有電梯),住家用,鋼筋混凝土造,1150601,100.5,2,2,2,有,有,16280000,183897,坡道機械,17.41,1000000,預售屋、或土地及建物分件登記案件；,RPOVMLMKQHLGFCB58DA,48.85,0.0,4.77,有,
西屯區,房地(土地+建物)+車位,臺中市西屯區漢翔路２１１號二樓之７,21.51,都市：其他:第二種住宅區,,,1130531,土地1建物1車位1,二層,十五層,住宅大樓(11層含以上有電梯),住家用,鋼筋混凝土造,1150514,151.05,3,2,2,有,有,25600000,196854,坡道平面,32.18,2200000,預售屋、或土地及建物分件登記案件；,RPVQMLKLQHLGFCB68DA,70.29,0.0,8.33,有,
潭子區,房地(土地+建物),臺中市潭子區嘉豐路１巷３號,86.08,都市：其他:農業區,,,1130512,土地2建物1車位0,全,四層,透天厝,住家用,鋼筋混凝土造,1150205,252.66,4,2,6,有,有,27480000,108763,,0.0,0,預售屋、或土地及建物分件登記案件；,RPPNMLOKRHLGFHB68DA,226.75,0.0,25.91,無,
太平區,房地(土地+建物)+車位,臺中市太平區新福路１１１６號二樓之３,26.71,都市：其他:住宅區,,,1130519,土地2建物1車位1,二層,十二層,住宅大樓(11層含以上有電梯),住家用,鋼筋混凝土造,1150629,144.07,3,2,2,有,有,16000000,116506,坡道機械,15.75,1050000,預售屋、或土地及建物分件登記案件；,RPUNMLTJRHLGFJB17DA,77.53,0.0,6.25,有,
西屯區,房地(土地+建物)+車位,臺中市西屯區經貿路二段２０５號四樓之１,14.42,都市：其他:第二種文化商業專用區,,,1130528,土地1建物1車位1,四層,二十八層,住宅大樓(11層含以上有電梯),辦公用,鋼骨鋼筋混凝土造、鋼筋混凝土造,1150703,224.20999999999998,1,1,2,有,有,36890000,175752,坡道平面,26.83,2200000,預售屋、或土地及建物分件登記案件；,RPXNMLKKQHLGFCB48DA,116.88,0.0,10.56,有,
西屯區,房地(土地+建物)+車位,臺中市西屯區經貿路二段２０５號二十樓之３,14.45,都市：其他:第二種文化商業專用區,,,1130516,土地1建物1車位1,二十層,二十八層,住宅大樓(11層含以上有電梯),住家用,鋼骨鋼筋混凝土造、鋼筋混凝土造,1150703,225.54,3,2,2,有,有,40530000,190881,坡道平面,26.83,2600000,預售屋、或土地及建物分件登記案件；,RPUTMLKKQHLGFCB78DA,116.46,0.0,12.02,有,
西屯區,房地(土地+建物)+車位,臺中市西屯區經貿路二段２０５號二十三樓之３,14.45,都市：其他:第二種文化商業專用區,,,1130529,土地1建物1車位2,二十三層,二十八層,住宅大樓(11層含以上有電梯),住家用,鋼骨鋼筋混凝土造、鋼筋混凝土造,1150703,252.37,3,2,2,有,有,43500000,192240,坡道平面,53.66,5300000,預售屋、或土地及建物分件登記案件；,RPWTMLKKQHLGFCB98DA,116.46,0.0,12.02,有,
西屯區,房地(土地+建物)+車位,臺中市西屯區經貿路二段２０５號二十五樓之３,14.45,都市：其他:第二種文化商業專用區,,,1130521,土地1建物1車位2,二十五層,二十八層,住宅大樓(11層含以上有電梯),住家用,鋼骨鋼筋混凝土造、鋼筋混凝土造,1150703,252.37,3,2,2,有,有,43850000,193498,坡道平面,53.66,5400000,預售屋、或土地及建物分件登記案件；,RPOUMLKKQHLGFCB28DA,116.46,0.0,12.02,有,
西屯區,房地(土地+建物)+車位,臺中市西屯區經貿路二段２０５號十七樓之３,14.45,都市：其他:第二種文化商業專用區,,,1130515,土地1建物1車位2,十七層,二十八層,住宅大樓(11層含以上有電梯),住家用,鋼骨鋼筋混凝土造、鋼筋混凝土造,1150703,252.37,3,2,2,有,有,42700000,189220,坡道平面,53.66,5100000,預售屋、或土地及建物分件登記案件；,RPWQMLLJRHLGFCB78DA,116.46,0.0,12.02,有,
南區,房地(土地+建物)+車位,臺中市南區福田二街１５８號,22.62,都市：其他:第三種住宅區。,,,1130406,土地2建物1車位2,一層,十五層,住宅大樓(11層含以上有電梯),商業用,鋼筋混凝土造,1150516,167.13,0,0,0,無,有,24380000,184040,坡道平面,54.22,3600000,預售屋、或土地及建物分件登記案件；,RPSQMLKKQHLGFAB08DA,81.28,0.0,0.0,有,
西屯區,房地(土地+建物)+車位,臺中市西屯區臺灣大道三段１２６號四樓之５,22.72,都市：其他:第五種住宅區,,,1130417,土地2建物1車位2,四層,十九層,住宅大樓(11層含以上有電梯),住家用,鋼筋混凝土造,1150625,193.95,3,2,2,有,有,31200000,206022,坡道平面,67.75,5200000,預售屋、或土地及建物分件登記案件；,RPOQMLOLQHLGFCB38DA,74.74,0.0,6.76,有,
西屯區,房地(土地+建物)+車位,臺中市西屯區臺灣大道三段１１６號十九樓之１,15.13,都市：其他:第五種住宅區,,,1130420,土地2建物1車位1,十九層,十九層,住宅大樓(11層含以上有電梯),住家用,鋼筋混凝土造,1150625,117.30000000000001,2,2,2,有,有,19480000,202119,坡道平面,33.29,2500000,預售屋、或土地及建物分件登記案件；,RPSRNLQLQHLGFCB56DA,49.17,0.0,5.04,有,
西屯區,房地(土地+建物)+車位,臺中市西屯區臺灣大道三段１１６號五樓之３,25.74,都市：其他:第五種住宅區,,,1130414,土地2建物1車位1,五層,十九層,住宅大樓(11層含以上有電梯),住家用,鋼筋混凝土造,1150625,176.44,3,2,2,有,有,33650000,214460,坡道平面,33.29,2950000,預售屋、或土地及建物分件登記案件；,RPXVNLQLQHLGFCB47DA,82.44,0.0,9.95,有,
西屯區,房地(土地+建物)+車位,臺中市西屯區臺灣大道三段１２６號四樓之１,15.13,都市：其他:第五種住宅區,,,1130414,土地2建物1車位1,四層,十九層,住宅大樓(11層含以上有電梯),住家用,鋼筋混凝土造,1150625,118.47,2,2,2,有,有,20800000,217831,坡道平面,34.46,2500000,含裝潢費；預售屋、或土地及建物分件登記案件；,RPTNMLTLQHLGFCB09DA,49.17,0.0,5.04,有,
太平區,房地(土地+建物)+車位,臺中市太平區樹德五街１７號十一樓之２,29.76,都市：其他:住宅區,,,1130401,土地1建物1車位1,十一層,十五層,住宅大樓(11層含以上有電梯),住家用,鋼筋混凝土造,1150512,169.10000000000002,3,2,2,有,有,16750000,115875,坡道平面,39.65,1750000,預售屋、或土地及建物分件登記案件；,RPROMLLKQHLGFJB78DA,75.77,0.0,8.57,有,
西屯區,房地(土地+建物)+車位,臺中市西屯區漢翔路２１１號十四樓之７,21.51,都市：其他:第二種住宅區,,,1130401,土地1建物1車位1,十四層,十五層,住宅大樓(11層含以上有電梯),住家用,鋼筋混凝土造,1150514,151.05,3,2,2,有,有,26900000,206949,坡道平面,32.18,2300000,預售屋、或土地及建物分件登記案件；,RPPNNLOLQHLGFCB28DA,70.29,0.0,8.33,有,
外埔區,房地(土地+建物),臺中市外埔區東西巷３２之８號二樓之３,24.94,,鄉村區,乙種建築用地,1130407,土地1建物1車位0,二層,七層,華廈(10層含以下有電梯),住家用,鋼筋混凝土造,1150608,80.1,2,2,1,有,有,6300000,78652,,0.0,0,預售屋、或土地及建物分件登記案件；,RPTNMLOKRHLGFEB78DA,54.84,0.0,3.62,有,
外埔區,房地(土地+建物)+車位,臺中市外埔區東西巷３２之８號七樓之１,24.93,,鄉村區,乙種建築用地,1130421,土地1建物1車位1,七層,七層,華廈(10層含以下有電梯),住家用,鋼筋混凝土造,1150608,89.96000000000001,2,2,1,有,有,7460000,83823,坡道機械,9.91,750000,預售屋、或土地及建物分件登記案件；,RPQOMLOKRHLGFEB58DA,54.84,0.0,3.51,有,
太平區,房地(土地+建物)+車位,臺中市太平區新福路１１１６號六樓之３,26.71,都市：其他:住宅區,,,1130420,土地2建物1車位1,六層,十二層,住宅大樓(11層含以上有電梯),住家用,鋼筋混凝土造,1150629,144.07,3,2,2,有,有,16460000,117752,坡道機械,15.75,1350000,預售屋、或土地及建物分件登記案件；,RPSOMLTJRHLGFJB07DA,77.53,0.0,6.25,有,
太平區,房地(土地+建物)+車位,臺中市太平區新福路１１１６號十樓之２,26.71,都市：其他:住宅區,,,1130407,土地2建物1車位1,十層,十二層,住宅大樓(11層含以上有電梯),住家用,鋼筋混凝土造,1150629,160.53,3,2,2,有,有,18350000,124390,坡道平面,31.5,2300000,預售屋、或土地及建物分件登記案件；,RPRPMLTJRHLGFJB07DA,77.53,0.0,6.25,有,
西屯區,房地(土地+建物)+車位,臺中市西屯區經貿路二段２０５號十三樓之２,15.51,都市：其他:第二種文化商業專用區,,,1130417,土地1建物1車位2,十三層,二十八層,住宅大樓(11層含以上有電梯),住家用,鋼骨鋼筋混凝土造、鋼筋混凝土造,1150703,267.01,3,2,2,有,有,43730000,179658,坡道平面,53.66,5400000,預售屋、或土地及建物分件登記案件；,RPWPMLKKQHLGFCB58DA,124.37,0.0,13.61,有,
西屯區,房地(土地+建物)+車位,臺中市西屯區經貿路二段２０５號十八樓之２,15.51,都市：其他:第二種文化商業專用區,,,1130426,土地1建物1車位1,十八層,二十八層,住宅大樓(11層含以上有電梯),住家用,鋼骨鋼筋混凝土造、鋼筋混凝土造,1150703,240.18,3,2,2,有,有,41320000,180548,坡道平面,26.83,2800000,預售屋、或土地及建物分件登記案件；,RPPQMLKKQHLGFCB97DA,124.37,0.0,13.61,有,
西屯區,房地(土地+建物)+車位,臺中市西屯區經貿路二段２０５號二十六樓之３,14.45,都市：其他:第二種文化商業專用區,,,1130424,土地1建物1車位2,二十六層,二十八層,住宅大樓(11層含以上有電梯),住家用,鋼骨鋼筋混凝土造、鋼筋混凝土造,1150703,252.37,3,2,2,有,有,44040000,193448,坡道平面,53.66,5600000,預售屋、或土地及建物分件登記案件；,RPPUMLKKQHLGFCB38DA,116.46,0.0,12.02,有,
南區,房地(土地+建物)+車位,臺中市南區福田二街１７６號三樓之３,23.53,都市：其他:第三種住宅區。,,,1130303,土地2建物1車位1,三層,十五層,住宅大樓(11層含以上有電梯),住家用,鋼筋混凝土造,1150516,155.54,3,2,2,有,有,18500000,128475,坡道平面,27.11,2000000,預售屋、或土地及建物分件登記案件；,RPXPMLOJPHLGFAB68DA,77.64,0.0,6.96,有,
南區,房地(土地+建物)+車位,臺中市南區福田二街１７６號十一樓之５,24.82,都市：其他:第三種住宅區。,,,1130331,土地2建物1車位2,十一層,十五層,住宅大樓(11層含以上有電梯),住家用,鋼筋混凝土造,1150516,189.56,3,2,2,有,有,22100000,138171,坡道平面,54.22,3400000,預售屋、或土地及建物分件登記案件；,RPUSMLOJPHLGFAB68DA,81.85,0.0,7.29,有,
南區,房地(土地+建物)+車位,臺中市南區福田二街１７０號十三樓之１,29.34,都市：其他:第三種住宅區。,,,1130321,土地2建物1車位2,十三層,十五層,住宅大樓(11層含以上有電梯),住家用,鋼筋混凝土造,1150516,213.85000000000002,4,2,2,有,有,24100000,130301,坡道平面,54.22,3300000,預售屋、或土地及建物分件登記案件；,RPWNMLLLQHLGFAB38DA,96.83,0.0,8.34,有,
西屯區,房地(土地+建物)+車位,臺中市西屯區臺灣大道三段１１２號十八樓之１,15.13,都市：其他:第五種住宅區,,,1130316,土地2建物1車位1,十八層,十九層,住宅大樓(11層含以上有電梯),住家用,鋼筋混凝土造,1150625,117.29,2,2,2,有,有,18880000,197381,坡道平面,33.29,2300000,預售屋、或土地及建物分件登記案件；,RPUUMLQLQHLGFCB96DA,49.17,0.0,5.03,有,
西屯區,房地(土地+建物)+車位,臺中市西屯區臺灣大道三段１１２號五樓之２,16.23,都市：其他:第五種住宅區,,,1130302,土地2建物1車位1,五層,十九層,住宅大樓(11層含以上有電梯),住家用,鋼筋混凝土造,1150625,123.37,2,2,2,有,有,20700000,204263,坡道平面,33.29,2300000,預售屋、或土地及建物分件登記案件；,RPPVMLQLQHLGFCB56DA,51.32,0.0,6.86,有,
西屯區,房地(土地+建物)+車位,臺中市西屯區臺灣大道三段１１２號十六樓之５,20.99,都市：其他:第五種住宅區,,,1130330,土地2建物1車位1,十六層,十九層,住宅大樓(11層含以上有電梯),住家用,鋼筋混凝土造,1150625,150.05,3,2,2,有,有,25800000,201268,坡道平面,33.29,2300000,預售屋、或土地及建物分件登記案件；,RPPONLQLQHLGFCB58DA,68.56,0.0,6.76,有,
西屯區,房地(土地+建物)+車位,臺中市西屯區臺灣大道三段１１２號十五樓之３,25.74,都市：其他:第五種住宅區,,,1130321,土地2建物1車位2,十五層,十九層,住宅大樓(11層含以上有電梯),住家用,鋼筋混凝土造,1150625,209.73000000000002,3,2,2,有,有,35800000,213063,坡道平面,66.58,5300000,預售屋、或土地及建物分件登記案件；,RPSPNLQLQHLGFCB98DA,82.44,0.0,9.95,有,
西屯區,房地(土地+建物)+車位,臺中市西屯區臺灣大道三段１１２號十七樓之３,25.74,都市：其他:第五種住宅區,,,1130310,土地2建物1車位2,十七層,十九層,住宅大樓(11層含以上有電梯),住家用,鋼筋混凝土造,1150625,209.73000000000002,3,2,2,有,有,35000000,213762,坡道平面,66.58,4400000,預售屋、或土地及建物分件登記案件；,RPUPNLQLQHLGFCB56DA,82.44,0.0,9.95,有,
西屯區,房地(土地+建物)+車位,臺中市西屯區臺灣大道三段１１６號十樓之１,15.13,都市：其他:第五種住宅區,,,1130302,土地2建物1車位1,十層,十九層,住宅大樓(11層含以上有電梯),住家用,鋼筋混凝土造,1150625,117.30000000000001,2,2,2,有,有,18200000,189263,坡道平面,33.29,2300000,預售屋、或土地及建物分件登記案件；,RPVQNLQLQHLGFCB76DA,49.17,0.0,5.04,有,
西屯區,房地(土地+建物)+車位,臺中市西屯區臺灣大道三段１１２號十八樓之５,20.99,都市：其他:第五種住宅區,,,1130313,土地2建物1車位1,十八層,十九層,住宅大樓(11層含以上有電梯),住家用,鋼筋混凝土造,1150625,151.22,3,2,2,有,有,26200000,200839,坡道平面,34.46,2750000,預售屋、或土地及建物分件登記案件；,RPQRMLRLQHLGFCB98DA,68.56,0.0,6.76,有,
南屯區,房地(土地+建物)+車位,臺中市南屯區建功路７１號十七樓之３,16.9,都市：其他:第五種住宅區,,,1130310,土地1建物1車位2,十七層,二十三層,住宅大樓(11層含以上有電梯),住家用,鋼筋混凝土造,1141226,201.17,3,2,2,有,有,22890000,127544,坡道平面,52.28,3900000,預售屋、或土地及建物分件登記案件；,RPRNMLSLQHLGFCB78DA,86.34,0.0,10.26,有,
西屯區,房地(土地+建物)+車位,臺中市西屯區臺灣大道三段１１２號十六樓之１,15.13,都市：其他:第五種住宅區,,,1130321,土地2建物1車位1,十六層,十九層,住宅大樓(11層含以上有電梯),住家用,鋼筋混凝土造,1150625,117.29,2,2,2,有,有,18600000,194048,坡道平面,33.29,2300000,含裝潢費；預售屋、或土地及建物分件登記案件；,RPUOMLTLQHLGFCB66DA,49.17,0.0,5.03,有,
西屯區,房地(土地+建物)+車位,臺中市西屯區臺灣大道三段１１６號三樓之２,16.23,都市：其他:第五種住宅區,,,1130327,土地2建物1車位1,三層,十九層,住宅大樓(11層含以上有電梯),住家用,鋼筋混凝土造,1150625,123.37,2,2,2,有,有,21830000,214587,坡道平面,33.29,2500000,含裝潢費；預售屋、或土地及建物分件登記案件；,RPXOMLTLQHLGFCB96DA,51.32,0.0,6.86,有,
西屯區,房地(土地+建物)+車位,臺中市西屯區臺灣大道三段１１６號二樓之１,15.13,都市：其他:第五種住宅區,,,1130302,土地2建物1車位1,二層,十九層,住宅大樓(11層含以上有電梯),住家用,鋼筋混凝土造,1150625,117.30000000000001,2,2,2,有,有,18000000,184502,坡道平面,33.29,2500000,預售屋、或土地及建物分件登記案件；,RPQPMLTLQHLGFCB98DA,49.17,0.0,5.04,有,
西屯區,房地(土地+建物)+車位,臺中市西屯區臺灣大道三段１１６號十七樓之１,15.13,都市：其他:第五種住宅區,,,1130321,土地2建物1車位1,十七層,十九層,住宅大樓(11層含以上有電梯),住家用,鋼筋混凝土造,1150625,117.30000000000001,2,2,2,有,有,18880000,197357,坡道平面,33.29,2300000,預售屋、或土地及建物分件登記案件；,RPTPMLTLQHLGFCB66DA,49.17,0.0,5.04,有,
太平區,房地(土地+建物)+車位,臺中市太平區樹德五街１７號七樓之２,30.0,都市：其他:住宅區,,,1130308,土地1建物1車位2,七層,十五層,住宅大樓(11層含以上有電梯),住家用,鋼筋混凝土造,1150512,209.85000000000002,3,2,2,有,有,18670000,114286,坡道平面,79.3,3750000,預售屋、或土地及建物分件登記案件；,RPOOMLLKQHLGFJB48DA,75.77,0.0,9.27,有,
沙鹿區,房地(土地+建物)+車位,臺中市沙鹿區星河路２０３之１１號三樓之１,32.06,都市：其他:第四種住宅區,,,1130323,土地1建物1車位1,三層,七層,華廈(10層含以下有電梯),住家用,鋼筋混凝土造,1150507,124.73,3,2,2,有,有,11480000,89749,坡道機械,7.96,1000000,預售屋、或土地及建物分件登記案件；,RPXNMLKKRHLGFFB88DA,73.24,0.0,6.8,有,
西屯區,房地(土地+建物)+車位,臺中市西屯區漢翔路２１１號四樓之１,21.68,都市：其他:第二種住宅區,,,1130303,土地1建物1車位1,四層,十五層,住宅大樓(11層含以上有電梯),住家用,鋼筋混凝土造,1150514,152.01999999999998,3,2,2,有,有,26300000,200267,坡道平面,32.18,2300000,預售屋、或土地及建物分件登記案件；,RPXQMLKLQHLGFCB88DA,70.93,0.0,8.32,有,
外埔區,房地(土地+建物)+車位,臺中市外埔區東西巷３２之８號六樓之３,24.94,,鄉村區,乙種建築用地,1130323,土地1建物1車位1,六層,七層,華廈(10層含以下有電梯),住家用,鋼筋混凝土造,1150608,90.01,2,2,1,有,有,6940000,77903,坡道機械,9.91,700000,預售屋、或土地及建物分件登記案件；,RPOOMLOKRHLGFEB38DA,54.84,0.0,3.62,有,
烏日區,房地(土地+建物)+車位,臺中市烏日區榮泉路２１８號二樓之６,21.81,都市：其他:商業區,,,1130314,土地1建物1車位1,二層,十五層,住宅大樓(11層含以上有電梯),住家用,鋼筋混凝土造,1150624,159.07999999999998,3,2,2,有,有,17300000,118224,坡道平面,28.65,1880000,本案於民國115年6月15日由二親等親屬讓渡預售屋、或土地及建物分件登記案件；,RPOQMLLKRHLGFIB68DA,74.71,0.0,10.67,有,
太平區,房地(土地+建物)+車位,臺中市太平區新福路１１１６號七樓之２,26.71,都市：其他:住宅區,,,1130311,土地2建物1車位1,七層,十二層,住宅大樓(11層含以上有電梯),住家用,鋼筋混凝土造,1150629,159.82,3,2,2,有,有,17980000,122195,坡道平面,31.5,2300000,預售屋、或土地及建物分件登記案件；,RPUOMLTJRHLGFJB27DA,77.53,0.0,6.25,有,
太平區,房地(土地+建物)+車位,臺中市太平區新福路１１１６號八樓之３,26.71,都市：其他:住宅區,,,1130331,土地2建物1車位1,八層,十二層,住宅大樓(11層含以上有電梯),住家用,鋼筋混凝土造,1150629,159.82,3,2,2,有,有,17840000,121883,坡道平面,31.5,2200000,預售屋、或土地及建物分件登記案件；,RPOPMLTJRHLGFJB76DA,77.53,0.0,6.25,有,
西屯區,房地(土地+建物)+車位,臺中市西屯區經貿路二段２１１號六樓之１,15.32,都市：其他:第二種文化商業專用區,,,1130318,土地1建物1車位2,六層,二十八層,住宅大樓(11層含以上有電梯),住家用,鋼骨鋼筋混凝土造、鋼筋混凝土造,1150703,264.42999999999995,3,2,2,有,有,43500000,181715,坡道平面,53.66,5200000,預售屋、或土地及建物分件登記案件；,RPVWMLRJQHLGFCB17DA,122.41,0.0,13.85,有,
西屯區,房地(土地+建物)+車位,臺中市西屯區經貿路二段２１１號九樓之１,15.32,都市：其他:第二種文化商業專用區,,,1130316,土地1建物1車位2,九層,二十八層,住宅大樓(11層含以上有電梯),住家用,鋼骨鋼筋混凝土造、鋼筋混凝土造,1150703,264.42999999999995,3,2,2,有,有,43500000,180766,坡道平面,53.66,5400000,預售屋、或土地及建物分件登記案件；,RPPNNLRJQHLGFCB38DA,122.41,0.0,13.85,有,
西屯區,房地(土地+建物)+車位,臺中市西屯區經貿路二段２０５號二十樓之２,15.51,都市：其他:第二種文化商業專用區,,,1130331,土地1建物1車位2,二十層,二十八層,住宅大樓(11層含以上有電梯),住家用,鋼骨鋼筋混凝土造、鋼筋混凝土造,1150703,267.01,3,2,2,有,有,44050000,180220,坡道平面,53.66,5600000,預售屋、或土地及建物分件登記案件；,RPQQMLKKQHLGFCB08DA,124.37,0.0,13.61,有,
西屯區,房地(土地+建物)+車位,臺中市西屯區經貿路二段２０５號二十七樓之２,15.51,都市：其他:第二種文化商業專用區,,,1130317,土地1建物1車位2,二十七層,二十八層,住宅大樓(11層含以上有電梯),住家用,鋼骨鋼筋混凝土造、鋼筋混凝土造,1150703,267.01,3,2,2,有,有,45780000,186923,坡道平面,53.66,5900000,預售屋、或土地及建物分件登記案件；,RPWQMLKKQHLGFCB68DA,124.37,0.0,13.61,有,
西屯區,房地(土地+建物)+車位,臺中市西屯區經貿路二段２０５號二十六樓之２,15.51,都市：其他:第二種文化商業專用區,,,1130331,土地1建物1車位2,二十六層,二十八層,住宅大樓(11層含以上有電梯),住家用,鋼骨鋼筋混凝土造、鋼筋混凝土造,1150703,267.01,3,2,2,有,有,44620000,183829,坡道平面,53.66,5400000,預售屋、或土地及建物分件登記案件；,RPTNMLTJRHLGFCB98DA,124.37,0.0,13.61,有,
南區,房地(土地+建物)+車位,臺中市南區福田二街１７２號六樓之３,23.14,都市：其他:第三種住宅區。,,,1130222,土地2建物1車位1,六層,十五層,住宅大樓(11層含以上有電梯),住家用,鋼筋混凝土造,1150516,152.95999999999998,3,2,2,有,有,18290000,130234,坡道平面,27.11,1900000,預售屋、或土地及建物分件登記案件；,RPTNMLLLQHLGFAB08DA,76.02,0.0,6.86,有,
西屯區,房地(土地+建物)+車位,臺中市西屯區臺灣大道三段１２２號三樓之１,15.13,都市：其他:第五種住宅區,,,1130204,土地2建物1車位1,三層,十九層,住宅大樓(11層含以上有電梯),住家用,鋼筋混凝土造,1150625,116.13,2,2,2,有,有,19300000,198810,坡道平面,32.13,2600000,預售屋、或土地及建物分件登記案件；,RPQUMLOLQHLGFCB98DA,49.17,0.0,5.03,有,
西屯區,房地(土地+建物)+車位,臺中市西屯區臺灣大道三段１２２號十七樓之５,22.72,都市：其他:第五種住宅區,,,1130217,土地2建物1車位1,十七層,十九層,住宅大樓(11層含以上有電梯),住家用,鋼筋混凝土造,1150625,159.54,3,2,2,有,有,29750000,214653,坡道平面,33.29,2650000,預售屋、或土地及建物分件登記案件；,RPQRMLQLQHLGFCB88DA,74.79,0.0,6.76,有,
西屯區,房地(土地+建物)+車位,臺中市西屯區臺灣大道三段１１２號十五樓之１,15.13,都市：其他:第五種住宅區,,,1130201,土地2建物1車位1,十五層,十九層,住宅大樓(11層含以上有電梯),住家用,鋼筋混凝土造,1150625,117.29,2,2,2,有,有,18400000,189286,坡道平面,33.29,2500000,預售屋、或土地及建物分件登記案件；,RPRUMLQLQHLGFCB66DA,49.17,0.0,5.03,有,
西屯區,房地(土地+建物)+車位,臺中市西屯區臺灣大道三段１１２號七樓之２,16.23,都市：其他:第五種住宅區,,,1130229,土地2建物1車位1,七層,十九層,住宅大樓(11層含以上有電梯),住家用,鋼筋混凝土造,1150625,123.37,2,2,2,有,有,20850000,205928,坡道平面,33.29,2300000,預售屋、或土地及建物分件登記案件；,RPQVMLQLQHLGFCB66DA,51.32,0.0,6.86,有,
西屯區,房地(土地+建物)+車位,臺中市西屯區臺灣大道三段１１２號十樓之２,16.23,都市：其他:第五種住宅區,,,1130220,土地2建物1車位1,十層,十九層,住宅大樓(11層含以上有電梯),住家用,鋼筋混凝土造,1150625,123.37,2,2,2,有,有,20950000,203153,坡道平面,33.29,2650000,預售屋、或土地及建物分件登記案件；,RPTVMLQLQHLGFCB96DA,51.32,0.0,6.86,有,
西屯區,房地(土地+建物)+車位,臺中市西屯區漢翔路２１１號十二樓之６,19.27,都市：其他:第二種住宅區,,,1130215,土地1建物1車位1,十二層,十五層,住宅大樓(11層含以上有電梯),住家用,鋼筋混凝土造,1150514,138.69,3,2,2,有,有,22690000,192376,坡道平面,32.18,2200000,預售屋、或土地及建物分件登記案件；,RPWWMLOLQHLGFCB17DA,62.76,0.0,7.67,有,
烏日區,房地(土地+建物)+車位,臺中市烏日區榮泉路２１８號二樓之５,18.13,都市：其他:商業區,,,1130205,土地1建物1車位1,二層,十五層,住宅大樓(11層含以上有電梯),住家用,鋼筋混凝土造,1150624,136.98000000000002,3,1,2,有,有,16420000,134220,坡道平面,28.65,1880000,預售屋、或土地及建物分件登記案件；,RPQNMLPJRHLGFIB88DA,60.16,0.0,10.77,有,
烏日區,房地(土地+建物)+車位,臺中市烏日區榮泉路２１８號二樓之３,15.17,都市：其他:商業區,,,1130214,土地1建物1車位1,二層,十五層,住宅大樓(11層含以上有電梯),住家用,鋼筋混凝土造,1150624,119.32,2,2,1,有,有,14820000,143598,坡道平面,28.65,1800000,預售屋、或土地及建物分件登記案件；,RPSNMLPJRHLGFIB09DA,51.98,0.0,7.42,有,
烏日區,房地(土地+建物)+車位,臺中市烏日區榮泉路２１８號二樓之２,15.17,都市：其他:商業區,,,1130226,土地1建物1車位1,二層,十五層,住宅大樓(11層含以上有電梯),住家用,鋼筋混凝土造,1150624,119.32,2,2,1,有,有,14500000,140068,坡道平面,28.65,1800000,預售屋、或土地及建物分件登記案件；,RPUNMLPJRHLGFIB66DA,51.98,0.0,7.42,有,
烏日區,房地(土地+建物)+車位,臺中市烏日區榮泉路２１８號四樓之２,14.63,都市：其他:商業區,,,1130203,土地1建物1車位1,四層,十五層,住宅大樓(11層含以上有電梯),住家用,鋼筋混凝土造,1150624,116.13,2,2,1,有,有,12450000,121742,坡道平面,28.65,1800000,預售屋、或土地及建物分件登記案件；,RPXOMLPJRHLGFIB07DA,52.03,0.0,5.27,有,
太平區,房地(土地+建物)+車位,臺中市太平區新福路１１１６號七樓之３,26.71,都市：其他:住宅區,,,1130226,土地2建物1車位1,七層,十二層,住宅大樓(11層含以上有電梯),住家用,鋼筋混凝土造,1150629,159.82,3,2,2,有,有,17880000,122195,坡道平面,31.5,2200000,預售屋、或土地及建物分件登記案件；,RPVOMLTJRHLGFJB37DA,77.53,0.0,6.25,有,
太平區,房地(土地+建物)+車位,臺中市太平區新福路１１１６號八樓之１,26.8,都市：其他:住宅區,,,1130220,土地2建物1車位2,八層,十二層,住宅大樓(11層含以上有電梯),住家用,鋼筋混凝土造,1150629,160.28,3,2,2,有,有,18150000,122302,坡道機械,31.5,2400000,預售屋、或土地及建物分件登記案件；,RPXOMLTJRHLGFJB57DA,77.71,0.0,6.37,有,
太平區,房地(土地+建物)+車位,臺中市太平區新福路１１１６號十一樓之２,32.14,都市：其他:住宅區,,,1130224,土地2建物1車位2,十一層,十二層,住宅大樓(11層含以上有電梯),住家用,鋼筋混凝土造,1150629,186.61,4,2,2,有,有,24180000,140416,坡道機械,31.5,2400000,預售屋、或土地及建物分件登記案件；,RPPNMLKKRHLGFJB48DA,97.31,0.0,3.5,有,
南區,房地(土地+建物)+車位,臺中市南區永和街１２５巷１６弄８號三樓之３,21.8,都市：其他:第二種住宅區,,,1130227,土地1建物1車位1,三層,十層,華廈(10層含以下有電梯),住家用,鋼筋混凝土造,1150510,134.67,2,2,1,有,有,14600000,132679,坡道平面,38.95,1900000,預售屋、或土地及建物分件登記案件；,RPUONLTLOHLGFAB98DA,56.74,0.0,3.91,有,
西屯區,房地(土地+建物)+車位,臺中市西屯區經貿路二段２１１號十一樓之１,15.36,都市：其他:第二種文化商業專用區,,,1130217,土地1建物1車位2,十一層,二十八層,住宅大樓(11層含以上有電梯),住家用,鋼骨鋼筋混凝土造、鋼筋混凝土造,1150703,264.97,3,2,2,有,有,43800000,181724,坡道平面,53.66,5400000,預售屋、或土地及建物分件登記案件；,RPTNNLRJQHLGFCB78DA,122.66,0.0,13.85,有,
西屯區,房地(土地+建物)+車位,臺中市西屯區經貿路二段２０５號二十五樓之２,15.51,都市：其他:第二種文化商業專用區,,,1130223,土地1建物1車位2,二十五層,二十八層,住宅大樓(11層含以上有電梯),住家用,鋼骨鋼筋混凝土造、鋼筋混凝土造,1150703,267.01,3,2,2,有,有,45200000,185610,坡道平面,53.66,5600000,預售屋、或土地及建物分件登記案件；,RPUQMLKKQHLGFCB48DA,124.37,0.0,13.61,有,
大甲區,房地(土地+建物)+車位,臺中市大甲區中山路二段９５０巷１６號三樓之７,29.22,都市：其他:住宅區,,,1130210,土地1建物1車位1,三層,六層,華廈(10層含以下有電梯),住家用,鋼筋混凝土造,1150122,103.87,2,2,2,有,有,8300000,87949,坡道機械,19.73,900000,預售屋、或土地及建物分件登記案件；,RPPNMLRJRHLGFEB58DA,51.93,0.0,6.15,有,
南區,房地(土地+建物)+車位,臺中市南區福田二街１８０號十二樓之７,23.14,都市：其他:第三種住宅區。,,,1130110,土地2建物1車位1,十二層,十五層,住宅大樓(11層含以上有電梯),住家用,鋼筋混凝土造,1150516,153.36,3,2,2,有,有,17770000,128079,坡道平面,27.11,1600000,預售屋、或土地及建物分件登記案件；,RPTRMLLLPHLGFAB38DA,76.81,0.0,6.33,有,
南區,房地(土地+建物)+車位,臺中市南區福田二街１８２號四樓之３,24.56,都市：其他:第三種住宅區。,,,1130109,土地2建物1車位1,四層,十五層,住宅大樓(11層含以上有電梯),住家用,鋼筋混凝土造,1150516,160.92000000000002,3,2,2,有,有,18050000,122936,坡道平面,27.11,1600000,預售屋、或土地及建物分件登記案件；,RPUQMLKKQHLGFAB28DA,80.03,0.0,8.14,有,
西屯區,房地(土地+建物)+車位,臺中市西屯區臺灣大道三段１２６號四樓之３,26.14,都市：其他:第五種住宅區,,,1130116,土地2建物1車位1,四層,十九層,住宅大樓(11層含以上有電梯),住家用,鋼筋混凝土造,1150625,178.98000000000002,3,2,2,有,有,30450000,191846,坡道平面,33.29,2500000,預售屋、或土地及建物分件登記案件；,RPTSMLOLQHLGFCB09DA,84.05,0.0,9.95,有,
西屯區,房地(土地+建物)+車位,臺中市西屯區臺灣大道三段１２６號九樓之３,26.14,都市：其他:第五種住宅區,,,1130120,土地2建物1車位2,九層,十九層,住宅大樓(11層含以上有電梯),住家用,鋼筋混凝土造,1150625,212.26999999999998,3,2,2,有,有,36490000,212026,坡道平面,66.58,5600000,預售屋、或土地及建物分件登記案件；,RPOTMLOLQHLGFCB68DA,84.05,0.0,9.95,有,
西屯區,房地(土地+建物)+車位,臺中市西屯區臺灣大道三段１２２號四樓之５,22.72,都市：其他:第五種住宅區,,,1130129,土地2建物1車位1,四層,十九層,住宅大樓(11層含以上有電梯),住家用,鋼筋混凝土造,1150625,159.54,3,2,2,有,有,26800000,194059,坡道平面,33.29,2300000,預售屋、或土地及建物分件登記案件；,RPQQMLQLQHLGFCB78DA,74.79,0.0,6.76,有,
西屯區,房地(土地+建物)+車位,臺中市西屯區臺灣大道三段１１２號十樓之１,15.13,都市：其他:第五種住宅區,,,1130116,土地2建物1車位1,十層,十九層,住宅大樓(11層含以上有電梯),住家用,鋼筋混凝土造,1150625,117.29,2,2,2,有,有,18180000,184881,坡道平面,33.29,2650000,預售屋、或土地及建物分件登記案件；,RPWTMLQLQHLGFCB07DA,49.17,0.0,5.03,有,
西屯區,房地(土地+建物)+車位,臺中市西屯區臺灣大道三段１１２號十一樓之１,15.13,都市：其他:第五種住宅區,,,1130121,土地2建物1車位1,十一層,十九層,住宅大樓(11層含以上有電梯),住家用,鋼筋混凝土造,1150625,117.29,2,2,2,有,有,18100000,185714,坡道平面,33.29,2500000,預售屋、或土地及建物分件登記案件；,RPXTMLQLQHLGFCB17DA,49.17,0.0,5.03,有,
西屯區,房地(土地+建物)+車位,臺中市西屯區臺灣大道三段１１２號十三樓之１,15.13,都市：其他:第五種住宅區,,,1130125,土地2建物1車位1,十三層,十九層,住宅大樓(11層含以上有電梯),住家用,鋼筋混凝土造,1150625,117.29,2,2,2,有,有,18250000,187500,坡道平面,33.29,2500000,預售屋、或土地及建物分件登記案件；,RPPUMLQLQHLGFCB09DA,49.17,0.0,5.03,有,
西屯區,房地(土地+建物)+車位,臺中市西屯區臺灣大道三段１１２號九樓之２,16.23,都市：其他:第五種住宅區,,,1130110,土地2建物1車位1,九層,十九層,住宅大樓(11層含以上有電梯),住家用,鋼筋混凝土造,1150625,123.37,2,2,2,有,有,21200000,202598,坡道平面,33.29,2950000,預售屋、或土地及建物分件登記案件；,RPSVMLQLQHLGFCB86DA,51.32,0.0,6.86,有,
西屯區,房地(土地+建物)+車位,臺中市西屯區臺灣大道三段１１６號十三樓之２,16.23,都市：其他:第五種住宅區,,,1130119,土地2建物1車位1,十三層,十九層,住宅大樓(11層含以上有電梯),住家用,鋼筋混凝土造,1150625,123.37,2,2,2,有,有,21120000,205040,坡道平面,33.29,2650000,預售屋、或土地及建物分件登記案件；,RPTSNLQLQHLGFCB76DA,51.32,0.0,6.86,有,
西屯區,房地(土地+建物)+車位,臺中市西屯區臺灣大道三段１１６號三樓之５,23.13,都市：其他:第五種住宅區,,,1130101,土地2建物1車位1,三層,十九層,住宅大樓(11層含以上有電梯),住家用,鋼筋混凝土造,1150625,161.92000000000002,3,2,2,有,有,27100000,192801,坡道平面,33.29,2300000,預售屋、或土地及建物分件登記案件；,RPXUNLQLQHLGFCB37DA,76.24,0.0,6.76,有,
南屯區,房地(土地+建物)+車位,臺中市南屯區建功路６９號十九樓之１,14.6,都市：其他:第五種住宅區,,,1130121,土地1建物1車位1,十九層,二十三層,住宅大樓(11層含以上有電梯),住家用,鋼筋混凝土造,1141226,158.44,3,2,2,有,有,17950000,120937,坡道平面,26.14,1950000,預售屋、或土地及建物分件登記案件；,RPTNMLSLQHLGFCB98DA,75.35,0.0,11.58,有,
南屯區,房地(土地+建物)+車位,臺中市南屯區建功路６７號二十樓之２,19.97,都市：其他:第五種住宅區,,,1130106,土地1建物1車位2,二十層,二十三層,住宅大樓(11層含以上有電梯),住家用,鋼筋混凝土造,1141226,221.63,4,2,2,有,有,23320000,115855,坡道平面,52.28,3700000,預售屋、或土地及建物分件登記案件；,RPTPMLSLQHLGFCB56DA,102.97,0.0,13.32,有,
西屯區,房地(土地+建物)+車位,臺中市西屯區臺灣大道三段１１６號六樓之２,16.23,都市：其他:第五種住宅區,,,1130130,土地2建物1車位1,六層,十九層,住宅大樓(11層含以上有電梯),住家用,鋼筋混凝土造,1150625,123.37,2,2,2,有,有,21630000,210702,坡道平面,33.29,2650000,含裝潢費；預售屋、或土地及建物分件登記案件；,RPPPMLTLQHLGFCB88DA,51.32,0.0,6.86,有,
西屯區,房地(土地+建物)+車位,臺中市西屯區臺灣大道三段１１６號十二樓之１,15.13,都市：其他:第五種住宅區,,,1130107,土地2建物1車位1,十二層,十九層,住宅大樓(11層含以上有電梯),住家用,鋼筋混凝土造,1150625,117.30000000000001,2,2,2,有,有,18180000,186644,坡道平面,33.29,2500000,預售屋、或土地及建物分件登記案件；,RPSPMLTLQHLGFCB56DA,49.17,0.0,5.04,有,
西屯區,房地(土地+建物)+車位,臺中市西屯區臺灣大道三段１１２號十二樓之１,15.13,都市：其他:第五種住宅區,,,1130113,土地2建物1車位1,十二層,十九層,住宅大樓(11層含以上有電梯),住家用,鋼筋混凝土造,1150625,117.29,2,2,2,有,有,19080000,197381,坡道平面,33.29,2500000,含裝潢費；預售屋、或土地及建物分件登記案件；,RPWPMLTLQHLGFCB96DA,49.17,0.0,5.03,有,
沙鹿區,房地(土地+建物)+車位,臺中市沙鹿區平等六街８５號五樓之６,40.02,都市：其他:第二種住宅區,,,1130105,土地1建物1車位1,五層,七層,華廈(10層含以下有電梯),住家用,鋼筋混凝土造,1150423,156.26999999999998,3,1,2,有,無,16100000,115041,坡道平面,33.27,1950000,預售屋、或土地及建物分件登記案件；,RPWNMLSJNHLGFFB09DA,76.84,0.0,3.94,有,
西屯區,房地(土地+建物)+車位,臺中市西屯區漢翔路２１１號四樓之６,19.27,都市：其他:第二種住宅區,,,1130129,土地1建物1車位1,四層,十五層,住宅大樓(11層含以上有電梯),住家用,鋼筋混凝土造,1150514,138.69,3,2,2,有,有,21400000,178387,坡道平面,32.18,2400000,預售屋、或土地及建物分件登記案件；,RPORMLKLQHLGFCB08DA,62.76,0.0,7.67,有,
西屯區,房地(土地+建物)+車位,臺中市西屯區漢翔路２１１號五樓之１,21.68,都市：其他:第二種住宅區,,,1130106,土地1建物1車位1,五層,十五層,住宅大樓(11層含以上有電梯),住家用,鋼筋混凝土造,1150514,152.01999999999998,3,2,2,有,有,26380000,201769,坡道平面,32.18,2200000,預售屋、或土地及建物分件登記案件；,RPPRMLKLQHLGFCB18DA,70.93,0.0,8.32,有,
西屯區,房地(土地+建物)+車位,臺中市西屯區漢翔路２１１號七樓之７,21.51,都市：其他:第二種住宅區,,,1130108,土地1建物1車位1,七層,十五層,住宅大樓(11層含以上有電梯),住家用,鋼筋混凝土造,1150514,151.05,3,2,2,有,有,25770000,198284,坡道平面,32.18,2200000,預售屋、或土地及建物分件登記案件；,RPWRMLKLQHLGFCB88DA,70.29,0.0,8.33,有,
烏日區,房地(土地+建物)+車位,臺中市烏日區榮泉路２１８號三樓之２,14.63,都市：其他:商業區,,,1130120,土地1建物1車位1,三層,十五層,住宅大樓(11層含以上有電梯),住家用,鋼筋混凝土造,1150624,116.13,2,2,1,有,有,12580000,123228,坡道平面,28.65,1800000,預售屋、或土地及建物分件登記案件；,RPQOMLPJRHLGFIB98DA,52.03,0.0,5.27,有,
烏日區,房地(土地+建物)+車位,臺中市烏日區榮泉路２１８號七樓之６,21.23,都市：其他:商業區,,,1130118,土地1建物1車位1,七層,十五層,住宅大樓(11層含以上有電梯),住家用,鋼筋混凝土造,1150624,155.91000000000003,3,2,2,有,有,17580000,123212,坡道平面,28.65,1900000,預售屋、或土地及建物分件登記案件；,RPWNMLQJRHLGFIB96DA,74.68,0.0,8.69,有,
烏日區,房地(土地+建物)+車位,臺中市烏日區榮泉路２１８號十四樓之３,14.63,都市：其他:商業區,,,1130107,土地1建物1車位1,十四層,十五層,住宅大樓(11層含以上有電梯),住家用,鋼筋混凝土造,1150624,116.13,2,2,1,有,有,13360000,133288,坡道平面,28.65,1700000,預售屋、或土地及建物分件登記案件；,RPTNNLSJRHLGFIB96DA,52.03,0.0,5.27,有,
烏日區,房地(土地+建物)+車位,臺中市烏日區榮泉路２１８號九樓之６,21.23,都市：其他:商業區,,,1130118,土地1建物1車位2,九層,十五層,住宅大樓(11層含以上有電梯),住家用,鋼筋混凝土造,1150624,184.55,3,2,2,有,有,19640000,124479,坡道平面,57.3,3800000,本案於民國115年6月25日由二親等親屬讓渡預售屋、或土地及建物分件登記案件；,RPRQMLLKRHLGFIB98DA,74.68,0.0,8.69,有,
太平區,房地(土地+建物)+車位,臺中市太平區新福路１１１６號五樓之６,28.11,都市：其他:住宅區,,,1130114,土地2建物1車位2,五層,十二層,住宅大樓(11層含以上有電梯),住家用,鋼筋混凝土造,1150629,166.59,3,2,2,有,有,18200000,116959,坡道機械,31.5,2400000,預售屋、或土地及建物分件登記案件；,RPROMLTJRHLGFJB96DA,81.96,0.0,6.23,有,
南區,房地(土地+建物)+車位,臺中市南區福田二街１８２號三樓之１,23.01,都市：其他:第三種住宅區。,,,1121223,土地2建物1車位1,三層,十五層,住宅大樓(11層含以上有電梯),住家用,鋼筋混凝土造,1150516,152.31,3,2,2,有,有,16530000,119249,坡道平面,27.11,1600000,民國115年1月30日權利讓渡預售屋、或土地及建物分件登記案件；,RPUPMLOJPHLGFAB38DA,75.82,0.0,6.68,有,
南區,房地(土地+建物)+車位,臺中市南區福田二街１５６號,23.27,都市：其他:第三種住宅區。,,,1121213,土地2建物1車位2,一層,十五層,住宅大樓(11層含以上有電梯),商業用,鋼筋混凝土造,1150516,170.46,0,0,0,無,有,24700000,184102,坡道平面,54.22,3300000,預售屋、或土地及建物分件登記案件；,RPQQMLKKQHLGFAB87DA,83.62,0.0,0.0,有,
南屯區,房地(土地+建物)+車位,臺中市南屯區建功路６９號八樓之１,14.6,都市：其他:第五種住宅區,,,1121219,土地1建物1車位1,八層,二十三層,住宅大樓(11層含以上有電梯),住家用,鋼筋混凝土造,1141226,158.44,3,2,2,有,有,17050000,114890,坡道平面,26.14,1850000,預售屋、或土地及建物分件登記案件；,RPOQMLMLPHLGFCB08DA,75.35,0.0,11.58,有,
西屯區,房地(土地+建物)+車位,臺中市西屯區臺灣大道三段１２２號十四樓之１,15.13,都市：其他:第五種住宅區,,,1121219,土地2建物1車位1,十四層,十九層,住宅大樓(11層含以上有電梯),住家用,鋼筋混凝土造,1150625,117.29,2,2,2,有,有,19500000,204167,坡道平面,33.29,2350000,預售屋、或土地及建物分件登記案件；,RPXUMLOLQHLGFCB07DA,49.17,0.0,5.03,有,
西屯區,房地(土地+建物),臺中市西屯區臺灣大道三段１１２號八樓之１,15.13,都市：其他:第五種住宅區,,,1121230,土地2建物1車位0,八層,十九層,住宅大樓(11層含以上有電梯),住家用,鋼筋混凝土造,1150625,84.0,2,2,2,有,有,15780000,187857,,0.0,0,預售屋、或土地及建物分件登記案件；,RPVTMLQLQHLGFCB96DA,49.17,0.0,5.03,有,
西屯區,房地(土地+建物)+車位,臺中市西屯區臺灣大道三段１１２號三樓之２,16.23,都市：其他:第五種住宅區,,,1121224,土地2建物1車位1,三層,十九層,住宅大樓(11層含以上有電梯),住家用,鋼筋混凝土造,1150625,123.37,2,2,2,有,有,20080000,198490,坡道平面,33.29,2200000,預售屋、或土地及建物分件登記案件；,RPOVMLQLQHLGFCB09DA,51.32,0.0,6.86,有,
西屯區,房地(土地+建物),臺中市西屯區臺灣大道三段１１６號三樓之１,15.13,都市：其他:第五種住宅區,,,1121230,土地2建物1車位0,三層,十九層,住宅大樓(11層含以上有電梯),住家用,鋼筋混凝土造,1150625,84.01,2,2,2,有,有,15580000,185454,,0.0,0,預售屋、或土地及建物分件登記案件；,RPOQNLQLQHLGFCB68DA,49.17,0.0,5.04,有,
西屯區,房地(土地+建物)+車位,臺中市西屯區臺灣大道三段１１６號二樓之５,22.43,都市：其他:第五種住宅區,,,1121231,土地2建物1車位1,二層,十九層,住宅大樓(11層含以上有電梯),住家用,鋼筋混凝土造,1150625,158.11,3,2,2,有,有,24980000,181702,坡道平面,33.29,2300000,預售屋、或土地及建物分件登記案件；,RPWUNLQLQHLGFCB27DA,73.52,0.0,7.06,有,
西屯區,房地(土地+建物)+車位,臺中市西屯區臺灣大道三段１１６號六樓之５,23.13,都市：其他:第五種住宅區,,,1121223,土地2建物1車位1,六層,十九層,住宅大樓(11層含以上有電梯),住家用,鋼筋混凝土造,1150625,161.92000000000002,3,2,2,有,有,28080000,198865,坡道平面,33.29,2500000,預售屋、或土地及建物分件登記案件；,RPPVNLQLQHLGFCB66DA,76.24,0.0,6.76,有,
西屯區,房地(土地+建物)+車位,臺中市西屯區臺灣大道三段１１６號十七樓之５,23.13,都市：其他:第五種住宅區,,,1121202,土地2建物1車位1,十七層,十九層,住宅大樓(11層含以上有電梯),住家用,鋼筋混凝土造,1150625,161.92000000000002,3,2,2,有,有,30660000,217756,坡道平面,33.29,2650000,預售屋、或土地及建物分件登記案件；,RPTVNLQLQHLGFCB07DA,76.24,0.0,6.76,有,
西屯區,房地(土地+建物)+車位,臺中市西屯區臺灣大道三段１１６號十五樓之５,23.13,都市：其他:第五種住宅區,,,1121203,土地2建物1車位1,十五層,十九層,住宅大樓(11層含以上有電梯),住家用,鋼筋混凝土造,1150625,161.92000000000002,3,2,2,有,有,30200000,216512,坡道平面,33.29,2350000,預售屋、或土地及建物分件登記案件；,RPOQMLRLQHLGFCB68DA,76.24,0.0,6.76,有,
南屯區,房地(土地+建物)+車位,臺中市南屯區建功路６９號十樓之１,14.6,都市：其他:第五種住宅區,,,1121220,土地1建物1車位1,十層,二十三層,住宅大樓(11層含以上有電梯),住家用,鋼筋混凝土造,1141226,158.44,3,2,2,有,有,17150000,115646,坡道平面,26.14,1850000,預售屋、或土地及建物分件登記案件；,RPWOMLSLQHLGFCB76DA,75.35,0.0,11.58,有,
太平區,房地(土地+建物)+車位,臺中市太平區育才路１７７號五樓之３,12.76,都市：其他:住宅區,,,1121208,土地1建物1車位1,五層,十五層,住宅大樓(11層含以上有電梯),住家用,鋼筋混凝土造,1150113,91.75999999999999,0,0,0,無,有,9000000,113332,坡道平面,28.23,1800000,預售屋、或土地及建物分件登記案件；,RPPNMLTJRHLGFJB66DA,36.35,0.0,5.15,有,
烏日區,房地(土地+建物),臺中市烏日區光明路４１號,83.59,都市：其他:農業區,,,1121213,土地4建物1車位0,全,四層,透天厝,住商用,鋼筋混凝土造,1150423,242.46,4,2,4,有,有,27100000,111776,,0.0,0,預售屋、或土地及建物分件登記案件；,RPROMLRJRHLGFIB66DA,230.28,0.0,11.9,無,
西屯區,房地(土地+建物)+車位,臺中市西屯區漢翔路２１１號二樓之６,19.27,都市：其他:第二種住宅區,,,1121204,土地1建物1車位1,二層,十五層,住宅大樓(11層含以上有電梯),住家用,鋼筋混凝土造,1150514,138.69,3,2,2,有,有,23500000,199981,坡道平面,32.18,2200000,預售屋、或土地及建物分件登記案件；,RPUQMLKLQHLGFCB58DA,62.76,0.0,7.67,有,
烏日區,房地(土地+建物)+車位,臺中市烏日區榮泉路２１８號四樓之３,14.63,都市：其他:商業區,,,1121213,土地1建物1車位1,四層,十五層,住宅大樓(11層含以上有電梯),住家用,鋼筋混凝土造,1150624,116.13,2,2,1,有,有,12500000,121399,坡道平面,28.65,1880000,預售屋、或土地及建物分件登記案件；,RPVOMLPJRHLGFIB86DA,52.03,0.0,5.27,有,
烏日區,房地(土地+建物)+車位,臺中市烏日區榮泉路２１８號五樓之９,21.75,都市：其他:商業區,,,1121224,土地1建物1車位1,五層,十五層,住宅大樓(11層含以上有電梯),住家用,鋼筋混凝土造,1150624,158.69,3,2,2,有,有,17690000,121578,坡道平面,28.65,1880000,預售屋、或土地及建物分件登記案件；,RPVPMLPJRHLGFIB96DA,76.22,0.0,8.91,有,
烏日區,房地(土地+建物)+車位,臺中市烏日區榮泉路２１８號九樓之３,14.63,都市：其他:商業區,,,1121213,土地1建物1車位1,九層,十五層,住宅大樓(11層含以上有電梯),住家用,鋼筋混凝土造,1150624,116.13,2,2,1,有,有,13030000,128372,坡道平面,28.65,1800000,預售屋、或土地及建物分件登記案件；,RPSPMLRJRHLGFIB86DA,52.03,0.0,5.27,有,
烏日區,房地(土地+建物)+車位,臺中市烏日區榮泉路２１８號十三樓之２,14.63,都市：其他:商業區,,,1121209,土地1建物1車位1,十三層,十五層,住宅大樓(11層含以上有電梯),住家用,鋼筋混凝土造,1150624,116.13,2,2,1,有,有,13180000,131230,坡道平面,28.65,1700000,預售屋、或土地及建物分件登記案件；,RPXWMLSJRHLGFIB18DA,52.03,0.0,5.27,有,
西屯區,房地(土地+建物)+車位,臺中市西屯區經貿路二段２０９號四樓之２,14.0,都市：其他:第二種文化商業專用區,,,1121211,土地1建物1車位1,四層,二十八層,住宅大樓(11層含以上有電梯),辦公用,鋼骨鋼筋混凝土造、鋼筋混凝土造,1150703,219.03,1,1,2,有,有,35380000,172633,坡道平面,26.83,2200000,預售屋、或土地及建物分件登記案件；,RPUTMLRJQHLGFCB76DA,113.45,0.0,10.52,有,
西屯區,房地(土地+建物)+車位,臺中市西屯區經貿路二段２１１號十樓之１,15.32,都市：其他:第二種文化商業專用區,,,1121209,土地1建物1車位2,十層,二十八層,住宅大樓(11層含以上有電梯),住家用,鋼骨鋼筋混凝土造、鋼筋混凝土造,1150703,264.42999999999995,3,2,2,有,有,44120000,183707,坡道平面,53.66,5400000,預售屋、或土地及建物分件登記案件；,RPRNNLRJQHLGFCB58DA,122.41,0.0,13.85,有,
西屯區,房地(土地+建物)+車位,臺中市西屯區經貿路二段２０５號二十三樓之２,15.51,都市：其他:第二種文化商業專用區,,,1121209,土地1建物1車位2,二十三層,二十八層,住宅大樓(11層含以上有電梯),住家用,鋼骨鋼筋混凝土造、鋼筋混凝土造,1150703,267.01,3,2,2,有,有,45070000,185001,坡道平面,53.66,5600000,預售屋、或土地及建物分件登記案件；,RPTQMLKKQHLGFCB38DA,124.37,0.0,13.61,有,
西屯區,房地(土地+建物)+車位,臺中市西屯區經貿路二段２０５號二十八樓之３,14.45,都市：其他:第二種文化商業專用區,,,1121222,土地1建物1車位2,二十八層,二十八層,住宅大樓(11層含以上有電梯),住家用,鋼骨鋼筋混凝土造、鋼筋混凝土造,1150703,252.37,3,2,2,有,有,44380000,195159,坡道平面,53.66,5600000,預售屋、或土地及建物分件登記案件；,RPSUMLKKQHLGFCB68DA,116.46,0.0,12.02,有,
南區,房地(土地+建物)+車位,臺中市南區福田二街１７０號十一樓之７,29.99,都市：其他:第三種住宅區。,,,1121126,土地2建物1車位2,十一層,十五層,住宅大樓(11層含以上有電梯),住家用,鋼筋混凝土造,1150516,217.14,4,2,2,有,有,24370000,129327,坡道平面,54.22,3300000,115年2月5日權利讓渡預售屋、或土地及建物分件登記案件；,RPUOMLLLPHLGFAB18DA,96.15,0.0,11.19,有,
南區,房地(土地+建物)+車位,臺中市南區福田二街１７０號十三樓之６,30.25,都市：其他:第三種住宅區。,,,1121105,土地2建物1車位2,十三層,十五層,住宅大樓(11層含以上有電梯),住家用,鋼筋混凝土造,1150516,219.03,4,2,2,有,有,24360000,130211,坡道平面,54.22,2900000,預售屋、或土地及建物分件登記案件；,RPOPMLLLPHLGFAB67DA,98.24,0.0,10.29,有,
南屯區,房地(土地+建物)+車位,臺中市南屯區建功路６９號五樓之２,11.52,都市：其他:第五種住宅區,,,1121118,土地1建物1車位1,五層,二十三層,住宅大樓(11層含以上有電梯),住家用,鋼筋混凝土造,1141226,126.93,2,2,1,有,有,12730000,110924,坡道平面,26.14,1550000,預售屋、或土地及建物分件登記案件；,RPSQMLPJQHLGFCB68DA,60.7,0.0,5.49,有,
西屯區,房地(土地+建物)+車位,臺中市西屯區臺灣大道三段１２６號八樓之１,15.13,都市：其他:第五種住宅區,,,1121114,土地2建物1車位1,八層,十九層,住宅大樓(11層含以上有電梯),住家用,鋼筋混凝土造,1150625,117.30000000000001,2,2,2,有,有,19200000,200571,坡道平面,33.29,2350000,預售屋、或土地及建物分件登記案件；,RPVPMLTKQHLGFCB76DA,49.17,0.0,5.04,有,
西屯區,房地(土地+建物)+車位,臺中市西屯區臺灣大道三段１２６號十樓之１,15.13,都市：其他:第五種住宅區,,,1121124,土地2建物1車位1,十層,十九層,住宅大樓(11層含以上有電梯),住家用,鋼筋混凝土造,1150625,117.30000000000001,2,2,2,有,有,19680000,202714,坡道平面,33.29,2650000,預售屋、或土地及建物分件登記案件；,RPXPMLTKQHLGFCB96DA,49.17,0.0,5.04,有,
南屯區,房地(土地+建物)+車位,臺中市南屯區建功路６５號十五樓之２,10.75,都市：其他:第五種住宅區,,,1121118,土地1建物1車位1,十五層,二十三層,住宅大樓(11層含以上有電梯),住家用,鋼筋混凝土造,1141226,123.55000000000001,2,2,1,有,有,12360000,110974,坡道平面,26.14,1550000,預售屋、或土地及建物分件登記案件；,RPXQMLTKQHLGFCB07DA,57.83,0.0,6.13,有,
南屯區,房地(土地+建物)+車位,臺中市南屯區建功路６５號十二樓之６,11.52,都市：其他:第五種住宅區,,,1121111,土地1建物1車位1,十二層,二十三層,住宅大樓(11層含以上有電梯),住家用,鋼筋混凝土造,1141226,126.9,2,2,1,有,有,12750000,109667,坡道平面,26.14,1700000,預售屋、或土地及建物分件登記案件；,RPORMLTKQHLGFCB88DA,60.67,0.0,5.49,有,
西屯區,房地(土地+建物)+車位,臺中市西屯區臺灣大道三段１２６號十一樓之３,26.14,都市：其他:第五種住宅區,,,1121124,土地2建物1車位2,十一層,十九層,住宅大樓(11層含以上有電梯),住家用,鋼筋混凝土造,1150625,212.26999999999998,3,2,2,有,有,36880000,212643,坡道平面,66.58,5900000,預售屋、或土地及建物分件登記案件；,RPPTMLOLQHLGFCB78DA,84.05,0.0,9.95,有,
西屯區,房地(土地+建物)+車位,臺中市西屯區臺灣大道三段１２２號十六樓之１,15.13,都市：其他:第五種住宅區,,,1121103,土地2建物1車位1,十六層,十九層,住宅大樓(11層含以上有電梯),住家用,鋼筋混凝土造,1150625,117.29,2,2,2,有,有,19650000,204167,坡道平面,33.29,2500000,預售屋、或土地及建物分件登記案件；,RPPVMLOLQHLGFCB98DA,49.17,0.0,5.03,有,
西屯區,房地(土地+建物)+車位,臺中市西屯區臺灣大道三段１１６號六樓之１,15.13,都市：其他:第五種住宅區,,,1121125,土地2建物1車位1,六層,十九層,住宅大樓(11層含以上有電梯),住家用,鋼筋混凝土造,1150625,117.30000000000001,2,2,2,有,有,17900000,185692,坡道平面,33.29,2300000,預售屋、或土地及建物分件登記案件；,RPRQNLQLQHLGFCB98DA,49.17,0.0,5.04,有,
西屯區,房地(土地+建物)+車位,臺中市西屯區臺灣大道三段１１６號六樓之３,25.74,都市：其他:第五種住宅區,,,1121118,土地2建物1車位2,六層,十九層,住宅大樓(11層含以上有電梯),住家用,鋼筋混凝土造,1150625,209.73000000000002,3,2,2,有,有,32880000,194761,坡道平面,66.58,5000000,預售屋、或土地及建物分件登記案件；,RPOWNLQLQHLGFCB66DA,82.44,0.0,9.95,有,
西屯區,房地(土地+建物)+車位,臺中市西屯區臺灣大道三段１１６號十四樓之５,23.13,都市：其他:第五種住宅區,,,1121125,土地2建物1車位1,十四層,十九層,住宅大樓(11層含以上有電梯),住家用,鋼筋混凝土造,1150625,161.92000000000002,3,2,2,有,有,28750000,202908,坡道平面,33.29,2650000,預售屋、或土地及建物分件登記案件；,RPXPMLRLQHLGFCB86DA,76.24,0.0,6.76,有,
南屯區,房地(土地+建物)+車位,臺中市南屯區建功路６９號十六樓之２,11.52,都市：其他:第五種住宅區,,,1121126,土地1建物1車位1,十六層,二十三層,住宅大樓(11層含以上有電梯),住家用,鋼筋混凝土造,1141226,126.93,2,2,1,有,有,13410000,114694,坡道平面,26.14,1850000,預售屋、或土地及建物分件登記案件；,RPUNMLSLQHLGFCB09DA,60.7,0.0,5.49,有,
南屯區,房地(土地+建物)+車位,臺中市南屯區建功路６９號十四樓之５,13.83,都市：其他:第五種住宅區,,,1121125,土地1建物1車位1,十四層,二十三層,住宅大樓(11層含以上有電梯),住家用,鋼筋混凝土造,1141226,148.3,3,2,2,有,有,15560000,112230,坡道平面,26.14,1850000,預售屋、或土地及建物分件登記案件；,RPVNMLSLQHLGFCB56DA,72.39,0.0,7.86,有,
南屯區,房地(土地+建物)+車位,臺中市南屯區建功路６９號十八樓之６,13.83,都市：其他:第五種住宅區,,,1121126,土地1建物1車位1,十八層,二十三層,住宅大樓(11層含以上有電梯),住家用,鋼筋混凝土造,1141226,148.36,3,2,2,有,有,15640000,112829,坡道平面,26.14,1850000,預售屋、或土地及建物分件登記案件；,RPWNMLSLQHLGFCB66DA,72.05,0.0,8.26,有,
南屯區,房地(土地+建物)+車位,臺中市南屯區建功路６５號二樓之２,10.75,都市：其他:第五種住宅區,,,1121113,土地1建物1車位1,二層,二十三層,住宅大樓(11層含以上有電梯),住家用,鋼筋混凝土造,1141226,123.55000000000001,2,2,1,有,有,12000000,107279,坡道平面,26.14,1550000,預售屋、或土地及建物分件登記案件；,RPQOMLSLQHLGFCB78DA,57.83,0.0,6.13,有,
南屯區,房地(土地+建物)+車位,臺中市南屯區建功路６５號十樓之２,10.75,都市：其他:第五種住宅區,,,1121111,土地1建物1車位1,十層,二十三層,住宅大樓(11層含以上有電梯),住家用,鋼筋混凝土造,1141226,124.7,2,2,1,有,有,12520000,109035,坡道平面,27.3,1900000,預售屋、或土地及建物分件登記案件；,RPROMLSLQHLGFCB88DA,57.83,0.0,6.13,有,
南屯區,房地(土地+建物)+車位,臺中市南屯區建功路６５號十四樓之３,13.83,都市：其他:第五種住宅區,,,1121105,土地1建物1車位1,十四層,二十三層,住宅大樓(11層含以上有電梯),住家用,鋼筋混凝土造,1141226,148.74,3,2,2,有,有,15320000,111093,坡道平面,26.14,1700000,預售屋、或土地及建物分件登記案件；,RPSOMLSLQHLGFCB98DA,72.05,0.0,8.26,有,
南屯區,房地(土地+建物)+車位,臺中市南屯區建功路６５號十五樓之３,13.83,都市：其他:第五種住宅區,,,1121125,土地1建物1車位1,十五層,二十三層,住宅大樓(11層含以上有電梯),住家用,鋼筋混凝土造,1141226,148.74,3,2,2,有,有,15330000,111175,坡道平面,26.14,1700000,預售屋、或土地及建物分件登記案件；,RPTOMLSLQHLGFCB09DA,72.05,0.0,8.26,有,
南屯區,房地(土地+建物)+車位,臺中市南屯區建功路６５號十九樓之３,13.83,都市：其他:第五種住宅區,,,1121118,土地1建物1車位1,十九層,二十三層,住宅大樓(11層含以上有電梯),住家用,鋼筋混凝土造,1141226,148.74,3,2,2,有,有,15460000,112235,坡道平面,26.14,1700000,預售屋、或土地及建物分件登記案件；,RPUOMLSLQHLGFCB56DA,72.05,0.0,8.26,有,
南屯區,房地(土地+建物)+車位,臺中市南屯區建功路６５號二十二樓之３,12.29,都市：其他:第五種住宅區,,,1121112,土地1建物1車位1,二十二層,二十三層,住宅大樓(11層含以上有電梯),住家用,鋼筋混凝土造,1141226,133.73000000000002,2,2,1,有,有,14120000,114044,坡道平面,26.14,1850000,預售屋、或土地及建物分件登記案件；,RPVOMLSLQHLGFCB66DA,61.95,0.0,8.73,有,
太平區,房地(土地+建物)+車位,臺中市太平區樹德五街１７號六樓之３,29.76,都市：其他:住宅區,,,1121127,土地1建物1車位1,六層,十五層,住宅大樓(11層含以上有電梯),住家用,鋼筋混凝土造,1150512,169.10000000000002,3,2,2,有,有,16260000,112862,坡道平面,39.65,1650000,預售屋、或土地及建物分件登記案件；,RPXNMLLKQHLGFJB66DA,75.77,0.0,8.57,有,
太平區,房地(土地+建物)+車位,臺中市太平區樹德五街１７號十一樓之５,29.76,都市：其他:住宅區,,,1121128,土地1建物1車位2,十一層,十五層,住宅大樓(11層含以上有電梯),住家用,鋼筋混凝土造,1150512,208.75,3,2,2,有,有,18300000,115875,坡道平面,79.3,3300000,預售屋、或土地及建物分件登記案件；,RPSOMLLKQHLGFJB88DA,75.77,0.0,8.57,有,
西屯區,房地(土地+建物)+車位,臺中市西屯區漢翔路２１１號十三樓之３,14.95,都市：其他:第二種住宅區,,,1121106,土地1建物1車位1,十三層,十五層,住宅大樓(11層含以上有電梯),住家用,鋼筋混凝土造,1150514,114.82,2,2,1,有,有,17250000,180905,坡道平面,32.18,2300000,預售屋、或土地及建物分件登記案件；,RPXWMLOLQHLGFCB27DA,48.86,0.0,5.78,有,
大雅區,房地(土地+建物)+車位,臺中市大雅區學府路４５２巷１８號六樓之３,24.13,都市：其他:第二種住宅區,,,1121128,土地1建物1車位1,六層,九層,華廈(10層含以下有電梯),住家用,鋼筋混凝土造,1150411,113.22,2,2,2,有,有,12680000,141956,坡道平面,35.52,1650000,預售屋、或土地及建物分件登記案件；,RPWNMLRJRHLGFHB96DA,45.28,0.0,5.24,有,
大雅區,房地(土地+建物)+車位,臺中市大雅區學府路４５２巷１８號五樓之１,26.25,都市：其他:第二種住宅區,,,1121111,土地1建物1車位1,五層,九層,華廈(10層含以下有電梯),住家用,鋼筋混凝土造,1150411,120.06,2,2,2,有,有,13680000,142300,坡道平面,35.52,1650000,預售屋、或土地及建物分件登記案件；,RPXNMLTJRHLGFHB27DA,49.74,0.0,5.23,有,
烏日區,房地(土地+建物)+車位,臺中市烏日區榮泉路２１８號七樓之３,14.63,都市：其他:商業區,,,1121112,土地1建物1車位1,七層,十五層,住宅大樓(11層含以上有電梯),住家用,鋼筋混凝土造,1150624,116.13,2,2,1,有,有,12860000,126658,坡道平面,28.65,1780000,預售屋、或土地及建物分件登記案件；,RPPOMLQJRHLGFIB98DA,52.03,0.0,5.27,有,
烏日區,房地(土地+建物)+車位,臺中市烏日區榮泉路２１８號八樓之９,21.75,都市：其他:商業區,,,1121105,土地1建物1車位1,八層,十五層,住宅大樓(11層含以上有電梯),住家用,鋼筋混凝土造,1150624,158.69,3,2,2,有,有,18360000,125961,坡道平面,28.65,1980000,預售屋、或土地及建物分件登記案件；,RPQPMLQJRHLGFIB56DA,76.22,0.0,8.91,有,
烏日區,房地(土地+建物)+車位,臺中市烏日區榮泉路２１８號九樓之７,14.24,都市：其他:商業區,,,1121126,土地1建物1車位1,九層,十五層,住宅大樓(11層含以上有電梯),住家用,鋼筋混凝土造,1150624,113.77000000000001,2,2,1,有,有,12730000,128642,坡道平面,28.65,1780000,預售屋、或土地及建物分件登記案件；,RPRPMLRJRHLGFIB76DA,50.52,0.0,5.22,有,
烏日區,房地(土地+建物)+車位,臺中市烏日區榮泉路２１８號十二樓之３,14.63,都市：其他:商業區,,,1121129,土地1建物1車位1,十二層,十五層,住宅大樓(11層含以上有電梯),住家用,鋼筋混凝土造,1150624,116.13,2,2,1,有,有,13150000,129973,坡道平面,28.65,1780000,預售屋、或土地及建物分件登記案件；,RPSRMLRJRHLGFIB07DA,52.03,0.0,5.27,有,
烏日區,房地(土地+建物)+車位,臺中市烏日區榮泉路２１８號四樓之９,21.75,都市：其他:商業區,,,1121108,土地1建物1車位1,四層,十五層,住宅大樓(11層含以上有電梯),住家用,鋼筋混凝土造,1150624,158.69,3,2,2,有,有,17570000,120501,坡道平面,28.65,1900000,本案於民國115年6月17日由配偶讓渡預售屋、或土地及建物分件登記案件；,RPTQMLLKRHLGFIB56DA,76.22,0.0,8.91,有,
西屯區,房地(土地+建物)+車位,臺中市西屯區經貿路二段２１１號十二樓之１,15.36,都市：其他:第二種文化商業專用區,,,1121103,土地1建物1車位2,十二層,二十八層,住宅大樓(11層含以上有電梯),住家用,鋼骨鋼筋混凝土造、鋼筋混凝土造,1150703,264.97,3,2,2,有,有,44380000,184468,坡道平面,53.66,5400000,預售屋、或土地及建物分件登記案件；,RPUNNLRJQHLGFCB88DA,122.66,0.0,13.85,有,
南區,房地(土地+建物)+車位,臺中市南區福田二街１８２號八樓之６,24.82,都市：其他:第三種住宅區。,,,1121004,土地2建物1車位2,八層,十五層,住宅大樓(11層含以上有電梯),住家用,鋼筋混凝土造,1150516,189.56,3,2,2,有,有,20330000,125831,坡道平面,54.22,3300000,預售屋、或土地及建物分件登記案件；,RPURMLOJPHLGFAB58DA,81.85,0.0,7.29,有,
南區,房地(土地+建物)+車位,臺中市南區福田二街１８２號十三樓之５,25.33,都市：其他:第三種住宅區。,,,1121021,土地2建物1車位2,十三層,十五層,住宅大樓(11層含以上有電梯),住家用,鋼筋混凝土造,1150516,192.36,3,2,2,有,有,20670000,128638,坡道平面,54.22,2900000,預售屋、或土地及建物分件登記案件；,RPVRMLLLPHLGFAB58DA,83.03,0.0,7.94,有,
南區,房地(土地+建物)+車位,臺中市南區福田二街１８２號七樓之５,25.33,都市：其他:第三種住宅區。,,,1121014,土地2建物1車位2,七層,十五層,住宅大樓(11層含以上有電梯),住家用,鋼筋混凝土造,1150516,192.36,3,2,2,有,有,20350000,124873,坡道平面,54.22,3100000,預售屋、或土地及建物分件登記案件；,RPSPMLRLPHLGFAB68DA,83.03,0.0,7.94,有,
南區,房地(土地+建物)+車位,臺中市南區福田二街１８０號十一樓之３,29.99,都市：其他:第三種住宅區。,,,1121024,土地2建物1車位3,十一層,十五層,住宅大樓(11層含以上有電梯),住家用,鋼筋混凝土造,1150516,244.25,4,2,2,有,有,25100000,127363,坡道平面,81.33,4350000,預售屋、或土地及建物分件登記案件；,RPVQMLRLPHLGFAB09DA,96.15,0.0,11.19,有,
西屯區,房地(土地+建物)+車位,臺中市西屯區臺灣大道三段１２６號六樓之５,22.72,都市：其他:第五種住宅區,,,1121014,土地2建物1車位1,六層,十九層,住宅大樓(11層含以上有電梯),住家用,鋼筋混凝土造,1150625,159.49,3,2,2,有,有,26880000,193185,坡道平面,33.29,2500000,預售屋、或土地及建物分件登記案件；,RPQQMLOLQHLGFCB58DA,74.74,0.0,6.76,有,
西屯區,房地(土地+建物)+車位,臺中市西屯區臺灣大道三段１２６號八樓之３,26.14,都市：其他:第五種住宅區,,,1121017,土地2建物1車位2,八層,十九層,住宅大樓(11層含以上有電梯),住家用,鋼筋混凝土造,1150625,212.26999999999998,3,2,2,有,有,34180000,196170,坡道平面,66.58,5600000,預售屋、或土地及建物分件登記案件；,RPWSMLOLQHLGFCB76DA,84.05,0.0,9.95,有,
西屯區,房地(土地+建物)+車位,臺中市西屯區臺灣大道三段１２６號十樓之３,26.14,都市：其他:第五種住宅區,,,1121014,土地2建物1車位2,十層,十九層,住宅大樓(11層含以上有電梯),住家用,鋼筋混凝土造,1150625,212.26999999999998,3,2,2,有,有,33870000,198160,坡道平面,66.58,5000000,預售屋、或土地及建物分件登記案件；,RPXSMLOLQHLGFCB86DA,84.05,0.0,9.95,有,
西屯區,房地(土地+建物)+車位,臺中市西屯區臺灣大道三段１２２號五樓之５,22.72,都市：其他:第五種住宅區,,,1121027,土地2建物1車位1,五層,十九層,住宅大樓(11層含以上有電梯),住家用,鋼筋混凝土造,1150625,159.54,3,2,2,有,有,28100000,205149,坡道平面,33.29,2200000,預售屋、或土地及建物分件登記案件；,RPRQMLQLQHLGFCB88DA,74.79,0.0,6.76,有,
西屯區,房地(土地+建物)+車位,臺中市西屯區臺灣大道三段１１２號三樓之１,15.13,都市：其他:第五種住宅區,,,1121009,土地2建物1車位1,三層,十九層,住宅大樓(11層含以上有電梯),住家用,鋼筋混凝土造,1150625,117.29,2,2,2,有,有,17280000,181905,坡道平面,33.29,2000000,預售屋、或土地及建物分件登記案件；,RPQTMLQLQHLGFCB09DA,49.17,0.0,5.03,有,
西屯區,房地(土地+建物)+車位,臺中市西屯區臺灣大道三段１１２號十二樓之２,16.23,都市：其他:第五種住宅區,,,1121012,土地2建物1車位1,十二層,十九層,住宅大樓(11層含以上有電梯),住家用,鋼筋混凝土造,1150625,123.37,2,2,2,有,有,20400000,198712,坡道平面,33.29,2500000,預售屋、或土地及建物分件登記案件；,RPVVMLQLQHLGFCB17DA,51.32,0.0,6.86,有,
西屯區,房地(土地+建物)+車位,臺中市西屯區臺灣大道三段１１６號十樓之２,16.23,都市：其他:第五種住宅區,,,1121029,土地2建物1車位1,十層,十九層,住宅大樓(11層含以上有電梯),住家用,鋼筋混凝土造,1150625,123.37,2,2,2,有,有,20080000,197380,坡道平面,33.29,2300000,預售屋、或土地及建物分件登記案件；,RPQSNLQLQHLGFCB09DA,51.32,0.0,6.86,有,
西屯區,房地(土地+建物)+車位,臺中市西屯區臺灣大道三段１１６號八樓之５,23.13,都市：其他:第五種住宅區,,,1121028,土地2建物1車位1,八層,十九層,住宅大樓(11層含以上有電梯),住家用,鋼筋混凝土造,1150625,161.92000000000002,3,2,2,有,有,27900000,197466,坡道平面,33.29,2500000,預售屋、或土地及建物分件登記案件；,RPRVNLQLQHLGFCB86DA,76.24,0.0,6.76,有,
西屯區,房地(土地+建物)+車位,臺中市西屯區臺灣大道三段１１６號十六樓之３,25.74,都市：其他:第五種住宅區,,,1121027,土地2建物1車位2,十六層,十九層,住宅大樓(11層含以上有電梯),住家用,鋼筋混凝土造,1150625,209.73000000000002,3,2,2,有,有,33460000,196717,坡道平面,66.58,5300000,預售屋、或土地及建物分件登記案件；,RPVWNLQLQHLGFCB37DA,82.44,0.0,9.95,有,
西屯區,房地(土地+建物)+車位,臺中市西屯區臺灣大道三段１１２號十樓之５,20.99,都市：其他:第五種住宅區,,,1121015,土地2建物1車位1,十層,十九層,住宅大樓(11層含以上有電梯),住家用,鋼筋混凝土造,1150625,150.05,3,2,2,有,有,23050000,176002,坡道平面,33.29,2500000,預售屋、或土地及建物分件登記案件；,RPPOMLTLQHLGFCB78DA,68.56,0.0,6.76,有,
西屯區,房地(土地+建物)+車位,臺中市西屯區臺灣大道三段１１２號十一樓之５,20.99,都市：其他:第五種住宅區,,,1121021,土地2建物1車位1,十一層,十九層,住宅大樓(11層含以上有電梯),住家用,鋼筋混凝土造,1150625,150.05,3,2,2,有,有,23200000,177287,坡道平面,33.29,2500000,預售屋、或土地及建物分件登記案件；,RPQOMLTLQHLGFCB88DA,68.56,0.0,6.76,有,
西屯區,房地(土地+建物)+車位,臺中市西屯區臺灣大道三段１１６號十三樓之１,15.13,都市：其他:第五種住宅區,,,1121007,土地2建物1車位1,十三層,十九層,住宅大樓(11層含以上有電梯),住家用,鋼筋混凝土造,1150625,117.30000000000001,2,2,2,有,有,18880000,197357,坡道平面,33.29,2300000,含裝潢費；預售屋、或土地及建物分件登記案件；,RPWOMLTLQHLGFCB86DA,49.17,0.0,5.04,有,
西屯區,房地(土地+建物)+車位,臺中市西屯區漢翔路２１１號六樓之６,19.27,都市：其他:第二種住宅區,,,1121030,土地1建物1車位1,六層,十五層,住宅大樓(11層含以上有電梯),住家用,鋼筋混凝土造,1150514,138.69,3,2,2,有,有,21950000,184490,坡道平面,32.18,2300000,預售屋、或土地及建物分件登記案件；,RPSRMLKLQHLGFCB48DA,62.76,0.0,7.67,有,
西屯區,房地(土地+建物)+車位,臺中市西屯區漢翔路２１１號十一樓之５,19.24,都市：其他:第二種住宅區,,,1121009,土地1建物1車位1,十一層,十五層,住宅大樓(11層含以上有電梯),住家用,鋼筋混凝土造,1150514,138.5,3,2,2,有,有,22100000,186230,坡道平面,32.18,2300000,預售屋、或土地及建物分件登記案件；,RPUWMLOLQHLGFCB96DA,62.76,0.0,7.54,有,
西屯區,房地(土地+建物)+車位,臺中市西屯區漢翔路２１１號十四樓之５,19.24,都市：其他:第二種住宅區,,,1121001,土地1建物1車位1,十四層,十五層,住宅大樓(11層含以上有電梯),住家用,鋼筋混凝土造,1150514,138.5,3,2,2,有,有,22300000,189052,坡道平面,32.18,2200000,預售屋、或土地及建物分件登記案件；,RPONNLOLQHLGFCB18DA,62.76,0.0,7.54,有,
大雅區,房地(土地+建物)+車位,臺中市大雅區學府路４５２巷１８號九樓之５,23.88,都市：其他:第二種住宅區,,,1121009,土地1建物1車位1,九層,九層,華廈(10層含以下有電梯),住家用,鋼筋混凝土造,1150411,112.41,2,2,2,有,有,12580000,142151,坡道平面,35.52,1650000,預售屋、或土地及建物分件登記案件；,RPTNMLRJRHLGFHB66DA,44.96,0.0,5.04,有,
烏日區,房地(土地+建物)+車位,臺中市烏日區榮泉路２１８號三樓之１,21.83,都市：其他:商業區,,,1121007,土地1建物1車位1,三層,十五層,住宅大樓(11層含以上有電梯),住家用,鋼筋混凝土造,1150624,159.15,3,2,2,有,有,18150000,124674,坡道平面,28.65,1880000,預售屋、或土地及建物分件登記案件；,RPROMLPJRHLGFIB09DA,76.29,0.0,9.16,有,
烏日區,房地(土地+建物)+車位,臺中市烏日區榮泉路２１８號八樓之３,14.63,都市：其他:商業區,,,1121001,土地1建物1車位1,八層,十五層,住宅大樓(11層含以上有電梯),住家用,鋼筋混凝土造,1150624,116.13,2,2,1,有,有,12850000,126543,坡道平面,28.65,1780000,預售屋、或土地及建物分件登記案件；,RPXOMLQJRHLGFIB17DA,52.03,0.0,5.27,有,
烏日區,房地(土地+建物)+車位,臺中市烏日區榮泉路２１８號八樓之２,14.63,都市：其他:商業區,,,1121016,土地1建物1車位1,八層,十五層,住宅大樓(11層含以上有電梯),住家用,鋼筋混凝土造,1150624,116.13,2,2,1,有,有,13050000,126543,坡道平面,28.65,1980000,預售屋、或土地及建物分件登記案件；,RPPPMLQJRHLGFIB09DA,52.03,0.0,5.27,有,
烏日區,房地(土地+建物)+車位,臺中市烏日區榮泉路２１８號九樓之５,16.53,都市：其他:商業區,,,1121020,土地1建物1車位1,九層,十五層,住宅大樓(11層含以上有電梯),住家用,鋼筋混凝土造,1150624,127.47999999999999,3,1,2,有,有,14670000,129212,坡道平面,28.65,1900000,預售屋、或土地及建物分件登記案件；,RPQPMLRJRHLGFIB66DA,60.69,0.0,4.02,有,
烏日區,房地(土地+建物)+車位,臺中市烏日區榮泉路２１８號九樓之２,14.63,都市：其他:商業區,,,1121013,土地1建物1車位1,九層,十五層,住宅大樓(11層含以上有電梯),住家用,鋼筋混凝土造,1150624,116.13,2,2,1,有,有,12950000,127686,坡道平面,28.65,1780000,預售屋、或土地及建物分件登記案件；,RPUPMLRJRHLGFIB07DA,52.03,0.0,5.27,有,
西屯區,房地(土地+建物)+車位,臺中市西屯區經貿路二段２１１號十七樓之１,15.36,都市：其他:第二種文化商業專用區,,,1121012,土地1建物1車位2,十七層,二十八層,住宅大樓(11層含以上有電梯),住家用,鋼骨鋼筋混凝土造、鋼筋混凝土造,1150703,264.97,3,2,2,有,有,44650000,184800,坡道平面,53.66,5600000,預售屋、或土地及建物分件登記案件；,RPQONLRJQHLGFCB58DA,122.66,0.0,13.85,有,
西屯區,房地(土地+建物)+車位,臺中市西屯區經貿路二段２１１號十八樓之１,15.36,都市：其他:第二種文化商業專用區,,,1121013,土地1建物1車位2,十八層,二十八層,住宅大樓(11層含以上有電梯),住家用,鋼骨鋼筋混凝土造、鋼筋混凝土造,1150703,264.97,3,2,2,有,有,45250000,187639,坡道平面,53.66,5600000,預售屋、或土地及建物分件登記案件；,RPSONLRJQHLGFCB78DA,122.66,0.0,13.85,有,
西屯區,房地(土地+建物)+車位,臺中市西屯區經貿路二段２１１號二十一樓之１,15.39,都市：其他:第二種文化商業專用區,,,1121023,土地1建物1車位2,二十一層,二十八層,住宅大樓(11層含以上有電梯),住家用,鋼骨鋼筋混凝土造、鋼筋混凝土造,1150703,265.22,3,2,2,有,有,45000000,186236,坡道平面,53.66,5600000,預售屋、或土地及建物分件登記案件；,RPXONLRJQHLGFCB66DA,122.91,0.0,13.85,有,
西屯區,房地(土地+建物)+車位,臺中市西屯區經貿路二段２０５號十四樓之３,14.45,都市：其他:第二種文化商業專用區,,,1121016,土地1建物1車位1,十四層,二十八層,住宅大樓(11層含以上有電梯),住家用,鋼骨鋼筋混凝土造、鋼筋混凝土造,1150703,225.54,3,2,2,有,有,39960000,188013,坡道平面,26.83,2600000,預售屋、或土地及建物分件登記案件；,RPWSMLKKQHLGFCB88DA,116.46,0.0,12.02,有,
西屯區,房地(土地+建物)+車位,臺中市西屯區經貿路二段２１１號十六樓之１,15.36,都市：其他:第二種文化商業專用區,,,1121012,土地1建物1車位2,十六層,二十八層,住宅大樓(11層含以上有電梯),住家用,鋼骨鋼筋混凝土造、鋼筋混凝土造,1150703,264.97,3,2,2,有,有,44900000,186929,坡道平面,53.66,5400000,預售屋、或土地及建物分件登記案件；,RPPPMLTJRHLGFCB78DA,122.66,0.0,13.85,有,
南區,房地(土地+建物)+車位,臺中市南區福田二街１８０號五樓之５,30.25,都市：其他:第三種住宅區。,,,1120903,土地2建物1車位2,五層,十五層,住宅大樓(11層含以上有電梯),住家用,鋼筋混凝土造,1150516,219.03,4,2,2,有,有,23480000,123658,坡道平面,54.22,3100000,預售屋、或土地及建物分件登記案件；,RPPQMLOJPHLGFAB97DA,98.24,0.0,10.29,有,
南區,房地(土地+建物)+車位,臺中市南區福田二街１８０號九樓之７,23.14,都市：其他:第三種住宅區。,,,1120907,土地2建物1車位1,九層,十五層,住宅大樓(11層含以上有電梯),住家用,鋼筋混凝土造,1150516,153.36,3,2,2,有,有,17560000,125624,坡道平面,27.11,1700000,預售屋、或土地及建物分件登記案件；,RPVQMLLLPHLGFAB48DA,76.81,0.0,6.33,有,
南區,房地(土地+建物)+車位,臺中市南區福田二街１７６號十樓之１,24.56,都市：其他:第三種住宅區。,,,1120916,土地2建物1車位2,十層,十五層,住宅大樓(11層含以上有電梯),住家用,鋼筋混凝土造,1150516,187.63,3,2,2,有,有,20030000,128401,坡道平面,54.22,2900000,預售屋、或土地及建物分件登記案件；,RPORMLLLPHLGFAB87DA,80.4,0.0,7.51,有,
南區,房地(土地+建物)+車位,臺中市南區福田二街１８２號七樓之３,24.56,都市：其他:第三種住宅區。,,,1120926,土地2建物1車位1,七層,十五層,住宅大樓(11層含以上有電梯),住家用,鋼筋混凝土造,1150516,160.92000000000002,3,2,2,有,有,18420000,124953,坡道平面,27.11,1700000,115年2月6日權利讓渡預售屋、或土地及建物分件登記案件；,RPQPMLRLPHLGFAB48DA,80.03,0.0,8.14,有,
南區,房地(土地+建物)+車位,臺中市南區福田二街１８２號九樓之７,23.53,都市：其他:第三種住宅區。,,,1120924,土地2建物1車位2,九層,十五層,住宅大樓(11層含以上有電梯),住家用,鋼筋混凝土造,1150516,182.64999999999998,3,2,2,有,有,18950000,123414,坡道平面,54.22,3100000,預售屋、或土地及建物分件登記案件；,RPORMLKKQHLGFAB77DA,77.64,0.0,6.96,有,
西屯區,房地(土地+建物)+車位,臺中市西屯區臺灣大道三段１２６號十四樓之３,26.14,都市：其他:第五種住宅區,,,1120924,土地2建物1車位1,十四層,十九層,住宅大樓(11層含以上有電梯),住家用,鋼筋混凝土造,1150625,178.98000000000002,3,2,2,有,有,31850000,201455,坡道平面,33.29,2500000,預售屋、或土地及建物分件登記案件；,RPSTMLOLQHLGFCB09DA,84.05,0.0,9.95,有,
西屯區,房地(土地+建物)+車位,臺中市西屯區臺灣大道三段１２２號十樓之１,15.13,都市：其他:第五種住宅區,,,1120909,土地2建物1車位1,十層,十九層,住宅大樓(11層含以上有電梯),住家用,鋼筋混凝土造,1150625,117.29,2,2,2,有,有,19050000,197024,坡道平面,33.29,2500000,預售屋、或土地及建物分件登記案件；,RPUUMLOLQHLGFCB76DA,49.17,0.0,5.03,有,
西屯區,房地(土地+建物)+車位,臺中市西屯區臺灣大道三段１２２號十四樓之５,22.72,都市：其他:第五種住宅區,,,1120923,土地2建物1車位1,十四層,十九層,住宅大樓(11層含以上有電梯),住家用,鋼筋混凝土造,1150625,159.54,3,2,2,有,有,27180000,195485,坡道平面,33.29,2500000,預售屋、或土地及建物分件登記案件；,RPORMLQLQHLGFCB68DA,74.79,0.0,6.76,有,
西屯區,房地(土地+建物)+車位,臺中市西屯區臺灣大道三段１２２號十一樓之３,26.14,都市：其他:第五種住宅區,,,1120923,土地2建物1車位2,十一層,十九層,住宅大樓(11層含以上有電梯),住家用,鋼筋混凝土造,1150625,212.26999999999998,3,2,2,有,有,36100000,213467,坡道平面,66.58,5000000,預售屋、或土地及建物分件登記案件；,RPPSMLQLQHLGFCB88DA,84.05,0.0,9.95,有,
西屯區,房地(土地+建物)+車位,臺中市西屯區臺灣大道三段１２２號十二樓之３,26.14,都市：其他:第五種住宅區,,,1120915,土地2建物1車位2,十二層,十九層,住宅大樓(11層含以上有電梯),住家用,鋼筋混凝土造,1150625,212.26999999999998,3,2,2,有,有,34920000,203308,坡道平面,66.58,5300000,預售屋、或土地及建物分件登記案件；,RPQSMLQLQHLGFCB98DA,84.05,0.0,9.95,有,
西屯區,房地(土地+建物)+車位,臺中市西屯區臺灣大道三段１１２號九樓之５,20.99,都市：其他:第五種住宅區,,,1120901,土地2建物1車位1,九層,十九層,住宅大樓(11層含以上有電梯),住家用,鋼筋混凝土造,1150625,150.05,3,2,2,有,有,22800000,173861,坡道平面,33.29,2500000,預售屋、或土地及建物分件登記案件；,RPOOMLTLQHLGFCB68DA,68.56,0.0,6.76,有,
西屯區,房地(土地+建物)+車位,臺中市西屯區臺灣大道三段１１６號五樓之２,16.23,都市：其他:第五種住宅區,,,1120902,土地2建物1車位1,五層,十九層,住宅大樓(11層含以上有電梯),住家用,鋼筋混凝土造,1150625,123.37,2,2,2,有,有,20830000,205706,坡道平面,33.29,2300000,含裝潢費；預售屋、或土地及建物分件登記案件；,RPOPMLTLQHLGFCB78DA,51.32,0.0,6.86,有,
梧棲區,房地(土地+建物)+車位,臺中市梧棲區中華路二段５１號,30.57,都市：其他:第四種住宅區,,,1120909,土地1建物1車位1,一層,十五層,住宅大樓(11層含以上有電梯),商業用,鋼筋混凝土造,1150515,173.64,0,1,1,有,有,19200000,126618,坡道平面,31.48,1200000,預售屋、或土地及建物分件登記案件；,RPXQMLNKPHLGFFB66DA,89.07,0.0,5.46,有,
梧棲區,房地(土地+建物)+車位,臺中市梧棲區中華路二段５３號,30.14,都市：其他:第四種住宅區,,,1120909,土地1建物1車位2,一層,十五層,住宅大樓(11層含以上有電梯),商業用,鋼筋混凝土造,1150515,186.94,0,1,1,有,有,20000000,130261,坡道平面,47.22,1800000,原交易價格1940萬元，於 113年07月11日加購車位60萬元預售屋、或土地及建物分件登記案件；,RPORMLNKPHLGFFB48DA,92.76,0.0,0.0,有,
沙鹿區,房地(土地+建物)+車位,臺中市沙鹿區星河路２０３之１１號五樓之８,25.89,都市：其他:第四種住宅區,,,1120912,土地1建物1車位1,五層,七層,華廈(10層含以下有電梯),住家用,鋼筋混凝土造,1150507,102.06,2,2,2,有,有,8720000,84166,坡道機械,7.96,800000,預售屋、或土地及建物分件登記案件；,RPOOMLKKRHLGFFB08DA,57.95,0.0,6.5,有,
西屯區,房地(土地+建物)+車位,臺中市西屯區漢翔路２１１號十樓之５,19.24,都市：其他:第二種住宅區,,,1120915,土地1建物1車位1,十層,十五層,住宅大樓(11層含以上有電梯),住家用,鋼筋混凝土造,1150514,138.5,3,2,2,有,有,21900000,185290,坡道平面,32.18,2200000,預售屋、或土地及建物分件登記案件；,RPSWMLOLQHLGFCB76DA,62.76,0.0,7.54,有,
大雅區,房地(土地+建物)+車位,臺中市大雅區學府路４５２巷１８號四樓之２,26.49,都市：其他:第二種住宅區,,,1120903,土地1建物1車位1,四層,九層,華廈(10層含以下有電梯),住家用,鋼筋混凝土造,1150411,120.83,2,2,2,有,有,13480000,136326,坡道平面,35.52,1850000,預售屋、或土地及建物分件登記案件；,RPUNMLRJRHLGFHB76DA,50.05,0.0,5.42,有,
烏日區,房地(土地+建物)+車位,臺中市烏日區榮泉路２１８號二樓之７,14.24,都市：其他:商業區,,,1120917,土地1建物1車位1,二層,十五層,住宅大樓(11層含以上有電梯),住家用,鋼筋混凝土造,1150624,113.77000000000001,2,2,1,有,有,12350000,124178,坡道平面,28.65,1780000,預售屋、或土地及建物分件登記案件；,RPRNMLPJRHLGFIB98DA,50.52,0.0,5.22,有,
烏日區,房地(土地+建物)+車位,臺中市烏日區榮泉路２１８號七樓之７,14.24,都市：其他:商業區,,,1120916,土地1建物1車位1,七層,十五層,住宅大樓(11層含以上有電梯),住家用,鋼筋混凝土造,1150624,113.77000000000001,2,2,1,有,有,12420000,125940,坡道平面,28.65,1700000,預售屋、或土地及建物分件登記案件；,RPOOMLQJRHLGFIB88DA,50.52,0.0,5.22,有,
烏日區,房地(土地+建物),臺中市烏日區榮泉路２１８號七樓之２,14.63,都市：其他:商業區,,,1120929,土地1建物1車位0,七層,十五層,住宅大樓(11層含以上有電梯),住家用,鋼筋混凝土造,1150624,87.47999999999999,2,2,1,有,有,11030000,126086,,0.0,0,預售屋、或土地及建物分件登記案件；,RPROMLQJRHLGFIB56DA,52.03,0.0,5.27,有,
烏日區,房地(土地+建物)+車位,臺中市烏日區榮泉路２１８號七樓之１,21.87,都市：其他:商業區,,,1120927,土地1建物1車位1,七層,十五層,住宅大樓(11層含以上有電梯),住家用,鋼筋混凝土造,1150624,159.48,3,2,2,有,有,19250000,129940,坡道平面,28.65,2250000,預售屋、或土地及建物分件登記案件；,RPTOMLQJRHLGFIB76DA,76.47,0.0,9.16,有,
烏日區,房地(土地+建物)+車位,臺中市烏日區榮泉路２１８號八樓之８,14.2,都市：其他:商業區,,,1120903,土地1建物1車位1,八層,十五層,住宅大樓(11層含以上有電梯),住家用,鋼筋混凝土造,1150624,113.52000000000001,2,2,1,有,有,13050000,132556,坡道平面,28.65,1800000,預售屋、或土地及建物分件登記案件；,RPOPMLQJRHLGFIB98DA,50.41,0.0,5.15,有,
烏日區,房地(土地+建物)+車位,臺中市烏日區榮泉路２１８號九樓之１,21.87,都市：其他:商業區,,,1120927,土地1建物1車位1,九層,十五層,住宅大樓(11層含以上有電梯),住家用,鋼筋混凝土造,1150624,159.48,3,2,2,有,有,19240000,131927,坡道平面,28.65,1980000,預售屋、或土地及建物分件登記案件；,RPWPMLRJRHLGFIB27DA,76.47,0.0,9.16,有,
烏日區,房地(土地+建物)+車位,臺中市烏日區榮泉路２１８號十二樓之２,14.63,都市：其他:商業區,,,1120928,土地1建物1車位1,十二層,十五層,住宅大樓(11層含以上有電梯),住家用,鋼筋混凝土造,1150624,116.13,2,2,1,有,有,13200000,129401,坡道平面,28.65,1880000,預售屋、或土地及建物分件登記案件；,RPURMLRJRHLGFIB27DA,52.03,0.0,5.27,有,
烏日區,房地(土地+建物)+車位,臺中市烏日區榮泉路２１８號七樓之８,14.2,都市：其他:商業區,,,1120927,土地1建物1車位1,七層,十五層,住宅大樓(11層含以上有電梯),住家用,鋼筋混凝土造,1150624,113.52000000000001,2,2,1,有,有,12980000,131731,坡道平面,28.65,1800000,本案於民國115年6月15日由配偶讓渡預售屋、或土地及建物分件登記案件；,RPQQMLLKRHLGFIB88DA,50.41,0.0,5.15,有,
南區,房地(土地+建物)+車位,臺中市南區永和街１２５巷１６弄８號,22.86,都市：其他:第二種住宅區,,,1120915,土地1建物1車位1,一層,十層,華廈(10層含以下有電梯),住家用,鋼筋混凝土造,1150510,139.76,3,2,2,有,有,18480000,164468,坡道平面,38.95,1900000,含約定專用露臺預售屋、或土地及建物分件登記案件；,RPTPMLLKQHLGFAB18DA,63.87,0.0,0.0,有,
西屯區,房地(土地+建物)+車位,臺中市西屯區經貿路二段２１１號十二樓之２,14.04,都市：其他:第二種文化商業專用區,,,1120908,土地1建物1車位1,十二層,二十八層,住宅大樓(11層含以上有電梯),住家用,鋼骨鋼筋混凝土造、鋼筋混凝土造,1150703,219.21,3,2,2,有,有,37020000,180476,坡道平面,26.83,2300000,預售屋、或土地及建物分件登記案件；,RPXQNLRJQHLGFCB86DA,113.59,0.0,10.56,有,
西屯區,房地(土地+建物)+車位,臺中市西屯區經貿路二段２０５號二十二樓之１,14.49,都市：其他:第二種文化商業專用區,,,1120921,土地1建物1車位1,二十二層,二十八層,住宅大樓(11層含以上有電梯),住家用,鋼骨鋼筋混凝土造、鋼筋混凝土造,1150703,230.68,3,2,2,有,有,38860000,181974,坡道平面,31.97,2700000,預售屋、或土地及建物分件登記案件；,RPOPMLKKQHLGFCB77DA,117.64,0.0,10.56,有,
南區,房地(土地+建物)+車位,臺中市南區福田二街１８２號三樓之３,24.56,都市：其他:第三種住宅區。,,,1120827,土地2建物1車位2,三層,十五層,住宅大樓(11層含以上有電梯),住家用,鋼筋混凝土造,1150516,188.03,3,2,2,有,有,19470000,122338,坡道平面,54.22,3100000,預售屋、或土地及建物分件登記案件；,RPVPMLOJPHLGFAB48DA,80.03,0.0,8.14,有,
西屯區,房地(土地+建物)+車位,臺中市西屯區臺灣大道三段１２６號三樓之３,26.14,都市：其他:第五種住宅區,,,1120819,土地2建物1車位2,三層,十九層,住宅大樓(11層含以上有電梯),住家用,鋼筋混凝土造,1150625,212.26999999999998,3,2,2,有,有,33880000,196170,坡道平面,66.58,5300000,預售屋、或土地及建物分件登記案件；,RPRSMLOLQHLGFCB88DA,84.05,0.0,9.95,有,
西屯區,房地(土地+建物)+車位,臺中市西屯區臺灣大道三段１２２號十二樓之５,22.72,都市：其他:第五種住宅區,,,1120827,土地2建物1車位1,十二層,十九層,住宅大樓(11層含以上有電梯),住家用,鋼筋混凝土造,1150625,159.54,3,2,2,有,有,27000000,194059,坡道平面,33.29,2500000,預售屋、或土地及建物分件登記案件；,RPXQMLQLQHLGFCB86DA,74.79,0.0,6.76,有,
西屯區,房地(土地+建物)+車位,臺中市西屯區臺灣大道三段１１２號三樓之５,20.99,都市：其他:第五種住宅區,,,1120810,土地2建物1車位1,三層,十九層,住宅大樓(11層含以上有電梯),住家用,鋼筋混凝土造,1150625,151.22,3,2,2,有,有,22700000,172148,坡道平面,34.46,2600000,預售屋、或土地及建物分件登記案件；,RPXNMLTLQHLGFCB86DA,68.56,0.0,6.76,有,
西屯區,房地(土地+建物)+車位,臺中市西屯區臺灣大道三段１１６號十二樓之２,16.23,都市：其他:第五種住宅區,,,1120805,土地2建物1車位1,十二層,十九層,住宅大樓(11層含以上有電梯),住家用,鋼筋混凝土造,1150625,123.37,2,2,2,有,有,20200000,198712,坡道平面,33.29,2300000,預售屋、或土地及建物分件登記案件；,RPUPMLTLQHLGFCB76DA,51.32,0.0,6.86,有,
西屯區,房地(土地+建物)+車位,臺中市西屯區漢翔路２１１號二樓之２,15.03,都市：其他:第二種住宅區,,,1120816,土地1建物1車位1,二層,十五層,住宅大樓(11層含以上有電梯),住家用,鋼筋混凝土造,1150514,115.31,2,2,1,有,有,16990000,177914,坡道平面,32.18,2200000,預售屋、或土地及建物分件登記案件；,RPTQMLKLQHLGFCB48DA,49.18,0.0,5.78,有,
烏日區,房地(土地+建物)+車位,臺中市烏日區榮泉路２１８號六樓之９,21.75,都市：其他:商業區,,,1120820,土地1建物1車位1,六層,十五層,住宅大樓(11層含以上有電梯),住家用,鋼筋混凝土造,1150624,158.69,3,2,2,有,有,17720000,122424,坡道平面,28.65,1800000,預售屋、或土地及建物分件登記案件；,RPUNMLQJRHLGFIB76DA,76.22,0.0,8.91,有,
烏日區,房地(土地+建物)+車位,臺中市烏日區榮泉路２１８號八樓之１,21.87,都市：其他:商業區,,,1120811,土地1建物1車位1,八層,十五層,住宅大樓(11層含以上有電梯),住家用,鋼筋混凝土造,1150624,159.48,3,2,2,有,有,18930000,130322,坡道平面,28.65,1880000,預售屋、或土地及建物分件登記案件；,RPRPMLQJRHLGFIB66DA,76.47,0.0,9.16,有,
烏日區,房地(土地+建物)+車位,臺中市烏日區榮泉路２１８號十一樓之７,14.24,都市：其他:商業區,,,1120828,土地1建物1車位1,十一層,十五層,住宅大樓(11層含以上有電梯),住家用,鋼筋混凝土造,1150624,113.77000000000001,2,2,1,有,有,12660000,127820,坡道平面,28.65,1780000,預售屋、或土地及建物分件登記案件；,RPUQMLRJRHLGFIB17DA,50.52,0.0,5.22,有,
烏日區,房地(土地+建物)+車位,臺中市烏日區榮泉路２１８號十二樓之７,14.24,都市：其他:商業區,,,1120828,土地1建物1車位1,十二層,十五層,住宅大樓(11層含以上有電梯),住家用,鋼筋混凝土造,1150624,113.77000000000001,2,2,1,有,有,12680000,128994,坡道平面,28.65,1700000,預售屋、或土地及建物分件登記案件；,RPRRMLRJRHLGFIB96DA,50.52,0.0,5.22,有,
烏日區,房地(土地+建物)+車位,臺中市烏日區榮泉路２１８號十三樓之７,14.24,都市：其他:商業區,,,1120818,土地1建物1車位1,十三層,十五層,住宅大樓(11層含以上有電梯),住家用,鋼筋混凝土造,1150624,113.77000000000001,2,2,1,有,有,12880000,130404,坡道平面,28.65,1780000,預售屋、或土地及建物分件登記案件；,RPWWMLSJRHLGFIB08DA,50.52,0.0,5.22,有,
烏日區,房地(土地+建物)+車位,臺中市烏日區榮泉路２１８號三樓之７,14.24,都市：其他:商業區,,,1120806,土地1建物1車位1,三層,十五層,住宅大樓(11層含以上有電梯),住家用,鋼筋混凝土造,1150624,113.77000000000001,2,2,1,有,有,12150000,121828,坡道平面,28.65,1780000,本案於民國114年12月26日讓渡，讓渡金額新台幣1210萬元整預售屋、或土地及建物分件登記案件；,RPQNMLKKRHLGFIB48DA,50.52,0.0,5.22,有,
西屯區,房地(土地+建物)+車位,臺中市西屯區經貿路二段２０９號十四樓之１,14.04,都市：其他:第二種文化商業專用區,,,1120821,土地1建物1車位2,十四層,二十八層,住宅大樓(11層含以上有電梯),住家用,鋼骨鋼筋混凝土造、鋼筋混凝土造,1150703,245.97,3,2,2,有,有,39520000,181062,坡道平面,53.66,4700000,預售屋、或土地及建物分件登記案件；,RPPSMLRJQHLGFCB78DA,113.52,0.0,10.56,有,
西屯區,房地(土地+建物)+車位,臺中市西屯區經貿路二段２０７號十四樓之２,14.04,都市：其他:第二種文化商業專用區,,,1120806,土地1建物1車位2,十四層,二十八層,住宅大樓(11層含以上有電梯),住家用,鋼骨鋼筋混凝土造、鋼筋混凝土造,1150703,245.97,3,2,2,有,有,39920000,182622,坡道平面,53.66,4800000,預售屋、或土地及建物分件登記案件；,RPXWMLRJQHLGFCB37DA,113.52,0.0,10.56,有,
西屯區,房地(土地+建物)+車位,臺中市西屯區經貿路二段２１１號二十三樓之１,15.39,都市：其他:第二種文化商業專用區,,,1120809,土地1建物1車位2,二十三層,二十八層,住宅大樓(11層含以上有電梯),住家用,鋼骨鋼筋混凝土造、鋼筋混凝土造,1150703,265.22,3,2,2,有,有,45400000,188126,坡道平面,53.66,5600000,預售屋、或土地及建物分件登記案件；,RPQPNLRJQHLGFCB68DA,122.91,0.0,13.85,有,
西屯區,房地(土地+建物)+車位,臺中市西屯區經貿路二段２１１號二十五樓之１,15.39,都市：其他:第二種文化商業專用區,,,1120820,土地1建物1車位2,二十五層,二十八層,住宅大樓(11層含以上有電梯),住家用,鋼骨鋼筋混凝土造、鋼筋混凝土造,1150703,265.22,3,2,2,有,有,45500000,188599,坡道平面,53.66,5600000,預售屋、或土地及建物分件登記案件；,RPXPNLRJQHLGFCB76DA,122.91,0.0,13.85,有,
大甲區,房地(土地+建物)+車位,臺中市大甲區中山路二段９５０巷１６號三樓之２,19.15,都市：其他:住宅區,,,1120803,土地1建物1車位1,三層,六層,華廈(10層含以下有電梯),住家用,鋼筋混凝土造,1150122,75.72,1,1,1,有,有,5770000,87135,坡道機械,19.83,900000,預售屋、或土地及建物分件登記案件；,RPQNMLRJRHLGFEB68DA,34.58,0.0,3.28,有,
南區,房地(土地+建物)+車位,臺中市南區福田二街１７２號五樓之３,23.14,都市：其他:第三種住宅區。,,,1120717,土地2建物1車位1,五層,十五層,住宅大樓(11層含以上有電梯),住家用,鋼筋混凝土造,1150516,152.95999999999998,3,2,2,有,有,16770000,120540,坡道平面,27.11,1600000,預售屋、或土地及建物分件登記案件；,RPXRMLRLPHLGFAB76DA,76.02,0.0,6.86,有,
南區,房地(土地+建物)+車位,臺中市南區福田二街１７８號九樓之６,22.75,都市：其他:第三種住宅區。,,,1120715,土地2建物1車位1,九層,十五層,住宅大樓(11層含以上有電梯),住家用,鋼筋混凝土造,1150516,150.65,3,2,2,有,有,16900000,123037,坡道平面,27.11,1700000,預售屋、或土地及建物分件登記案件；,RPTPMLKKQHLGFAB08DA,74.12,0.0,7.28,有,
西屯區,房地(土地+建物)+車位,臺中市西屯區臺灣大道三段１２２號十樓之５,22.72,都市：其他:第五種住宅區,,,1120702,土地2建物1車位1,十層,十九層,住宅大樓(11層含以上有電梯),住家用,鋼筋混凝土造,1150625,159.54,3,2,2,有,有,26300000,188515,坡道平面,33.29,2500000,預售屋、或土地及建物分件登記案件；,RPVQMLQLQHLGFCB66DA,74.79,0.0,6.76,有,
西屯區,房地(土地+建物)+車位,臺中市西屯區臺灣大道三段１２２號十五樓之３,26.14,都市：其他:第五種住宅區,,,1120722,土地2建物1車位2,十五層,十九層,住宅大樓(11層含以上有電梯),住家用,鋼筋混凝土造,1150625,212.26999999999998,3,2,2,有,有,36700000,215526,坡道平面,66.58,5300000,預售屋、或土地及建物分件登記案件；,RPVSMLQLQHLGFCB86DA,84.05,0.0,9.95,有,
西屯區,房地(土地+建物)+車位,臺中市西屯區臺灣大道三段１１２號十九樓之２,16.23,都市：其他:第五種住宅區,,,1120722,土地2建物1車位2,十九層,十九層,住宅大樓(11層含以上有電梯),住家用,鋼筋混凝土造,1150625,156.66,2,2,2,有,有,22880000,198490,坡道平面,66.58,5000000,預售屋、或土地及建物分件登記案件；,RPRWMLQLQHLGFCB86DA,51.32,0.0,6.86,有,
西屯區,房地(土地+建物)+車位,臺中市西屯區臺灣大道三段１１６號十一樓之３,25.74,都市：其他:第五種住宅區,,,1120728,土地2建物1車位2,十一層,十九層,住宅大樓(11層含以上有電梯),住家用,鋼筋混凝土造,1150625,209.73000000000002,3,2,2,有,有,34600000,204680,坡道平面,66.58,5300000,預售屋、或土地及建物分件登記案件；,RPSWNLQLQHLGFCB07DA,82.44,0.0,9.95,有,
西屯區,房地(土地+建物)+車位,臺中市西屯區臺灣大道三段１１６號十一樓之２,16.23,都市：其他:第五種住宅區,,,1120721,土地2建物1車位1,十一層,十九層,住宅大樓(11層含以上有電梯),住家用,鋼筋混凝土造,1150625,123.37,2,2,2,有,有,20120000,197824,坡道平面,33.29,2300000,預售屋、或土地及建物分件登記案件；,RPQSMLRLQHLGFCB09DA,51.32,0.0,6.86,有,
烏日區,房地(土地+建物),臺中市烏日區光明路４７巷２９弄２８號,89.99,都市：其他:農業區,,,1120715,土地4建物1車位0,全,三層,透天厝,住家用,鋼筋混凝土造,1150423,152.41,4,2,4,有,有,20650000,135490,,0.0,0,預售屋、或土地及建物分件登記案件；,RPPOMLRJRHLGFIB09DA,140.85,0.0,11.56,無,
西屯區,房地(土地+建物)+車位,臺中市西屯區漢翔路２１１號十五樓之６,19.27,都市：其他:第二種住宅區,,,1120717,土地1建物1車位1,十五層,十五層,住宅大樓(11層含以上有電梯),住家用,鋼筋混凝土造,1150514,138.69,3,2,2,有,有,23100000,195287,坡道平面,32.18,2300000,預售屋、或土地及建物分件登記案件；,RPSNNLOLQHLGFCB58DA,62.76,0.0,7.67,有,
大雅區,房地(土地+建物)+車位,臺中市大雅區學府路４５２巷１８號七樓之３,24.13,都市：其他:第二種住宅區,,,1120729,土地1建物1車位1,七層,九層,華廈(10層含以下有電梯),住家用,鋼筋混凝土造,1150411,113.22,2,2,2,有,有,12690000,142085,坡道平面,35.52,1650000,預售屋、或土地及建物分件登記案件；,RPSNMLRJRHLGFHB56DA,45.28,0.0,5.24,有,
烏日區,房地(土地+建物)+車位,臺中市烏日區榮泉路２１８號四樓之６,21.23,都市：其他:商業區,,,1120718,土地1建物1車位1,四層,十五層,住宅大樓(11層含以上有電梯),住家用,鋼筋混凝土造,1150624,155.91000000000003,3,2,2,有,有,16800000,117083,坡道平面,28.65,1900000,預售屋、或土地及建物分件登記案件；,RPSOMLPJRHLGFIB56DA,74.68,0.0,8.69,有,
烏日區,房地(土地+建物)+車位,臺中市烏日區榮泉路２１８號六樓之３,14.63,都市：其他:商業區,,,1120702,土地1建物1車位1,六層,十五層,住宅大樓(11層含以上有電梯),住家用,鋼筋混凝土造,1150624,116.13,2,2,1,有,有,12400000,122314,坡道平面,28.65,1700000,預售屋、或土地及建物分件登記案件；,RPRNMLQJRHLGFIB09DA,52.03,0.0,5.27,有,
烏日區,房地(土地+建物)+車位,臺中市烏日區榮泉路２１８號十樓之９,21.75,都市：其他:商業區,,,1120719,土地1建物1車位1,十層,十五層,住宅大樓(11層含以上有電梯),住家用,鋼筋混凝土造,1150624,158.69,3,2,2,有,有,18400000,126269,坡道平面,28.65,1980000,預售屋、或土地及建物分件登記案件；,RPQQMLRJRHLGFIB76DA,76.22,0.0,8.91,有,
烏日區,房地(土地+建物)+車位,臺中市烏日區榮泉路２１８號十一樓之３,14.63,都市：其他:商業區,,,1120708,土地1建物1車位1,十一層,十五層,住宅大樓(11層含以上有電梯),住家用,鋼筋混凝土造,1150624,116.13,2,2,1,有,有,12950000,126543,坡道平面,28.65,1880000,預售屋、或土地及建物分件登記案件；,RPVQMLRJRHLGFIB27DA,52.03,0.0,5.27,有,
烏日區,房地(土地+建物)+車位,臺中市烏日區榮泉路２１８號十五樓之３,14.63,都市：其他:商業區,,,1120719,土地1建物1車位1,十五層,十五層,住宅大樓(11層含以上有電梯),住家用,鋼筋混凝土造,1150624,116.19999999999999,2,2,1,有,有,13250000,129640,坡道平面,28.65,1900000,預售屋、或土地及建物分件登記案件；,RPQONLSJRHLGFIB76DA,52.03,0.0,5.27,有,
烏日區,房地(土地+建物)+車位,臺中市烏日區榮泉路２１８號十五樓之７,14.24,都市：其他:商業區,,,1120716,土地1建物1車位1,十五層,十五層,住宅大樓(11層含以上有電梯),住家用,鋼筋混凝土造,1150624,113.77000000000001,2,2,1,有,有,12860000,129934,坡道平面,28.65,1800000,本案於民國115年7月7日由配偶讓渡預售屋、或土地及建物分件登記案件；,RPPQMLLKRHLGFIB78DA,50.52,0.0,5.22,有,
西屯區,房地(土地+建物)+車位,臺中市西屯區經貿路二段２０５號十九樓之１,14.49,都市：其他:第二種文化商業專用區,,,1120711,土地1建物1車位1,十九層,二十八層,住宅大樓(11層含以上有電梯),住家用,鋼骨鋼筋混凝土造、鋼筋混凝土造,1150703,225.54,3,2,2,有,有,38000000,179156,坡道平面,26.83,2400000,預售屋、或土地及建物分件登記案件；,RPVOMLSJRHLGFCB56DA,117.64,0.0,10.56,有,
南區,房地(土地+建物)+車位,臺中市南區福田二街１７６號六樓之２,23.01,都市：其他:第三種住宅區。,,,1120618,土地2建物1車位1,六層,十五層,住宅大樓(11層含以上有電梯),住家用,鋼筋混凝土造,1150516,152.31,3,2,2,有,有,16770000,121166,坡道平面,27.11,1600000,預售屋、或土地及建物分件登記案件；,RPVQMLOJPHLGFAB58DA,75.82,0.0,6.68,有,
南區,房地(土地+建物)+車位,臺中市南區福田二街１８２號八樓之１,23.01,都市：其他:第三種住宅區。,,,1120630,土地2建物1車位1,八層,十五層,住宅大樓(11層含以上有電梯),住家用,鋼筋混凝土造,1150516,152.31,3,2,2,有,有,17020000,122364,坡道平面,27.11,1700000,預售屋、或土地及建物分件登記案件；,RPRRMLOJPHLGFAB28DA,75.82,0.0,6.68,有,
南區,房地(土地+建物)+車位,臺中市南區福田二街１８０號七樓之５,30.25,都市：其他:第三種住宅區。,,,1120629,土地2建物1車位2,七層,十五層,住宅大樓(11層含以上有電梯),住家用,鋼筋混凝土造,1150516,219.03,4,2,2,有,有,23700000,124992,坡道平面,54.22,3100000,預售屋、或土地及建物分件登記案件；,RPQQMLLLPHLGFAB97DA,98.24,0.0,10.29,有,
南區,房地(土地+建物)+車位,臺中市南區福田二街１７８號七樓之２,24.56,都市：其他:第三種住宅區。,,,1120620,土地2建物1車位1,七層,十五層,住宅大樓(11層含以上有電梯),住家用,鋼筋混凝土造,1150516,160.68,3,2,2,有,有,18980000,129370,坡道平面,27.11,1700000,預售屋、或土地及建物分件登記案件；,RPRSMLRLPHLGFAB88DA,79.81,0.0,8.12,有,
西屯區,房地(土地+建物)+車位,臺中市西屯區臺灣大道三段１２６號十九樓之１,15.13,都市：其他:第五種住宅區,,,1120628,土地2建物1車位1,十九層,十九層,住宅大樓(11層含以上有電梯),住家用,鋼筋混凝土造,1150625,117.30000000000001,2,2,2,有,有,19200000,198786,坡道平面,33.29,2500000,預售屋、或土地及建物分件登記案件；,RPTOMLOLQHLGFCB68DA,49.17,0.0,5.04,有,
西屯區,房地(土地+建物)+車位,臺中市西屯區臺灣大道三段１２６號七樓之２,16.23,都市：其他:第五種住宅區,,,1120618,土地2建物1車位1,七層,十九層,住宅大樓(11層含以上有電梯),住家用,鋼筋混凝土造,1150625,123.37,2,2,2,有,有,21620000,213366,坡道平面,33.29,2400000,預售屋、或土地及建物分件登記案件；,RPXOMLOLQHLGFCB09DA,51.32,0.0,6.86,有,
西屯區,房地(土地+建物)+車位,臺中市西屯區臺灣大道三段１２２號九樓之５,22.72,都市：其他:第五種住宅區,,,1120630,土地2建物1車位1,九層,十九層,住宅大樓(11層含以上有電梯),住家用,鋼筋混凝土造,1150625,159.54,3,2,2,有,有,28000000,201980,坡道平面,33.29,2500000,轉售價格新台幣2845萬元整含車位，轉售日期民國113年11月20日。轉讓日期民國115年4月30日。預售屋、或土地及建物分件登記案件；,RPUQMLQLQHLGFCB56DA,74.79,0.0,6.76,有,
西屯區,房地(土地+建物)+車位,臺中市西屯區臺灣大道三段１２２號十四樓之３,26.14,都市：其他:第五種住宅區,,,1120629,土地2建物1車位2,十四層,十九層,住宅大樓(11層含以上有電梯),住家用,鋼筋混凝土造,1150625,212.26999999999998,3,2,2,有,有,34500000,202485,坡道平面,66.58,5000000,預售屋、或土地及建物分件登記案件；,RPTSMLQLQHLGFCB66DA,84.05,0.0,9.95,有,
西屯區,房地(土地+建物)+車位,臺中市西屯區臺灣大道三段１２６號六樓之１,15.13,都市：其他:第五種住宅區,,,1120625,土地2建物1車位1,六層,十九層,住宅大樓(11層含以上有電梯),住家用,鋼筋混凝土造,1150625,117.30000000000001,2,2,2,有,有,18680000,192596,坡道平面,33.29,2500000,預售屋、或土地及建物分件登記案件；,RPSONLQLQHLGFCB88DA,49.17,0.0,5.04,有,
西屯區,房地(土地+建物)+車位,臺中市西屯區臺灣大道三段１１２號十樓之３,25.74,都市：其他:第五種住宅區,,,1120603,土地2建物1車位1,十層,十九層,住宅大樓(11層含以上有電梯),住家用,鋼筋混凝土造,1150625,176.44,3,2,2,有,有,29000000,186518,坡道平面,33.29,2300000,預售屋、或土地及建物分件登記案件；,RPOPNLQLQHLGFCB58DA,82.44,0.0,9.95,有,
西屯區,房地(土地+建物)+車位,臺中市西屯區臺灣大道三段１２６號九樓之２,16.23,都市：其他:第五種住宅區,,,1120622,土地2建物1車位1,九層,十九層,住宅大樓(11層含以上有電梯),住家用,鋼筋混凝土造,1150625,123.37,2,2,2,有,有,21750000,214809,坡道平面,33.29,2400000,預售屋、或土地及建物分件登記案件；,RPSOMLRLQHLGFCB88DA,51.32,0.0,6.86,有,
西屯區,房地(土地+建物)+車位,臺中市西屯區臺灣大道三段１１６號八樓之１,15.13,都市：其他:第五種住宅區,,,1120601,土地2建物1車位1,八層,十九層,住宅大樓(11層含以上有電梯),住家用,鋼筋混凝土造,1150625,117.30000000000001,2,2,2,有,有,17380000,180693,坡道平面,33.29,2200000,預售屋、或土地及建物分件登記案件；,RPRPMLRLQHLGFCB88DA,49.17,0.0,5.04,有,
西屯區,房地(土地+建物)+車位,臺中市西屯區臺灣大道三段１１６號十樓之５,23.13,都市：其他:第五種住宅區,,,1120604,土地2建物1車位1,十層,十九層,住宅大樓(11層含以上有電梯),住家用,鋼筋混凝土造,1150625,161.92000000000002,3,2,2,有,有,27280000,192646,坡道平面,33.29,2500000,預售屋、或土地及建物分件登記案件；,RPTPMLRLQHLGFCB09DA,76.24,0.0,6.76,有,
西屯區,房地(土地+建物)+車位,臺中市西屯區臺灣大道三段１２２號十九樓之５,22.72,都市：其他:第五種住宅區,,,1120624,土地2建物1車位1,十九層,十九層,住宅大樓(11層含以上有電梯),住家用,鋼筋混凝土造,1150625,159.54,3,2,2,有,有,28850000,208713,坡道平面,33.29,2500000,預售屋、或土地及建物分件登記案件；,RPSNMLTLQHLGFCB98DA,74.79,0.0,6.76,有,
西屯區,房地(土地+建物)+車位,臺中市西屯區臺灣大道三段１１２號十三樓之５,20.99,都市：其他:第五種住宅區,,,1120630,土地2建物1車位1,十三層,十九層,住宅大樓(11層含以上有電梯),住家用,鋼筋混凝土造,1150625,150.05,3,2,2,有,有,24050000,184567,坡道平面,33.29,2500000,預售屋、或土地及建物分件登記案件；,RPROMLTLQHLGFCB98DA,68.56,0.0,6.76,有,
龍井區,房地(土地+建物)+車位,臺中市龍井區遊園北路２０８巷１６號二樓之１,15.87,都市：其他:第三種住宅區。,,,1120626,土地1建物1車位1,二層,八層,華廈(10層含以下有電梯),住家用,鋼筋混凝土造,1150130,100.38,2,2,1,有,有,8210000,102790,坡道平面,38.02,1800000,114年11月8日換約，換約金額為新台幣860萬元整。預售屋、或土地及建物分件登記案件；,RPOOMLNJRHLGFKB78DA,36.14,0.0,3.19,有,
龍井區,房地(土地+建物)+車位,臺中市龍井區遊園北路２０８巷１６號三樓之８,19.99,都市：其他:第三種住宅區。,,,1120626,土地1建物1車位1,三層,八層,華廈(10層含以下有電梯),住家用,鋼筋混凝土造,1150130,116.58,2,2,1,有,有,10230000,107307,坡道平面,38.02,1800000,115年5月17日換約，換約金額為新台幣1068萬元整。預售屋、或土地及建物分件登記案件；,RPPOMLNJRHLGFKB88DA,46.52,0.0,3.03,有,
梧棲區,房地(土地+建物)+車位,臺中市梧棲區大仁路一段１６８號十一樓之３,30.86,都市：其他:第四種住宅區,,,1120630,土地1建物1車位1,十一層,十五層,住宅大樓(11層含以上有電梯),住家用,鋼筋混凝土造,1150427,148.35000000000002,3,2,2,有,有,11380000,86727,坡道平面,32.7,1350000,轉售價格新台幣1143萬元正含車位轉售日期民國114年12月23日。含裝潢費；預售屋、或土地及建物分件登記案件；,RPQNMLQJRHLGFFB68DA,69.78,0.0,7.76,有,
梧棲區,房地(土地+建物)+車位,臺中市梧棲區大仁路一段１６８號十四樓之６,21.63,都市：其他:第四種住宅區,,,1120608,土地1建物1車位1,十四層,十五層,住宅大樓(11層含以上有電梯),住家用,鋼筋混凝土造,1150427,114.03999999999999,2,2,1,有,有,7980000,81510,坡道平面,32.7,1350000,含裝潢費；預售屋、或土地及建物分件登記案件；,RPPNMLQJRHLGFFB58DA,49.49,0.0,5.08,有,
梧棲區,房地(土地+建物)+車位,臺中市梧棲區大仁路一段１６８號十四樓之７,22.78,都市：其他:第四種住宅區,,,1120611,土地1建物1車位1,十四層,十五層,住宅大樓(11層含以上有電梯),住家用,鋼筋混凝土造,1150427,117.53999999999999,2,2,1,有,有,8340000,81212,坡道平面,32.7,1450000,轉讓日期民國114年12月12日。含裝潢費；預售屋、或土地及建物分件登記案件；,RPRNMLQJRHLGFFB78DA,51.2,0.0,5.71,有,
烏日區,房地(土地+建物),臺中市烏日區光明路４７巷１５號,118.48,都市：其他:農業區,,,1120627,土地4建物1車位0,全,三層,透天厝,住家用,鋼筋混凝土造,1150423,201.42,4,2,4,有,有,24300000,120643,,0.0,0,預售屋、或土地及建物分件登記案件；,RPRNMLRJRHLGFIB56DA,185.89,0.0,15.53,無,
西屯區,房地(土地+建物)+車位,臺中市西屯區漢翔路２１１號八樓之５,19.24,都市：其他:第二種住宅區,,,1120603,土地1建物1車位1,八層,十五層,住宅大樓(11層含以上有電梯),住家用,鋼筋混凝土造,1150514,138.5,3,2,2,有,有,21580000,181339,坡道平面,32.18,2300000,預售屋、或土地及建物分件登記案件；,RPOSMLKLQHLGFCB18DA,62.76,0.0,7.54,有,
烏日區,房地(土地+建物)+車位,臺中市烏日區榮泉路２１８號二樓之８,14.26,都市：其他:商業區,,,1120612,土地1建物1車位1,二層,十五層,住宅大樓(11層含以上有電梯),住家用,鋼筋混凝土造,1150624,113.85,2,2,1,有,有,12390000,125704,坡道平面,28.65,1680000,預售屋、或土地及建物分件登記案件；,RPTNMLPJRHLGFIB56DA,50.67,0.0,5.15,有,
烏日區,房地(土地+建物)+車位,臺中市烏日區榮泉路２１８號四樓之７,14.24,都市：其他:商業區,,,1120607,土地1建物1車位1,四層,十五層,住宅大樓(11層含以上有電梯),住家用,鋼筋混凝土造,1150624,113.77000000000001,2,2,1,有,有,11900000,121241,坡道平面,28.65,1580000,預售屋、或土地及建物分件登記案件；,RPUOMLPJRHLGFIB76DA,50.52,0.0,5.22,有,
烏日區,房地(土地+建物)+車位,臺中市烏日區榮泉路２１８號五樓之６,21.23,都市：其他:商業區,,,1120618,土地1建物1車位1,五層,十五層,住宅大樓(11層含以上有電梯),住家用,鋼筋混凝土造,1150624,155.91000000000003,3,2,2,有,有,16800000,118812,坡道平面,28.65,1680000,預售屋、或土地及建物分件登記案件；,RPQPMLPJRHLGFIB09DA,74.68,0.0,8.69,有,
烏日區,房地(土地+建物)+車位,臺中市烏日區榮泉路２１８號十樓之７,14.24,都市：其他:商業區,,,1120629,土地1建物1車位1,十層,十五層,住宅大樓(11層含以上有電梯),住家用,鋼筋混凝土造,1150624,113.77000000000001,2,2,1,有,有,12510000,126057,坡道平面,28.65,1780000,預售屋、或土地及建物分件登記案件；,RPOQMLRJRHLGFIB56DA,50.52,0.0,5.22,有,
西屯區,房地(土地+建物)+車位,臺中市西屯區經貿路二段２０７號十三樓之１,14.04,都市：其他:第二種文化商業專用區,,,1120629,土地1建物1車位2,十三層,二十八層,住宅大樓(11層含以上有電梯),住家用,鋼骨鋼筋混凝土造、鋼筋混凝土造,1150703,246.26,3,2,2,有,有,39890000,182710,坡道平面,53.66,4700000,預售屋、或土地及建物分件登記案件；,RPTSMLRJQHLGFCB56DA,113.85,0.0,10.52,有,
西屯區,房地(土地+建物)+車位,臺中市西屯區經貿路二段２１１號二十樓之１,15.36,都市：其他:第二種文化商業專用區,,,1120609,土地1建物1車位2,二十層,二十八層,住宅大樓(11層含以上有電梯),住家用,鋼骨鋼筋混凝土造、鋼筋混凝土造,1150703,264.97,3,2,2,有,有,45660000,189579,坡道平面,53.66,5600000,預售屋、或土地及建物分件登記案件；,RPVONLRJQHLGFCB09DA,122.66,0.0,13.85,有,
西屯區,房地(土地+建物)+車位,臺中市西屯區經貿路二段２０７號二十四樓之２,14.04,都市：其他:第二種文化商業專用區,,,1120630,土地1建物1車位1,二十四層,二十八層,住宅大樓(11層含以上有電梯),住家用,鋼骨鋼筋混凝土造、鋼筋混凝土造,1150703,219.14,3,2,2,有,有,38880000,188654,坡道平面,26.83,2600000,預售屋、或土地及建物分件登記案件；,RPWONLRJQHLGFCB56DA,113.52,0.0,10.56,有,
西屯區,房地(土地+建物)+車位,臺中市西屯區經貿路二段２１１號二十二樓之１,15.39,都市：其他:第二種文化商業專用區,,,1120630,土地1建物1車位2,二十二層,二十八層,住宅大樓(11層含以上有電梯),住家用,鋼骨鋼筋混凝土造、鋼筋混凝土造,1150703,265.22,3,2,2,有,有,46000000,190962,坡道平面,53.66,5600000,預售屋、或土地及建物分件登記案件；,RPOPNLRJQHLGFCB48DA,122.91,0.0,13.85,有,
西屯區,房地(土地+建物)+車位,臺中市西屯區經貿路二段２１１號二十四樓之１,15.39,都市：其他:第二種文化商業專用區,,,1120610,土地1建物1車位2,二十四層,二十八層,住宅大樓(11層含以上有電梯),住家用,鋼骨鋼筋混凝土造、鋼筋混凝土造,1150703,265.22,3,2,2,有,有,46020000,192002,坡道平面,53.66,5400000,預售屋、或土地及建物分件登記案件；,RPWPNLRJQHLGFCB66DA,122.91,0.0,13.85,有,
西屯區,房地(土地+建物)+車位,臺中市西屯區經貿路二段２１１號二十五樓之２,14.04,都市：其他:第二種文化商業專用區,,,1120609,土地1建物1車位2,二十五層,二十八層,住宅大樓(11層含以上有電梯),住家用,鋼骨鋼筋混凝土造、鋼筋混凝土造,1150703,246.04000000000002,3,2,2,有,有,39880000,183387,坡道平面,53.66,4600000,預售屋、或土地及建物分件登記案件；,RPWRNLRJQHLGFCB86DA,113.59,0.0,10.56,有,
南區,房地(土地+建物)+車位,臺中市南區福田二街１６８號,22.88,都市：其他:第三種住宅區。,,,1120520,土地2建物1車位2,一層,十五層,住宅大樓(11層含以上有電梯),商業用,鋼筋混凝土造,1150516,168.1,0,0,0,無,有,23560000,177907,坡道平面,54.22,3300000,預售屋、或土地及建物分件登記案件；,RPTQMLKKQHLGFAB18DA,81.96,0.0,0.0,有,
西屯區,房地(土地+建物)+車位,臺中市西屯區臺灣大道三段１２６號十四樓之１,15.13,都市：其他:第五種住宅區,,,1120529,土地2建物1車位1,十四層,十九層,住宅大樓(11層含以上有電梯),住家用,鋼筋混凝土造,1150625,117.30000000000001,2,2,2,有,有,19170000,196643,坡道平面,33.29,2650000,預售屋、或土地及建物分件登記案件；,RPQOMLOLQHLGFCB38DA,49.17,0.0,5.04,有,
西屯區,房地(土地+建物)+車位,臺中市西屯區臺灣大道三段１２２號十二樓之１,15.13,都市：其他:第五種住宅區,,,1120528,土地2建物1車位1,十二層,十九層,住宅大樓(11層含以上有電梯),住家用,鋼筋混凝土造,1150625,117.29,2,2,2,有,有,18600000,194048,坡道平面,33.29,2300000,預售屋、或土地及建物分件登記案件；,RPVUMLOLQHLGFCB86DA,49.17,0.0,5.03,有,
西屯區,房地(土地+建物)+車位,臺中市西屯區臺灣大道三段１２２號十八樓之３,26.14,都市：其他:第五種住宅區,,,1120520,土地2建物1車位2,十八層,十九層,住宅大樓(11層含以上有電梯),住家用,鋼筋混凝土造,1150625,212.26999999999998,3,2,2,有,有,35000000,203858,坡道平面,66.58,5300000,預售屋、或土地及建物分件登記案件；,RPOTMLQLQHLGFCB88DA,84.05,0.0,9.95,有,
西屯區,房地(土地+建物)+車位,臺中市西屯區臺灣大道三段１１２號十四樓之２,16.23,都市：其他:第五種住宅區,,,1120522,土地2建物1車位1,十四層,十九層,住宅大樓(11層含以上有電梯),住家用,鋼筋混凝土造,1150625,123.37,2,2,2,有,有,19910000,195493,坡道平面,33.29,2300000,轉售價格新台幣2122萬元整含車位，轉售日期民國113年6月30日。預售屋、或土地及建物分件登記案件；,RPXVMLQLQHLGFCB37DA,51.32,0.0,6.86,有,
西屯區,房地(土地+建物)+車位,臺中市西屯區臺灣大道三段１１２號十五樓之２,16.23,都市：其他:第五種住宅區,,,1120519,土地2建物1車位2,十五層,十九層,住宅大樓(11層含以上有電梯),住家用,鋼筋混凝土造,1150625,158.99,2,2,2,有,有,22300000,194293,坡道平面,68.92,4800000,預售屋、或土地及建物分件登記案件；,RPOWMLQLQHLGFCB56DA,51.32,0.0,6.86,有,
西屯區,房地(土地+建物)+車位,臺中市西屯區臺灣大道三段１１２號十六樓之２,16.23,都市：其他:第五種住宅區,,,1120514,土地2建物1車位1,十六層,十九層,住宅大樓(11層含以上有電梯),住家用,鋼筋混凝土造,1150625,123.37,2,2,2,有,有,20400000,198712,坡道平面,33.29,2500000,預售屋、或土地及建物分件登記案件；,RPPWMLQLQHLGFCB66DA,51.32,0.0,6.86,有,
西屯區,房地(土地+建物)+車位,臺中市西屯區臺灣大道三段１１６號四樓之１,15.13,都市：其他:第五種住宅區,,,1120516,土地2建物1車位1,四層,十九層,住宅大樓(11層含以上有電梯),住家用,鋼筋混凝土造,1150625,117.30000000000001,2,2,2,有,有,17000000,178550,坡道平面,33.29,2000000,預售屋、或土地及建物分件登記案件；,RPPQNLQLQHLGFCB78DA,49.17,0.0,5.04,有,
西屯區,房地(土地+建物)+車位,臺中市西屯區臺灣大道三段１２６號十三樓之１,15.13,都市：其他:第五種住宅區,,,1120506,土地2建物1車位1,十三層,十九層,住宅大樓(11層含以上有電梯),住家用,鋼筋混凝土造,1150625,117.30000000000001,2,2,2,有,有,18680000,194977,坡道平面,33.29,2300000,轉售價格新台幣1880萬元整含車位，轉售日期民國115年3月31日。預售屋、或土地及建物分件登記案件；,RPSTNLQLQHLGFCB76DA,49.17,0.0,5.04,有,
西屯區,房地(土地+建物)+車位,臺中市西屯區臺灣大道三段１１６號十九樓之３,25.74,都市：其他:第五種住宅區,,,1120520,土地2建物1車位2,十九層,十九層,住宅大樓(11層含以上有電梯),住家用,鋼筋混凝土造,1150625,209.73000000000002,3,2,2,有,有,34550000,204331,坡道平面,66.58,5300000,預售屋、或土地及建物分件登記案件；,RPXWNLQLQHLGFCB57DA,82.44,0.0,9.95,有,
西屯區,房地(土地+建物)+車位,臺中市西屯區臺灣大道三段１１２號十八樓之２,16.23,都市：其他:第五種住宅區,,,1120513,土地2建物1車位1,十八層,十九層,住宅大樓(11層含以上有電梯),住家用,鋼筋混凝土造,1150625,123.37,2,2,2,有,有,20400000,200933,坡道平面,33.29,2300000,預售屋、或土地及建物分件登記案件；,RPSNOLQLQHLGFCB88DA,51.32,0.0,6.86,有,
西屯區,房地(土地+建物)+車位,臺中市西屯區臺灣大道三段１１６號十九樓之２,16.23,都市：其他:第五種住宅區,,,1120520,土地2建物1車位1,十九層,十九層,住宅大樓(11層含以上有電梯),住家用,鋼筋混凝土造,1150625,123.37,2,2,2,有,有,20650000,199822,坡道平面,33.29,2650000,預售屋、或土地及建物分件登記案件；,RPSPMLRLQHLGFCB98DA,51.32,0.0,6.86,有,
西屯區,房地(土地+建物)+車位,臺中市西屯區臺灣大道三段１２６號十二樓之１,15.13,都市：其他:第五種住宅區,,,1120513,土地2建物1車位1,十二層,十九層,住宅大樓(11層含以上有電梯),住家用,鋼筋混凝土造,1150625,117.30000000000001,2,2,2,有,有,19500000,204738,坡道平面,33.29,2300000,含裝潢費；預售屋、或土地及建物分件登記案件；,RPUNMLTLQHLGFCB56DA,49.17,0.0,5.04,有,
龍井區,房地(土地+建物),臺中市龍井區遊園北路２０８巷１６號三樓之９,13.15,都市：其他:第三種住宅區。,,,1120508,土地1建物1車位0,三層,八層,華廈(10層含以下有電梯),住家用,鋼筋混凝土造,1150130,51.65,1,2,1,有,有,5380000,104163,,0.0,0,預售屋、或土地及建物分件登記案件；,RPQNMLOJRHLGFKB98DA,29.3,0.0,3.28,有,
西屯區,房地(土地+建物)+車位,臺中市西屯區漢翔路２１１號八樓之２,14.95,都市：其他:第二種住宅區,,,1120507,土地1建物1車位1,八層,十五層,住宅大樓(11層含以上有電梯),住家用,鋼筋混凝土造,1150514,114.77000000000001,2,2,1,有,有,16950000,177382,坡道平面,32.18,2300000,預售屋、或土地及建物分件登記案件；,RPXRMLKLQHLGFCB98DA,48.86,0.0,5.78,有,
西屯區,房地(土地+建物)+車位,臺中市西屯區漢翔路２１１號十二樓之３,14.95,都市：其他:第二種住宅區,,,1120529,土地1建物1車位1,十二層,十五層,住宅大樓(11層含以上有電梯),住家用,鋼筋混凝土造,1150514,114.77000000000001,2,2,1,有,有,17400000,182831,坡道平面,32.18,2300000,預售屋、或土地及建物分件登記案件；,RPVWMLOLQHLGFCB07DA,48.86,0.0,5.78,有,
沙鹿區,房地(土地+建物)+車位,臺中市沙鹿區東晉一街６１號六樓之３,38.57,都市：其他:第二種住宅區,,,1120511,土地1建物1車位1,六層,六層,華廈(10層含以下有電梯),住家用,鋼筋混凝土造,1150318,130.7,2,2,2,有,有,10000000,98654,坡道平面,43.02,1350000,原承買人於114.1.15讓渡予新所有權人讓渡總價為新台幣1140萬元整。原承買人於115.6.1讓渡予新所有權人讓渡總價為新台幣1140萬元整。預售屋、或土地及建物分件登記案件；,RPXOMLPJOHLGFFB09DA,51.78,0.0,6.2,有,
大雅區,房地(土地+建物)+車位,臺中市大雅區學府路４５２巷１８號七樓之２,26.49,都市：其他:第二種住宅區,,,1120521,土地1建物1車位1,七層,九層,華廈(10層含以下有電梯),住家用,鋼筋混凝土造,1150411,120.83,2,2,2,有,有,13580000,139843,坡道平面,35.52,1650000,115年5月4日讓渡，讓渡關係：配偶，讓渡金額不變。預售屋、或土地及建物分件登記案件；,RPXNMLRJRHLGFHB07DA,50.05,0.0,5.42,有,
烏日區,房地(土地+建物)+車位,臺中市烏日區榮泉路２１８號三樓之６,21.11,都市：其他:商業區,,,1120527,土地1建物1車位1,三層,十五層,住宅大樓(11層含以上有電梯),住家用,鋼筋混凝土造,1150624,154.93,3,2,2,有,有,16550000,118546,坡道平面,28.65,1580000,預售屋、或土地及建物分件登記案件；,RPWNMLPJRHLGFIB86DA,74.69,0.0,8.0,有,
烏日區,房地(土地+建物)+車位,臺中市烏日區榮泉路２１８號五樓之２,14.63,都市：其他:商業區,,,1120531,土地1建物1車位1,五層,十五層,住宅大樓(11層含以上有電梯),住家用,鋼筋混凝土造,1150624,116.13,2,2,1,有,有,12320000,121628,坡道平面,28.65,1680000,預售屋、或土地及建物分件登記案件；,RPUPMLPJRHLGFIB86DA,52.03,0.0,5.27,有,
烏日區,房地(土地+建物)+車位,臺中市烏日區榮泉路２１８號十樓之６,21.23,都市：其他:商業區,,,1120521,土地1建物1車位1,十層,十五層,住宅大樓(11層含以上有電梯),住家用,鋼筋混凝土造,1150624,155.91000000000003,3,2,2,有,有,17300000,122741,坡道平面,28.65,1680000,預售屋、或土地及建物分件登記案件；,RPXPMLRJRHLGFIB37DA,74.68,0.0,8.69,有,
烏日區,房地(土地+建物)+車位,臺中市烏日區榮泉路２１８號十二樓之６,21.23,都市：其他:商業區,,,1120506,土地1建物1車位1,十二層,十五層,住宅大樓(11層含以上有電梯),住家用,鋼筋混凝土造,1150624,155.91000000000003,3,2,2,有,有,17580000,124941,坡道平面,28.65,1680000,預售屋、或土地及建物分件登記案件；,RPPRMLRJRHLGFIB76DA,74.68,0.0,8.69,有,
烏日區,房地(土地+建物)+車位,臺中市烏日區榮泉路２１８號十三樓之５,16.53,都市：其他:商業區,,,1120527,土地1建物1車位1,十三層,十五層,住宅大樓(11層含以上有電梯),住家用,鋼筋混凝土造,1150624,127.47999999999999,3,1,2,有,有,14400000,130527,坡道平面,28.65,1500000,本案於民國113年8月8日讓渡預售屋、或土地及建物分件登記案件；,RPPOMLKKRHLGFIB48DA,60.69,0.0,4.02,有,
南區,房地(土地+建物)+車位,臺中市南區福田二街１７６號七樓之６,25.33,都市：其他:第三種住宅區。,,,1120422,土地2建物1車位1,七層,十五層,住宅大樓(11層含以上有電梯),住家用,鋼筋混凝土造,1150516,165.25,3,2,2,有,有,18960000,124946,坡道平面,27.11,1700000,預售屋、或土地及建物分件登記案件；,RPPRMLOJPHLGFAB08DA,83.03,0.0,7.94,有,
南區,房地(土地+建物)+車位,臺中市南區福田二街１８０號十一樓之５,30.25,都市：其他:第三種住宅區。,,,1120409,土地2建物1車位2,十一層,十五層,住宅大樓(11層含以上有電梯),住家用,鋼筋混凝土造,1150516,219.03,4,2,2,有,有,24120000,127541,坡道平面,54.22,3100000,預售屋、或土地及建物分件登記案件；,RPPRMLKKQHLGFAB87DA,98.24,0.0,10.29,有,
南區,房地(土地+建物)+車位,臺中市南區福田二街２００號,53.26,都市：其他:第三種住宅區。,,,1120429,土地2建物1車位2,一層,十五層,住宅大樓(11層含以上有電梯),商業用,鋼筋混凝土造,1150516,319.46000000000004,0,0,0,無,有,49530000,174295,坡道平面,54.22,3300000,預售屋、或土地及建物分件登記案件；,RPRNMLLLQHLGFAB87DA,191.05,0.0,0.0,有,
西屯區,房地(土地+建物)+車位,臺中市西屯區臺灣大道三段１２６號十六樓之１,15.13,都市：其他:第五種住宅區,,,1120410,土地2建物1車位1,十六層,十九層,住宅大樓(11層含以上有電梯),住家用,鋼筋混凝土造,1150625,117.30000000000001,2,2,2,有,有,18700000,195215,坡道平面,33.29,2300000,預售屋、或土地及建物分件登記案件；,RPROMLOLQHLGFCB48DA,49.17,0.0,5.04,有,
西屯區,房地(土地+建物)+車位,臺中市西屯區臺灣大道三段１２６號十四樓之５,22.72,都市：其他:第五種住宅區,,,1120422,土地2建物1車位1,十四層,十九層,住宅大樓(11層含以上有電梯),住家用,鋼筋混凝土造,1150625,159.49,3,2,2,有,有,27000000,194136,坡道平面,33.29,2500000,預售屋、或土地及建物分件登記案件；,RPPRMLOLQHLGFCB58DA,74.74,0.0,6.76,有,
西屯區,房地(土地+建物)+車位,臺中市西屯區臺灣大道三段１２６號十六樓之３,26.14,都市：其他:第五種住宅區,,,1120406,土地2建物1車位2,十六層,十九層,住宅大樓(11層含以上有電梯),住家用,鋼筋混凝土造,1150625,212.26999999999998,3,2,2,有,有,33150000,192189,坡道平面,66.58,5150000,預售屋、或土地及建物分件登記案件；,RPVTMLOLQHLGFCB76DA,84.05,0.0,9.95,有,
西屯區,房地(土地+建物)+車位,臺中市西屯區臺灣大道三段１２２號十五樓之１,15.13,都市：其他:第五種住宅區,,,1120410,土地2建物1車位1,十五層,十九層,住宅大樓(11層含以上有電梯),住家用,鋼筋混凝土造,1150625,117.29,2,2,2,有,有,18600000,194048,坡道平面,33.29,2300000,轉售價格新台幣1922萬元整含車位，轉售日期民國115年4月20日。預售屋、或土地及建物分件登記案件；,RPOVMLOLQHLGFCB88DA,49.17,0.0,5.03,有,
西屯區,房地(土地+建物)+車位,臺中市西屯區臺灣大道三段１２２號六樓之５,22.72,都市：其他:第五種住宅區,,,1120409,土地2建物1車位1,六層,十九層,住宅大樓(11層含以上有電梯),住家用,鋼筋混凝土造,1150625,159.54,3,2,2,有,有,25880000,185188,坡道平面,33.29,2500000,預售屋、或土地及建物分件登記案件；,RPSQMLQLQHLGFCB98DA,74.79,0.0,6.76,有,
西屯區,房地(土地+建物)+車位,臺中市西屯區臺灣大道三段１２６號五樓之１,15.13,都市：其他:第五種住宅區,,,1120416,土地2建物1車位1,五層,十九層,住宅大樓(11層含以上有電梯),住家用,鋼筋混凝土造,1150625,117.30000000000001,2,2,2,有,有,18100000,188073,坡道平面,33.29,2300000,轉售價格新台幣1820萬元整含車位，轉售日期民國115年4月23日。預售屋、或土地及建物分件登記案件；,RPQNNLQLQHLGFCB58DA,49.17,0.0,5.04,有,
西屯區,房地(土地+建物)+車位,臺中市西屯區臺灣大道三段１１６號八樓之３,25.74,都市：其他:第五種住宅區,,,1120421,土地2建物1車位1,八層,十九層,住宅大樓(11層含以上有電梯),住家用,鋼筋混凝土造,1150625,176.44,3,2,2,有,有,29500000,188613,坡道平面,33.29,2500000,預售屋、或土地及建物分件登記案件；,RPQWNLQLQHLGFCB86DA,82.44,0.0,9.95,有,
西屯區,房地(土地+建物)+車位,臺中市西屯區臺灣大道三段１１６號十八樓之３,25.74,都市：其他:第五種住宅區,,,1120416,土地2建物1車位2,十八層,十九層,住宅大樓(11層含以上有電梯),住家用,鋼筋混凝土造,1150625,209.73000000000002,3,2,2,有,有,33250000,195250,坡道平面,66.58,5300000,預售屋、或土地及建物分件登記案件；,RPWWNLQLQHLGFCB47DA,82.44,0.0,9.95,有,
西屯區,房地(土地+建物)+車位,臺中市西屯區臺灣大道三段１２６號十五樓之１,15.13,都市：其他:第五種住宅區,,,1120425,土地2建物1車位1,十五層,十九層,住宅大樓(11層含以上有電梯),住家用,鋼筋混凝土造,1150625,117.30000000000001,2,2,2,有,有,18620000,194263,坡道平面,33.29,2300000,預售屋、或土地及建物分件登記案件；,RPONOLQLQHLGFCB48DA,49.17,0.0,5.04,有,
龍井區,房地(土地+建物)+車位,臺中市龍井區遊園北路２０８巷１６號五樓之５,22.01,都市：其他:第三種住宅區。,,,1120407,土地1建物1車位1,五層,八層,華廈(10層含以下有電梯),住家用,鋼筋混凝土造,1150130,124.50999999999999,2,2,1,有,有,10750000,105793,坡道平面,38.02,1600000,115年7月16日換約，換約金額新台幣1075萬元整。預售屋、或土地及建物分件登記案件；,RPXNMLOJRHLGFKB07DA,51.08,0.0,3.47,有,
龍井區,房地(土地+建物)+車位,臺中市龍井區遊園北路２０８巷１６號四樓之２,20.22,都市：其他:第三種住宅區。,,,1120407,土地1建物1車位1,四層,八層,華廈(10層含以下有電梯),住家用,鋼筋混凝土造,1150130,117.5,2,2,1,有,有,9770000,102793,坡道平面,38.02,1600000,114年12月7日換約，換約金額新台幣985萬元整。預售屋、或土地及建物分件登記案件；,RPPNMLPJRHLGFKB98DA,46.43,0.0,3.7,有,
梧棲區,房地(土地+建物)+車位,臺中市梧棲區中華路二段５１號十一樓之６,24.41,都市：其他:第四種住宅區,,,1120428,土地1建物1車位1,十一層,十五層,住宅大樓(11層含以上有電梯),住家用,鋼筋混凝土造,1150515,145.05,3,2,2,有,有,9800000,74844,坡道平面,31.48,1300000,於民國  １１３ 年  ２ 月  ２６ 日換約，二等親內換約價金不變預售屋、或土地及建物分件登記案件；,RPWPMLKKPHLGFFB78DA,69.49,0.0,6.03,有,
梧棲區,房地(土地+建物)+車位,臺中市梧棲區中華路二段５１號九樓之３,24.03,都市：其他:第四種住宅區,,,1120430,土地1建物1車位1,九層,十五層,住宅大樓(11層含以上有電梯),住家用,鋼筋混凝土造,1150515,127.56,3,2,2,有,有,9350000,77356,坡道機械,15.74,700000,於民國  114 年  10 月  27日換約，共有人間交易價金不變預售屋、或土地及建物分件登記案件；,RPTRMLKKPHLGFFB68DA,71.1,0.0,3.26,有,
烏日區,房地(土地+建物)+車位,臺中市烏日區榮泉路２１８號四樓之８,14.2,都市：其他:商業區,,,1120418,土地1建物1車位1,四層,十五層,住宅大樓(11層含以上有電梯),住家用,鋼筋混凝土造,1150624,113.52000000000001,2,2,1,有,有,11750000,118652,坡道平面,28.65,1680000,預售屋、或土地及建物分件登記案件；,RPWOMLPJRHLGFIB96DA,50.41,0.0,5.15,有,
烏日區,房地(土地+建物)+車位,臺中市烏日區榮泉路２１８號四樓之１,21.87,都市：其他:商業區,,,1120407,土地1建物1車位1,四層,十五層,住宅大樓(11層含以上有電梯),住家用,鋼筋混凝土造,1150624,159.48,3,2,2,有,有,17250000,119009,坡道平面,28.65,1680000,預售屋、或土地及建物分件登記案件；,RPPPMLPJRHLGFIB98DA,76.47,0.0,9.16,有,
烏日區,房地(土地+建物)+車位,臺中市烏日區榮泉路２１８號五樓之３,14.63,都市：其他:商業區,,,1120417,土地1建物1車位1,五層,十五層,住宅大樓(11層含以上有電梯),住家用,鋼筋混凝土造,1150624,116.13,2,2,1,有,有,12260000,122085,坡道平面,28.65,1580000,預售屋、或土地及建物分件登記案件；,RPSPMLPJRHLGFIB66DA,52.03,0.0,5.27,有,
烏日區,房地(土地+建物)+車位,臺中市烏日區榮泉路２１８號五樓之８,14.2,都市：其他:商業區,,,1120403,土地1建物1車位1,五層,十五層,住宅大樓(11層含以上有電梯),住家用,鋼筋混凝土造,1150624,113.52000000000001,2,2,1,有,有,11840000,119713,坡道平面,28.65,1680000,預售屋、或土地及建物分件登記案件；,RPTPMLPJRHLGFIB76DA,50.41,0.0,5.15,有,
烏日區,房地(土地+建物)+車位,臺中市烏日區榮泉路２１８號五樓之１,21.87,都市：其他:商業區,,,1120406,土地1建物1車位1,五層,十五層,住宅大樓(11層含以上有電梯),住家用,鋼筋混凝土造,1150624,159.48,3,2,2,有,有,17100000,117863,坡道平面,28.65,1680000,預售屋、或土地及建物分件登記案件；,RPWPMLPJRHLGFIB07DA,76.47,0.0,9.16,有,
烏日區,房地(土地+建物)+車位,臺中市烏日區榮泉路２１８號六樓之８,14.2,都市：其他:商業區,,,1120402,土地1建物1車位1,六層,十五層,住宅大樓(11層含以上有電梯),住家用,鋼筋混凝土造,1150624,113.52000000000001,2,2,1,有,有,11800000,120419,坡道平面,28.65,1580000,預售屋、或土地及建物分件登記案件；,RPSNMLQJRHLGFIB56DA,50.41,0.0,5.15,有,
烏日區,房地(土地+建物)+車位,臺中市烏日區榮泉路２１８號七樓之５,16.53,都市：其他:商業區,,,1120428,土地1建物1車位1,七層,十五層,住宅大樓(11層含以上有電梯),住家用,鋼筋混凝土造,1150624,127.47999999999999,3,1,2,有,有,14150000,125164,坡道平面,28.65,1780000,預售屋、或土地及建物分件登記案件；,RPXNMLQJRHLGFIB07DA,60.69,0.0,4.02,有,
烏日區,房地(土地+建物)+車位,臺中市烏日區榮泉路２１８號十樓之１,21.87,都市：其他:商業區,,,1120407,土地1建物1車位1,十層,十五層,住宅大樓(11層含以上有電梯),住家用,鋼筋混凝土造,1150624,159.48,3,2,2,有,有,18100000,124742,坡道平面,28.65,1780000,預售屋、或土地及建物分件登記案件；,RPRQMLRJRHLGFIB86DA,76.47,0.0,9.16,有,
烏日區,房地(土地+建物)+車位,臺中市烏日區榮泉路２１８號十一樓之５,16.53,都市：其他:商業區,,,1120419,土地1建物1車位1,十一層,十五層,住宅大樓(11層含以上有電梯),住家用,鋼筋混凝土造,1150624,127.47999999999999,3,1,2,有,有,13960000,124254,坡道平面,28.65,1680000,預售屋、或土地及建物分件登記案件；,RPTQMLRJRHLGFIB07DA,60.69,0.0,4.02,有,
烏日區,房地(土地+建物)+車位,臺中市烏日區榮泉路２１８號十一樓之８,14.2,都市：其他:商業區,,,1120423,土地1建物1車位1,十一層,十五層,住宅大樓(11層含以上有電梯),住家用,鋼筋混凝土造,1150624,113.52000000000001,2,2,1,有,有,12320000,125368,坡道平面,28.65,1680000,預售屋、或土地及建物分件登記案件；,RPWQMLRJRHLGFIB37DA,50.41,0.0,5.15,有,
烏日區,房地(土地+建物)+車位,臺中市烏日區榮泉路２１８號十二樓之５,16.53,都市：其他:商業區,,,1120430,土地1建物1車位1,十二層,十五層,住宅大樓(11層含以上有電梯),住家用,鋼筋混凝土造,1150624,127.47999999999999,3,1,2,有,有,14130000,126986,坡道平面,28.65,1580000,預售屋、或土地及建物分件登記案件；,RPQRMLRJRHLGFIB86DA,60.69,0.0,4.02,有,
烏日區,房地(土地+建物)+車位,臺中市烏日區榮泉路２１８號十二樓之８,14.2,都市：其他:商業區,,,1120423,土地1建物1車位1,十二層,十五層,住宅大樓(11層含以上有電梯),住家用,鋼筋混凝土造,1150624,113.52000000000001,2,2,1,有,有,12320000,126546,坡道平面,28.65,1580000,預售屋、或土地及建物分件登記案件；,RPTRMLRJRHLGFIB17DA,50.41,0.0,5.15,有,
烏日區,房地(土地+建物)+車位,臺中市烏日區榮泉路２１８號五樓之５,16.53,都市：其他:商業區,,,1120419,土地1建物1車位1,五層,十五層,住宅大樓(11層含以上有電梯),住家用,鋼筋混凝土造,1150624,127.47999999999999,3,1,2,有,有,13250000,117070,坡道平面,28.65,1680000,本案於民國113年5月22日讓渡，讓渡金額新台幣1470萬元整預售屋、或土地及建物分件登記案件；,RPOPMLTJRHLGFIB66DA,60.69,0.0,4.02,有,
烏日區,房地(土地+建物)+車位,臺中市烏日區榮泉路２１８號三樓之５,16.53,都市：其他:商業區,,,1120403,土地1建物1車位1,三層,十五層,住宅大樓(11層含以上有電梯),住家用,鋼筋混凝土造,1150624,127.47999999999999,3,1,2,有,有,13460000,120206,坡道平面,28.65,1580000,預售屋、或土地及建物分件登記案件；,RPQPMLTJRHLGFIB86DA,60.69,0.0,4.02,有,
烏日區,房地(土地+建物)+車位,臺中市烏日區榮泉路２１８號三樓之８,14.2,都市：其他:商業區,,,1120420,土地1建物1車位1,三層,十五層,住宅大樓(11層含以上有電梯),住家用,鋼筋混凝土造,1150624,113.52000000000001,2,2,1,有,有,11740000,119713,坡道平面,28.65,1580000,本案於民國115年7月2日讓渡，讓渡金額新台幣1205萬元整預售屋、或土地及建物分件登記案件；,RPSNMLKKRHLGFIB68DA,50.41,0.0,5.15,有,
烏日區,房地(土地+建物)+車位,臺中市烏日區榮泉路２１８號十三樓之８,14.2,都市：其他:商業區,,,1120423,土地1建物1車位1,十三層,十五層,住宅大樓(11層含以上有電梯),住家用,鋼筋混凝土造,1150624,113.52000000000001,2,2,1,有,有,12420000,127725,坡道平面,28.65,1580000,本案於先民國112年9月12日讓渡，讓渡金額新台幣1242萬元整；再於113年9月20日由二親等親屬讓渡；末於民國115年6月29日由配偶讓渡預售屋、或土地及建物分件登記案件；,RPXNMLKKRHLGFIB56DA,50.41,0.0,5.15,有,
烏日區,房地(土地+建物)+車位,臺中市烏日區榮泉路２１８號十五樓之２,14.63,都市：其他:商業區,,,1120413,土地1建物1車位1,十五層,十五層,住宅大樓(11層含以上有電梯),住家用,鋼筋混凝土造,1150624,116.19999999999999,2,2,1,有,有,13000000,129298,坡道平面,28.65,1680000,本案於民國115年6月30日由二親等親屬讓渡預售屋、或土地及建物分件登記案件；,RPSQMLLKRHLGFIB09DA,52.03,0.0,5.27,有,
烏日區,房地(土地+建物)+車位,臺中市烏日區榮泉路２１８號六樓之５,16.53,都市：其他:商業區,,,1120419,土地1建物1車位1,六層,十五層,住宅大樓(11層含以上有電梯),住家用,鋼筋混凝土造,1150624,127.47999999999999,3,1,2,有,有,13350000,118082,坡道平面,28.65,1680000,本案於民國113年5月13日讓渡，讓渡金額新台幣1335萬元整預售屋、或土地及建物分件登記案件；,RPUQMLLKRHLGFIB66DA,60.69,0.0,4.02,有,
西屯區,房地(土地+建物)+車位,臺中市西屯區經貿路二段２０７號十一樓之１,14.04,都市：其他:第二種文化商業專用區,,,1120424,土地1建物1車位1,十一層,二十八層,住宅大樓(11層含以上有電梯),住家用,鋼骨鋼筋混凝土造、鋼筋混凝土造,1150703,219.43,3,2,2,有,有,37420000,182866,坡道平面,26.83,2200000,預售屋、或土地及建物分件登記案件；,RPQSMLRJQHLGFCB88DA,113.85,0.0,10.52,有,
西屯區,房地(土地+建物)+車位,臺中市西屯區經貿路二段２０７號二十八樓之１,15.39,都市：其他:第二種文化商業專用區,,,1120415,土地1建物1車位2,二十八層,二十八層,住宅大樓(11層含以上有電梯),住家用,鋼骨鋼筋混凝土造、鋼筋混凝土造,1150703,264.73,3,2,2,有,有,43890000,186621,坡道平面,53.66,4500000,預售屋、或土地及建物分件登記案件；,RPQUMLRJQHLGFCB09DA,124.82,0.0,11.45,有,
西屯區,房地(土地+建物)+車位,臺中市西屯區經貿路二段２１５號,45.54,都市：其他:第二種文化商業專用區,,,1120426,土地1建物1車位1,一層，二層,二十八層,住宅大樓(11層含以上有電梯),商業用,鋼骨鋼筋混凝土造、鋼筋混凝土造,1150703,221.12,0,0,2,有,有,58500000,293418,坡道平面,31.97,3000000,預售屋、或土地及建物分件登記案件；,RPRWMLRJQHLGFCB76DA,134.91,0.0,0.0,有,
西屯區,房地(土地+建物)+車位,臺中市西屯區經貿路二段２１３號,56.17,都市：其他:第二種文化商業專用區,,,1120426,土地1建物1車位2,一層，二層,二十八層,住宅大樓(11層含以上有電梯),商業用,鋼骨鋼筋混凝土造、鋼筋混凝土造,1150703,297.03,0,0,2,有,有,75900000,299026,坡道平面,63.94,6200000,預售屋、或土地及建物分件登記案件；,RPSWMLRJQHLGFCB86DA,166.57,0.0,0.0,有,
西屯區,房地(土地+建物)+車位,臺中市西屯區經貿路二段２１１號二十六樓之１,15.39,都市：其他:第二種文化商業專用區,,,1120420,土地1建物1車位2,二十六層,二十八層,住宅大樓(11層含以上有電梯),住家用,鋼骨鋼筋混凝土造、鋼筋混凝土造,1150703,265.22,3,2,2,有,有,46800000,193326,坡道平面,53.66,5900000,預售屋、或土地及建物分件登記案件；,RPOQNLRJQHLGFCB58DA,122.91,0.0,13.85,有,
西屯區,房地(土地+建物)+車位,臺中市西屯區經貿路二段２１１號十七樓之２,14.04,都市：其他:第二種文化商業專用區,,,1120422,土地1建物1車位2,十七層,二十八層,住宅大樓(11層含以上有電梯),住家用,鋼骨鋼筋混凝土造、鋼筋混凝土造,1150703,246.04000000000002,3,2,2,有,有,39260000,179125,坡道平面,53.66,4800000,預售屋、或土地及建物分件登記案件；,RPSRNLRJQHLGFCB09DA,113.59,0.0,10.56,有,
西屯區,房地(土地+建物)+車位,臺中市西屯區經貿路二段２０９號十五樓之１,14.04,都市：其他:第二種文化商業專用區,,,1120420,土地1建物1車位2,十五層,二十八層,住宅大樓(11層含以上有電梯),住家用,鋼骨鋼筋混凝土造、鋼筋混凝土造,1150703,245.97,3,2,2,有,有,39300000,180438,坡道平面,53.66,4600000,預售屋、或土地及建物分件登記案件；,RPXOMLSJRHLGFCB76DA,113.52,0.0,10.56,有,
南區,房地(土地+建物)+車位,臺中市南區福田二街１８２號六樓之７,23.53,都市：其他:第三種住宅區。,,,1120317,土地2建物1車位1,六層,十五層,住宅大樓(11層含以上有電梯),住家用,鋼筋混凝土造,1150516,155.54,3,2,2,有,有,17260000,121155,坡道平面,27.11,1700000,預售屋、或土地及建物分件登記案件；,RPUQMLOJPHLGFAB48DA,77.64,0.0,6.96,有,
南區,房地(土地+建物)+車位,臺中市南區福田二街１６２號,23.53,都市：其他:第三種住宅區。,,,1120328,土地2建物1車位2,一層,十五層,住宅大樓(11層含以上有電梯),商業用,鋼筋混凝土造,1150516,172.16,0,0,0,無,有,23550000,171697,坡道平面,54.22,3300000,預售屋、或土地及建物分件登記案件；,RPQNMLLLPHLGFAB67DA,84.89,0.0,0.0,有,
南區,房地(土地+建物)+車位,臺中市南區福田二街１７２號六樓之５,22.75,都市：其他:第三種住宅區。,,,1120306,土地2建物1車位1,六層,十五層,住宅大樓(11層含以上有電梯),住家用,鋼筋混凝土造,1150516,150.65,3,2,2,有,有,16620000,121580,坡道平面,27.11,1600000,114年3月25日換約，轉讓價為新台幣1800萬元整。預售屋、或土地及建物分件登記案件；,RPVNMLLLPHLGFAB18DA,74.12,0.0,7.28,有,
南區,房地(土地+建物)+車位,臺中市南區福田二街１７８號八樓之６,22.75,都市：其他:第三種住宅區。,,,1120303,土地2建物1車位2,八層,十五層,住宅大樓(11層含以上有電梯),住家用,鋼筋混凝土造,1150516,177.76,3,2,2,有,有,18070000,122794,坡道平面,54.22,2900000,115年1月30日權利讓渡預售屋、或土地及建物分件登記案件；,RPVNMLLLQHLGFAB28DA,74.12,0.0,7.28,有,
西屯區,房地(土地+建物)+車位,臺中市西屯區臺灣大道三段１２６號八樓之２,16.23,都市：其他:第五種住宅區,,,1120314,土地2建物1車位1,八層,十九層,住宅大樓(11層含以上有電梯),住家用,鋼筋混凝土造,1150625,123.37,2,2,2,有,有,20200000,198712,坡道平面,33.29,2300000,預售屋、或土地及建物分件登記案件；,RPOPMLOLQHLGFCB28DA,51.32,0.0,6.86,有,
西屯區,房地(土地+建物)+車位,臺中市西屯區臺灣大道三段１２２號九樓之１,15.13,都市：其他:第五種住宅區,,,1120325,土地2建物1車位1,九層,十九層,住宅大樓(11層含以上有電梯),住家用,鋼筋混凝土造,1150625,117.29,2,2,2,有,有,18400000,191667,坡道平面,33.29,2300000,預售屋、或土地及建物分件登記案件；,RPTUMLOLQHLGFCB66DA,49.17,0.0,5.03,有,
西屯區,房地(土地+建物)+車位,臺中市西屯區臺灣大道三段１２２號十九樓之１,15.13,都市：其他:第五種住宅區,,,1120318,土地2建物1車位1,十九層,十九層,住宅大樓(11層含以上有電梯),住家用,鋼筋混凝土造,1150625,117.29,2,2,2,有,有,19260000,197738,坡道平面,33.29,2650000,轉售價格新台幣2080萬元整含車位，轉售日期民國113年11月20日。預售屋、或土地及建物分件登記案件；,RPSVMLOLQHLGFCB66DA,49.17,0.0,5.03,有,
西屯區,房地(土地+建物)+車位,臺中市西屯區臺灣大道三段１２２號五樓之２,16.23,都市：其他:第五種住宅區,,,1120312,土地2建物1車位1,五層,十九層,住宅大樓(11層含以上有電梯),住家用,鋼筋混凝土造,1150625,123.37,2,2,2,有,有,20050000,197047,坡道平面,33.29,2300000,預售屋、或土地及建物分件登記案件；,RPURMLPLQHLGFCB56DA,51.32,0.0,6.86,有,
西屯區,房地(土地+建物)+車位,臺中市西屯區臺灣大道三段１２２號十九樓之２,16.23,都市：其他:第五種住宅區,,,1120326,土地2建物1車位1,十九層,十九層,住宅大樓(11層含以上有電梯),住家用,鋼筋混凝土造,1150625,123.37,2,2,2,有,有,20680000,201821,坡道平面,33.29,2500000,轉售價格新台幣2208萬元整含車位，轉售日期民國114年12月28日。預售屋、或土地及建物分件登記案件；,RPWPMLQLQHLGFCB66DA,51.32,0.0,6.86,有,
西屯區,房地(土地+建物)+車位,臺中市西屯區臺灣大道三段１１２號六樓之１,15.13,都市：其他:第五種住宅區,,,1120304,土地2建物1車位1,六層,十九層,住宅大樓(11層含以上有電梯),住家用,鋼筋混凝土造,1150625,117.29,2,2,2,有,有,17420000,180000,坡道平面,33.29,2300000,預售屋、或土地及建物分件登記案件；,RPTTMLQLQHLGFCB76DA,49.17,0.0,5.03,有,
西屯區,房地(土地+建物)+車位,臺中市西屯區臺灣大道三段１１２號十七樓之２,16.23,都市：其他:第五種住宅區,,,1120322,土地2建物1車位1,十七層,十九層,住宅大樓(11層含以上有電梯),住家用,鋼筋混凝土造,1150625,123.37,2,2,2,有,有,20180000,198490,坡道平面,33.29,2300000,預售屋、或土地及建物分件登記案件；,RPQWMLQLQHLGFCB76DA,51.32,0.0,6.86,有,
西屯區,房地(土地+建物)+車位,臺中市西屯區臺灣大道三段１１６號八樓之２,16.23,都市：其他:第五種住宅區,,,1120319,土地2建物1車位1,八層,十九層,住宅大樓(11層含以上有電梯),住家用,鋼筋混凝土造,1150625,123.37,2,2,2,有,有,19400000,189831,坡道平面,33.29,2300000,預售屋、或土地及建物分件登記案件；,RPOSNLQLQHLGFCB88DA,51.32,0.0,6.86,有,
西屯區,房地(土地+建物)+車位,臺中市西屯區臺灣大道三段１１６號十樓之３,25.74,都市：其他:第五種住宅區,,,1120317,土地2建物1車位2,十層,十九層,住宅大樓(11層含以上有電梯),住家用,鋼筋混凝土造,1150625,209.73000000000002,3,2,2,有,有,32180000,187775,坡道平面,66.58,5300000,預售屋、或土地及建物分件登記案件；,RPRWNLQLQHLGFCB96DA,82.44,0.0,9.95,有,
西屯區,房地(土地+建物)+車位,臺中市西屯區臺灣大道三段１２２號十一樓之１,15.13,都市：其他:第五種住宅區,,,1120319,土地2建物1車位1,十一層,十九層,住宅大樓(11層含以上有電梯),住家用,鋼筋混凝土造,1150625,117.29,2,2,2,有,有,18500000,192857,坡道平面,33.29,2300000,,RPQNOLQLQHLGFCB68DA,49.17,0.0,5.03,有,
西屯區,房地(土地+建物)+車位,臺中市西屯區臺灣大道三段１２６號十一樓之１,15.13,都市：其他:第五種住宅區,,,1120319,土地2建物1車位1,十一層,十九層,住宅大樓(11層含以上有電梯),住家用,鋼筋混凝土造,1150625,117.30000000000001,2,2,2,有,有,18500000,192834,坡道平面,33.29,2300000,轉售價格新台幣1828萬元整含車位，轉售日期民國115年3月19日。預售屋、或土地及建物分件登記案件；,RPTNMLRLQHLGFCB88DA,49.17,0.0,5.04,有,
西屯區,房地(土地+建物)+車位,臺中市西屯區臺灣大道三段１１２號八樓之５,20.99,都市：其他:第五種住宅區,,,1120319,土地2建物1車位1,八層,十九層,住宅大樓(11層含以上有電梯),住家用,鋼筋混凝土造,1150625,150.05,3,2,2,有,有,22500000,173004,坡道平面,33.29,2300000,預售屋、或土地及建物分件登記案件；,RPQOMLRLQHLGFCB68DA,68.56,0.0,6.76,有,
西屯區,房地(土地+建物)+車位,臺中市西屯區臺灣大道三段１２６號十五樓之５,22.72,都市：其他:第五種住宅區,,,1120304,土地2建物1車位1,十五層,十九層,住宅大樓(11層含以上有電梯),住家用,鋼筋混凝土造,1150625,159.49,3,2,2,有,有,28380000,205071,坡道平面,33.29,2500000,預售屋、或土地及建物分件登記案件；,RPQNMLTLQHLGFCB78DA,74.74,0.0,6.76,有,
龍井區,房地(土地+建物)+車位,臺中市龍井區遊園北路２０８巷１６號二樓之２,20.22,都市：其他:第三種住宅區。,,,1120325,土地1建物1車位1,二層,八層,華廈(10層含以下有電梯),住家用,鋼筋混凝土造,1150130,117.5,2,2,1,有,有,10310000,105813,坡道平面,38.02,1900000,115年7月1日換約，換約金額新台幣1039萬元整。預售屋、或土地及建物分件登記案件；,RPUNMLOJRHLGFKB76DA,46.43,0.0,3.7,有,
龍井區,房地(土地+建物)+車位,臺中市龍井區遊園北路２０８巷１６號三樓之２,20.22,都市：其他:第三種住宅區。,,,1120329,土地1建物1車位1,三層,八層,華廈(10層含以下有電梯),住家用,鋼筋混凝土造,1150130,117.5,2,2,1,有,有,10200000,106945,坡道平面,38.02,1700000,預售屋、或土地及建物分件登記案件；,RPVNMLOJRHLGFKB86DA,46.43,0.0,3.7,有,
梧棲區,房地(土地+建物)+車位,臺中市梧棲區中華路二段５１號十二樓之６,24.41,都市：其他:第四種住宅區,,,1120313,土地1建物1車位1,十二層,十五層,住宅大樓(11層含以上有電梯),住家用,鋼筋混凝土造,1150515,129.3,3,2,2,有,有,9200000,74850,坡道機械,15.74,700000,預售屋、或土地及建物分件登記案件；,RPXOMLKKPHLGFFB78DA,69.49,0.0,6.03,有,
梧棲區,房地(土地+建物)+車位,臺中市梧棲區中華路二段５１號七樓之３,24.03,都市：其他:第四種住宅區,,,1120326,土地1建物1車位1,七層,十五層,住宅大樓(11層含以上有電梯),住家用,鋼筋混凝土造,1150515,127.56,3,2,2,有,有,9250000,76015,坡道機械,15.74,750000,預售屋、或土地及建物分件登記案件；,RPSNMLNKPHLGFFB48DA,71.1,0.0,3.26,有,
烏日區,房地(土地+建物),臺中市烏日區光明路４７巷２９弄１９號,63.39,都市：其他:農業區,,,1120306,土地4建物1車位0,全,四層,透天厝,住家用,鋼筋混凝土造,1150423,161.68,5,2,4,有,有,17800000,110094,,0.0,0,本案於民國115年03月31日讓渡配偶讓渡。預售屋、或土地及建物分件登記案件；,RPOOMLRJRHLGFIB98DA,158.12,0.0,3.56,無,
西屯區,房地(土地+建物)+車位,臺中市西屯區漢翔路２１１號七樓之３,14.95,都市：其他:第二種住宅區,,,1120303,土地1建物1車位1,七層,十五層,住宅大樓(11層含以上有電梯),住家用,鋼筋混凝土造,1150514,114.77000000000001,2,2,1,有,有,16030000,166243,坡道平面,32.18,2300000,預售屋、或土地及建物分件登記案件；,RPTRMLKLQHLGFCB58DA,48.86,0.0,5.78,有,
西屯區,房地(土地+建物)+車位,臺中市西屯區漢翔路２１１號七樓之６,19.27,都市：其他:第二種住宅區,,,1120301,土地1建物1車位1,七層,十五層,住宅大樓(11層含以上有電梯),住家用,鋼筋混凝土造,1150514,138.69,3,2,2,有,有,22300000,187776,坡道平面,32.18,2300000,預售屋、或土地及建物分件登記案件；,RPVRMLKLQHLGFCB78DA,62.76,0.0,7.67,有,
烏日區,房地(土地+建物)+車位,臺中市烏日區榮泉路２１８號十樓之５,16.53,都市：其他:商業區,,,1120329,土地1建物1車位1,十層,十五層,住宅大樓(11層含以上有電梯),住家用,鋼筋混凝土造,1150624,127.47999999999999,3,1,2,有,有,13760000,123242,坡道平面,28.65,1580000,本案於民國115年4月26日讓渡，讓渡金額新台幣1390萬元整預售屋、或土地及建物分件登記案件；,RPXOMLTJRHLGFIB47DA,60.69,0.0,4.02,有,
烏日區,房地(土地+建物)+車位,臺中市烏日區榮泉路２１８號六樓之２,14.63,都市：其他:商業區,,,1120329,土地1建物1車位1,六層,十五層,住宅大樓(11層含以上有電梯),住家用,鋼筋混凝土造,1150624,116.13,2,2,1,有,有,12230000,121742,坡道平面,28.65,1580000,本案於民國115年1月27日讓渡，讓渡金額新台幣1224萬元整預售屋、或土地及建物分件登記案件；,RPPNMLKKRHLGFIB38DA,52.03,0.0,5.27,有,
南區,房地(土地+建物)+車位,臺中市南區福田二街１８２號五樓之７,23.53,都市：其他:第三種住宅區。,,,1120225,土地2建物1車位1,五層,十五層,住宅大樓(11層含以上有電梯),住家用,鋼筋混凝土造,1150516,155.54,3,2,2,有,有,17140000,121000,坡道平面,27.11,1600000,預售屋、或土地及建物分件登記案件；,RPWOMLRLPHLGFAB98DA,77.64,0.0,6.96,有,
西屯區,房地(土地+建物)+車位,臺中市西屯區臺灣大道三段１２６號十六樓之２,16.23,都市：其他:第五種住宅區,,,1120219,土地2建物1車位1,十六層,十九層,住宅大樓(11層含以上有電梯),住家用,鋼筋混凝土造,1150625,123.37,2,2,2,有,有,20360000,200488,坡道平面,33.29,2300000,預售屋、或土地及建物分件登記案件；,RPWPMLOLQHLGFCB09DA,51.32,0.0,6.86,有,
西屯區,房地(土地+建物)+車位,臺中市西屯區臺灣大道三段１２６號十五樓之３,26.14,都市：其他:第五種住宅區,,,1120217,土地2建物1車位2,十五層,十九層,住宅大樓(11層含以上有電梯),住家用,鋼筋混凝土造,1150625,212.26999999999998,3,2,2,有,有,34380000,199602,坡道平面,66.58,5300000,預售屋、或土地及建物分件登記案件；,RPUTMLOLQHLGFCB66DA,84.05,0.0,9.95,有,
西屯區,房地(土地+建物)+車位,臺中市西屯區臺灣大道三段１１２號四樓之１,15.13,都市：其他:第五種住宅區,,,1120211,土地2建物1車位1,四層,十九層,住宅大樓(11層含以上有電梯),住家用,鋼筋混凝土造,1150625,117.29,2,2,2,有,有,16680000,174762,坡道平面,33.29,2000000,預售屋、或土地及建物分件登記案件；,RPRTMLQLQHLGFCB56DA,49.17,0.0,5.03,有,
西屯區,房地(土地+建物)+車位,臺中市西屯區臺灣大道三段１２２號十六樓之２,16.23,都市：其他:第五種住宅區,,,1120224,土地2建物1車位1,十六層,十九層,住宅大樓(11層含以上有電梯),住家用,鋼筋混凝土造,1150625,123.37,2,2,2,有,有,20710000,200488,坡道平面,33.29,2650000,預售屋、或土地及建物分件登記案件；,RPRNMLTLQHLGFCB88DA,51.32,0.0,6.86,有,
烏日區,房地(土地+建物),臺中市烏日區光明路４７巷２５號,118.48,都市：其他:農業區,,,1120211,土地4建物1車位0,全,三層,透天厝,住家用,鋼筋混凝土造,1150423,201.42,4,2,4,有,有,24100000,119650,,0.0,0,預售屋、或土地及建物分件登記案件；,RPUNMLRJRHLGFIB86DA,185.89,0.0,15.53,無,
西屯區,房地(土地+建物)+車位,臺中市西屯區青海路二段５號十四樓之６,10.13,都市：其他:第三種商業區,,,1120215,土地1建物1車位1,十四層,二十四層,住宅大樓(11層含以上有電梯),住家用,鋼骨鋼筋混凝土造,1141103,142.38,3,2,2,有,有,23320000,180902,坡道平面,27.29,2500000,預售屋、或土地及建物分件登記案件；,RPTTNLOKRHLGFCB66DA,69.4,0.0,5.92,有,
南區,房地(土地+建物)+車位,臺中市南區福田二街１７６號七樓之２,23.01,都市：其他:第三種住宅區。,,,1120111,土地2建物1車位1,七層,十五層,住宅大樓(11層含以上有電梯),住家用,鋼筋混凝土造,1150516,152.31,3,2,2,有,有,17030000,121645,坡道平面,27.11,1800000,預售屋、或土地及建物分件登記案件；,RPTQMLLLPHLGFAB28DA,75.82,0.0,6.68,有,
西屯區,房地(土地+建物)+車位,臺中市西屯區臺灣大道三段１２６號十一樓之２,16.23,都市：其他:第五種住宅區,,,1120115,土地2建物1車位1,十一層,十九層,住宅大樓(11層含以上有電梯),住家用,鋼筋混凝土造,1150625,123.37,2,2,2,有,有,20180000,198490,坡道平面,33.29,2300000,轉售價格新台幣2033萬元整含車位，轉售日期民國112年12月1日。預售屋、或土地及建物分件登記案件；,RPQPMLOLQHLGFCB48DA,51.32,0.0,6.86,有,
西屯區,房地(土地+建物)+車位,臺中市西屯區臺灣大道三段１２２號十三樓之３,26.14,都市：其他:第五種住宅區,,,1120116,土地2建物1車位2,十三層,十九層,住宅大樓(11層含以上有電梯),住家用,鋼筋混凝土造,1150625,212.26999999999998,3,2,2,有,有,35500000,207289,坡道平面,66.58,5300000,預售屋、或土地及建物分件登記案件；,RPRSMLQLQHLGFCB09DA,84.05,0.0,9.95,有,
西屯區,房地(土地+建物)+車位,臺中市西屯區臺灣大道三段１１２號十二樓之３,25.74,都市：其他:第五種住宅區,,,1120104,土地2建物1車位1,十二層,十九層,住宅大樓(11層含以上有電梯),住家用,鋼筋混凝土造,1150625,176.44,3,2,2,有,有,29400000,186867,坡道平面,33.29,2650000,預售屋、或土地及建物分件登記案件；,RPQPNLQLQHLGFCB78DA,82.44,0.0,9.95,有,
西屯區,房地(土地+建物)+車位,臺中市西屯區臺灣大道三段１１６號七樓之２,16.23,都市：其他:第五種住宅區,,,1120114,土地2建物1車位1,七層,十九層,住宅大樓(11層含以上有電梯),住家用,鋼筋混凝土造,1150625,123.37,2,2,2,有,有,19300000,188721,坡道平面,33.29,2300000,預售屋、或土地及建物分件登記案件；,RPXRNLQLQHLGFCB07DA,51.32,0.0,6.86,有,
西屯區,房地(土地+建物)+車位,臺中市西屯區臺灣大道三段１１６號十三樓之３,25.74,都市：其他:第五種住宅區,,,1120101,土地2建物1車位2,十三層,十九層,住宅大樓(11層含以上有電梯),住家用,鋼筋混凝土造,1150625,209.73000000000002,3,2,2,有,有,32590000,194831,坡道平面,66.58,4700000,預售屋、或土地及建物分件登記案件；,RPVPMLTLQHLGFCB86DA,82.44,0.0,9.95,有,
西屯區,房地(土地+建物)+車位,臺中市西屯區漢翔路２１１號九樓之６,19.27,都市：其他:第二種住宅區,,,1120115,土地1建物1車位1,九層,十五層,住宅大樓(11層含以上有電梯),住家用,鋼筋混凝土造,1150514,138.69,3,2,2,有,有,22030000,185241,坡道平面,32.18,2300000,預售屋、或土地及建物分件登記案件；,RPPSMLKLQHLGFCB28DA,62.76,0.0,7.67,有,
西屯區,房地(土地+建物)+車位,臺中市西屯區漢翔路２１１號十樓之６,19.27,都市：其他:第二種住宅區,,,1120111,土地1建物1車位1,十層,十五層,住宅大樓(11層含以上有電梯),住家用,鋼筋混凝土造,1150514,138.69,3,2,2,有,有,22090000,185804,坡道平面,32.18,2300000,預售屋、或土地及建物分件登記案件；,RPTWMLOLQHLGFCB86DA,62.76,0.0,7.67,有,
南區,房地(土地+建物)+車位,臺中市南區福田二街１６６號,23.14,都市：其他:第三種住宅區。,,,1111221,土地2建物1車位3,一層,十五層,住宅大樓(11層含以上有電梯),商業用,鋼筋混凝土造,1150516,196.97,0,0,0,無,有,25150000,174680,坡道平面,81.33,4950000,預售屋、或土地及建物分件登記案件；,RPPNMLOJPHLGFAB67DA,83.16,0.0,0.0,有,
南區,房地(土地+建物)+車位,臺中市南區福田二街１８２號三樓之６,24.82,都市：其他:第三種住宅區。,,,1111225,土地2建物1車位1,三層,十五層,住宅大樓(11層含以上有電梯),住家用,鋼筋混凝土造,1150516,162.45,3,2,2,有,有,17900000,120437,坡道平面,27.11,1600000,民國115年2月6日權利讓渡預售屋、或土地及建物分件登記案件；,RPWPMLOJPHLGFAB58DA,81.85,0.0,7.29,有,
南區,房地(土地+建物)+車位,臺中市南區福田二街１８０號七樓之７,23.14,都市：其他:第三種住宅區。,,,1111216,土地2建物1車位1,七層,十五層,住宅大樓(11層含以上有電梯),住家用,鋼筋混凝土造,1150516,153.36,3,2,2,有,有,17460000,124040,坡道平面,27.11,1800000,預售屋、或土地及建物分件登記案件；,RPWQMLKKQHLGFAB48DA,76.81,0.0,6.33,有,
西屯區,房地(土地+建物)+車位,臺中市西屯區臺灣大道三段１２６號九樓之１,15.13,都市：其他:第五種住宅區,,,1111226,土地2建物1車位1,九層,十九層,住宅大樓(11層含以上有電梯),住家用,鋼筋混凝土造,1150625,117.30000000000001,2,2,2,有,有,17990000,186763,坡道平面,33.29,2300000,預售屋、或土地及建物分件登記案件；,RPWPMLTKQHLGFCB86DA,49.17,0.0,5.04,有,
西屯區,房地(土地+建物)+車位,臺中市西屯區臺灣大道三段１２６號三樓之２,16.23,都市：其他:第五種住宅區,,,1111220,土地2建物1車位1,三層,十九層,住宅大樓(11層含以上有電梯),住家用,鋼筋混凝土造,1150625,123.37,2,2,2,有,有,18660000,181616,坡道平面,33.29,2300000,預售屋、或土地及建物分件登記案件；,RPUOMLOLQHLGFCB78DA,51.32,0.0,6.86,有,
西屯區,房地(土地+建物)+車位,臺中市西屯區臺灣大道三段１２６號四樓之２,16.23,都市：其他:第五種住宅區,,,1111220,土地2建物1車位1,四層,十九層,住宅大樓(11層含以上有電梯),住家用,鋼筋混凝土造,1150625,123.37,2,2,2,有,有,18710000,182171,坡道平面,33.29,2300000,預售屋、或土地及建物分件登記案件；,RPVOMLOLQHLGFCB88DA,51.32,0.0,6.86,有,
西屯區,房地(土地+建物)+車位,臺中市西屯區臺灣大道三段１２６號六樓之２,16.23,都市：其他:第五種住宅區,,,1111231,土地2建物1車位1,六層,十九層,住宅大樓(11層含以上有電梯),住家用,鋼筋混凝土造,1150625,123.37,2,2,2,有,有,19880000,195160,坡道平面,33.29,2300000,預售屋、或土地及建物分件登記案件；,RPWOMLOLQHLGFCB98DA,51.32,0.0,6.86,有,
西屯區,房地(土地+建物)+車位,臺中市西屯區臺灣大道三段１２６號十樓之２,16.23,都市：其他:第五種住宅區,,,1111222,土地2建物1車位1,十層,十九層,住宅大樓(11層含以上有電梯),住家用,鋼筋混凝土造,1150625,123.37,2,2,2,有,有,20120000,197824,坡道平面,33.29,2300000,預售屋、或土地及建物分件登記案件；,RPPPMLOLQHLGFCB38DA,51.32,0.0,6.86,有,
西屯區,房地(土地+建物)+車位,臺中市西屯區臺灣大道三段１２６號十四樓之２,16.23,都市：其他:第五種住宅區,,,1111222,土地2建物1車位1,十四層,十九層,住宅大樓(11層含以上有電梯),住家用,鋼筋混凝土造,1150625,123.37,2,2,2,有,有,19940000,195826,坡道平面,33.29,2300000,預售屋、或土地及建物分件登記案件；,RPVPMLOLQHLGFCB98DA,51.32,0.0,6.86,有,
西屯區,房地(土地+建物)+車位,臺中市西屯區臺灣大道三段１２６號九樓之５,22.72,都市：其他:第五種住宅區,,,1111223,土地2建物1車位1,九層,十九層,住宅大樓(11層含以上有電梯),住家用,鋼筋混凝土造,1150625,159.49,3,2,2,有,有,27640000,199208,坡道平面,33.29,2500000,預售屋、或土地及建物分件登記案件；,RPTQMLOLQHLGFCB88DA,74.74,0.0,6.76,有,
西屯區,房地(土地+建物)+車位,臺中市西屯區臺灣大道三段１２２號五樓之１,15.13,都市：其他:第五種住宅區,,,1111231,土地2建物1車位1,五層,十九層,住宅大樓(11層含以上有電梯),住家用,鋼筋混凝土造,1150625,117.29,2,2,2,有,有,18100000,188095,坡道平面,33.29,2300000,預售屋、或土地及建物分件登記案件；,RPRUMLOLQHLGFCB09DA,49.17,0.0,5.03,有,
西屯區,房地(土地+建物)+車位,臺中市西屯區臺灣大道三段１２２號三樓之２,16.23,都市：其他:第五種住宅區,,,1111221,土地2建物1車位1,三層,十九層,住宅大樓(11層含以上有電梯),住家用,鋼筋混凝土造,1150625,123.37,2,2,2,有,有,18660000,181616,坡道平面,33.29,2300000,預售屋、或土地及建物分件登記案件；,RPSRMLPLQHLGFCB98DA,51.32,0.0,6.86,有,
西屯區,房地(土地+建物)+車位,臺中市西屯區臺灣大道三段１２２號六樓之２,8.82,都市：其他:機關用地,,,1111224,土地2建物1車位1,六層,十九層,住宅大樓(11層含以上有電梯),住家用,鋼筋混凝土造,1150625,123.37,2,2,2,有,有,19700000,193162,坡道平面,33.29,2300000,預售屋、或土地及建物分件登記案件；,RPWRMLPLQHLGFCB76DA,51.32,0.0,6.86,有,
西屯區,房地(土地+建物)+車位,臺中市西屯區臺灣大道三段１２２號八樓之２,16.23,都市：其他:第五種住宅區,,,1111224,土地2建物1車位1,八層,十九層,住宅大樓(11層含以上有電梯),住家用,鋼筋混凝土造,1150625,123.37,2,2,2,有,有,19610000,192163,坡道平面,33.29,2300000,預售屋、或土地及建物分件登記案件；,RPPNMLQLQHLGFCB38DA,51.32,0.0,6.86,有,
西屯區,房地(土地+建物)+車位,臺中市西屯區臺灣大道三段１２２號十樓之２,16.23,都市：其他:第五種住宅區,,,1111221,土地2建物1車位1,十層,十九層,住宅大樓(11層含以上有電梯),住家用,鋼筋混凝土造,1150625,123.37,2,2,2,有,有,19720000,193384,坡道平面,33.29,2300000,預售屋、或土地及建物分件登記案件；,RPSNMLQLQHLGFCB68DA,51.32,0.0,6.86,有,
西屯區,房地(土地+建物)+車位,臺中市西屯區臺灣大道三段１２２號十五樓之２,16.23,都市：其他:第五種住宅區,,,1111219,土地2建物1車位1,十五層,十九層,住宅大樓(11層含以上有電梯),住家用,鋼筋混凝土造,1150625,123.37,2,2,2,有,有,20330000,200155,坡道平面,33.29,2300000,預售屋、或土地及建物分件登記案件；,RPVNMLQLQHLGFCB98DA,51.32,0.0,6.86,有,
西屯區,房地(土地+建物)+車位,臺中市西屯區臺灣大道三段１１２號五樓之１,15.13,都市：其他:第五種住宅區,,,1111221,土地2建物1車位1,五層,十九層,住宅大樓(11層含以上有電梯),住家用,鋼筋混凝土造,1150625,117.29,2,2,2,有,有,17030000,175357,坡道平面,33.29,2300000,預售屋、或土地及建物分件登記案件；,RPSTMLQLQHLGFCB66DA,49.17,0.0,5.03,有,
西屯區,房地(土地+建物)+車位,臺中市西屯區臺灣大道三段１１６號七樓之１,15.13,都市：其他:第五種住宅區,,,1111223,土地2建物1車位1,七層,十九層,住宅大樓(11層含以上有電梯),住家用,鋼筋混凝土造,1150625,117.30000000000001,2,2,2,有,有,17130000,176527,坡道平面,33.29,2300000,預售屋、或土地及建物分件登記案件；,RPSQNLQLQHLGFCB09DA,49.17,0.0,5.04,有,
西屯區,房地(土地+建物)+車位,臺中市西屯區臺灣大道三段１１６號十二樓之５,23.13,都市：其他:第五種住宅區,,,1111217,土地2建物1車位1,十二層,十九層,住宅大樓(11層含以上有電梯),住家用,鋼筋混凝土造,1150625,161.92000000000002,3,2,2,有,有,26550000,186970,坡道平面,33.29,2500000,預售屋、或土地及建物分件登記案件；,RPVPMLRLQHLGFCB66DA,76.24,0.0,6.76,有,
西屯區,房地(土地+建物)+車位,臺中市西屯區臺灣大道三段１２２號十三樓之２,16.23,都市：其他:第五種住宅區,,,1111217,土地2建物1車位1,十三層,十九層,住宅大樓(11層含以上有電梯),住家用,鋼筋混凝土造,1150625,123.37,2,2,2,有,有,20300000,199822,坡道平面,33.29,2300000,預售屋、或土地及建物分件登記案件；,RPUQMLRLQHLGFCB66DA,51.32,0.0,6.86,有,
西屯區,房地(土地+建物)+車位,臺中市西屯區臺灣大道三段１１６號五樓之１,15.13,都市：其他:第五種住宅區,,,1111218,土地2建物1車位1,五層,十九層,住宅大樓(11層含以上有電梯),住家用,鋼筋混凝土造,1150625,117.30000000000001,2,2,2,有,有,16730000,175336,坡道平面,33.29,2000000,預售屋、或土地及建物分件登記案件；,RPRPMLTLQHLGFCB09DA,49.17,0.0,5.04,有,
西屯區,房地(土地+建物)+車位,臺中市西屯區市政北一路３３５號十七樓之５,9.5,都市：其他:第六種新市政中心專用區,,,1111222,土地1建物1車位1,十七層,三十七層,住宅大樓(11層含以上有電梯),住家用,鋼骨鋼筋混凝土造、鋼筋混凝土造,1150313,176.47,3,2,2,有,有,30560000,178287,坡道平面,16.84,2100000,預售屋、或土地及建物分件登記案件；,RPTQMLOJRHLGFCB78DA,88.06,4.53,13.94,有,
梧棲區,房地(土地+建物)+車位,臺中市梧棲區中華路二段５１號十四樓之５,17.74,都市：其他:第四種住宅區,,,1111204,土地1建物1車位1,十四層,十五層,住宅大樓(11層含以上有電梯),住家用,鋼筋混凝土造,1150515,98.19,2,1,1,有,有,7020000,77865,坡道機械,15.74,600000,於民國  １１４年  １０ 月  ２０日換約，二等親內換約價金不變預售屋、或土地及建物分件登記案件；,RPVNMLKKPHLGFFB48DA,48.39,0.0,6.42,有,
梧棲區,房地(土地+建物)+車位,臺中市梧棲區中華路二段５１號七樓之５,17.74,都市：其他:第四種住宅區,,,1111207,土地1建物1車位1,七層,十五層,住宅大樓(11層含以上有電梯),住家用,鋼筋混凝土造,1150515,98.19,2,1,1,有,有,6800000,73378,坡道機械,15.74,750000,預售屋、或土地及建物分件登記案件；,RPQNMLNKPHLGFFB28DA,48.39,0.0,6.42,有,
梧棲區,房地(土地+建物)+車位,臺中市梧棲區中華路二段５１號五樓之５,17.74,都市：其他:第四種住宅區,,,1111210,土地1建物1車位1,五層,十五層,住宅大樓(11層含以上有電梯),住家用,鋼筋混凝土造,1150515,98.19,2,1,1,有,有,6650000,71559,坡道機械,15.74,750000,於民國  114 年  10 月  21 日換約，二等親內換約價金不變預售屋、或土地及建物分件登記案件；,RPWOMLNKPHLGFFB98DA,48.39,0.0,6.42,有,
西屯區,房地(土地+建物)+車位,臺中市西屯區漢翔路２１１號三樓之５,19.24,都市：其他:第二種住宅區,,,1111231,土地1建物1車位1,三層,十五層,住宅大樓(11層含以上有電梯),住家用,鋼筋混凝土造,1150514,138.5,3,2,2,有,有,20600000,173062,坡道平面,32.18,2200000,預售屋、或土地及建物分件登記案件；,RPWQMLKLQHLGFCB78DA,62.76,0.0,7.54,有,
西屯區,房地(土地+建物)+車位,臺中市西屯區漢翔路２１１號五樓之３,14.95,都市：其他:第二種住宅區,,,1111229,土地1建物1車位1,五層,十五層,住宅大樓(11層含以上有電梯),住家用,鋼筋混凝土造,1150514,114.77000000000001,2,2,1,有,有,16180000,169270,坡道平面,32.18,2200000,預售屋、或土地及建物分件登記案件；,RPQRMLKLQHLGFCB28DA,48.86,0.0,5.78,有,
西屯區,房地(土地+建物)+車位,臺中市西屯區漢翔路２１１號九樓之７,21.51,都市：其他:第二種住宅區,,,1111215,土地1建物1車位1,九層,十五層,住宅大樓(11層含以上有電梯),住家用,鋼筋混凝土造,1150514,151.05,3,2,2,有,有,25870000,198284,坡道平面,32.18,2300000,預售屋、或土地及建物分件登記案件；,RPQSMLKLQHLGFCB38DA,70.29,0.0,8.33,有,
西屯區,房地(土地+建物)+車位,臺中市西屯區漢翔路２１１號十五樓之５,19.24,都市：其他:第二種住宅區,,,1111226,土地1建物1車位1,十五層,十五層,住宅大樓(11層含以上有電梯),住家用,鋼筋混凝土造,1150514,138.5,3,2,2,有,有,21550000,180117,坡道平面,32.18,2400000,預售屋、或土地及建物分件登記案件；,RPRNNLOLQHLGFCB48DA,62.76,0.0,7.54,有,
西屯區,房地(土地+建物)+車位,臺中市西屯區漢翔路２１１號五樓之５,19.24,都市：其他:第二種住宅區,,,1111220,土地1建物1車位1,五層,十五層,住宅大樓(11層含以上有電梯),住家用,鋼筋混凝土造,1150514,138.5,3,2,2,有,有,20440000,171558,坡道平面,32.18,2200000,預售屋、或土地及建物分件登記案件；,RPROMLMJRHLGFCB18DA,62.76,0.0,7.54,有,
南區,房地(土地+建物)+車位,臺中市南區福田二街１７６號七樓之７,24.56,都市：其他:第三種住宅區。,,,1111110,土地2建物1車位2,七層,十五層,住宅大樓(11層含以上有電梯),住家用,鋼筋混凝土造,1150516,188.03,3,2,2,有,有,20040000,126597,坡道平面,54.22,3100000,預售屋、或土地及建物分件登記案件；,RPUPMLRLPHLGFAB88DA,80.03,0.0,8.14,有,
南區,房地(土地+建物)+車位,臺中市南區福田二街１７０號十二樓之１,29.34,都市：其他:第三種住宅區。,,,1111112,土地2建物1車位2,十二層,十五層,住宅大樓(11層含以上有電梯),住家用,鋼筋混凝土造,1150516,213.85000000000002,4,2,2,有,有,24230000,131116,坡道平面,54.22,3300000,預售屋、或土地及建物分件登記案件；,RPXPMLKKQHLGFAB48DA,96.83,0.0,8.34,有,
南區,房地(土地+建物)+車位,臺中市南區福田二街１８２號十樓之３,24.56,都市：其他:第三種住宅區。,,,1111104,土地2建物1車位2,十層,十五層,住宅大樓(11層含以上有電梯),住家用,鋼筋混凝土造,1150516,188.03,3,2,2,有,有,20060000,126747,坡道平面,54.22,3100000,預售屋、或土地及建物分件登記案件；,RPWOMLLLQHLGFAB48DA,80.03,0.0,8.14,有,
南區,房地(土地+建物)+車位,臺中市南區福田二街１７６號八樓之３,23.53,都市：其他:第三種住宅區。,,,1111109,土地2建物1車位1,八層,十五層,住宅大樓(11層含以上有電梯),住家用,鋼筋混凝土造,1150516,155.54,3,2,2,有,有,17320000,122401,坡道平面,27.11,1600000,115年1月29日權利讓渡預售屋、或土地及建物分件登記案件；,RPPNMLTJRHLGFAB38DA,77.64,0.0,6.96,有,
南區,房地(土地+建物)+車位,臺中市南區福田二街１８０號七樓之６,23.4,都市：其他:第三種住宅區。,,,1111029,土地2建物1車位1,七層,十五層,住宅大樓(11層含以上有電梯),住家用,鋼筋混凝土造,1150516,154.31,3,2,2,有,有,17500000,124214,坡道平面,27.11,1700000,預售屋、或土地及建物分件登記案件；,RPXQMLOJPHLGFAB78DA,75.96,0.0,7.84,有,
烏日區,房地(土地+建物),臺中市烏日區光明路４７巷２７號,119.8,都市：其他:農業區,,,1110912,土地4建物1車位0,全,三層,透天厝,住家用,鋼筋混凝土造,1150423,203.2,4,2,4,有,有,24100000,118602,,0.0,0,預售屋、或土地及建物分件登記案件；,RPVNMLRJRHLGFIB96DA,188.33,0.0,14.87,無,
烏日區,房地(土地+建物),臺中市烏日區光明路４７巷２３號,118.48,都市：其他:農業區,,,1110831,土地4建物1車位0,全,三層,透天厝,住家用,鋼筋混凝土造,1150423,200.76,4,2,4,有,有,24100000,120044,,0.0,0,預售屋、或土地及建物分件登記案件；,RPTNMLRJRHLGFIB76DA,185.89,0.0,14.87,無,
烏日區,房地(土地+建物),臺中市烏日區光明路４７巷１２弄５號,311.58,都市：其他:農業區,,,1110715,土地5建物1車位0,全,三層,透天厝,住家用,鋼筋混凝土造,1150423,211.17,4,2,4,有,有,31000000,146801,,0.0,0,預售屋、或土地及建物分件登記案件；,RPPNMLRJRHLGFIB98DA,195.55,0.0,15.62,無,
南區,房地(土地+建物)+車位,臺中市南區新華街１５８號十六樓之８,19.38,都市：其他:第五種住宅區,,,1110724,土地3建物1車位2,十六層,二十六層,住宅大樓(11層含以上有電梯),住家用,鋼筋混凝土造,1150528,199.18,3,2,2,有,有,24200000,149040,坡道平面,59.62,3400000,預售屋、或土地及建物分件登記案件；,RPQUMLQLOHLGFAB78DA,83.13,0.0,9.14,有,
南區,房地(土地+建物)+車位,臺中市南區新華街１５８號十七樓之１０,19.11,都市：其他:第五種住宅區,,,1110718,土地3建物1車位1,十七層,二十六層,住宅大樓(11層含以上有電梯),住家用,鋼筋混凝土造,1150528,168.76,3,2,2,有,有,22260000,149993,坡道平面,31.02,1600000,預售屋、或土地及建物分件登記案件；,RPPOMLSJPHLGFAB18DA,83.09,0.0,7.97,有,
南區,房地(土地+建物)+車位,臺中市南區新華街１５８號十九樓之５,18.27,都市：其他:第五種住宅區,,,1110714,土地3建物1車位1,十九層,二十六層,住宅大樓(11層含以上有電梯),住家用,鋼筋混凝土造,1150528,162.62,3,2,2,有,有,21220000,147568,坡道平面,31.02,1800000,預售屋、或土地及建物分件登記案件；,RPORMLOLPHLGFAB18DA,78.63,0.0,8.37,有,
烏日區,房地(土地+建物),臺中市烏日區光明路４７巷１１號,119.8,都市：其他:農業區,,,1110630,土地4建物1車位0,全,三層,透天厝,住家用,鋼筋混凝土造,1150423,204.4,4,2,4,有,有,24000000,117417,,0.0,0,預售屋、或土地及建物分件登記案件；,RPQNMLRJRHLGFIB09DA,188.74,0.0,15.66,無,
烏日區,房地(土地+建物),臺中市烏日區光明路４７巷１７號,119.8,都市：其他:農業區,,,1110627,土地4建物1車位0,全,三層,透天厝,住家用,鋼筋混凝土造,1150423,203.2,4,2,4,有,有,23500000,115650,,0.0,0,本案於民國115年03月30日讓渡配偶讓渡。預售屋、或土地及建物分件登記案件；,RPSNMLRJRHLGFIB66DA,188.33,0.0,14.87,無,
烏日區,房地(土地+建物),臺中市烏日區光明路４７巷２９弄１號,64.99,都市：其他:農業區,,,1110615,土地4建物1車位0,全,四層,透天厝,住家用,鋼筋混凝土造,1150423,172.02,5,2,4,有,有,16700000,97082,,0.0,0,預售屋、或土地及建物分件登記案件；,RPXNMLRJRHLGFIB17DA,168.5,0.0,3.52,無,
烏日區,房地(土地+建物),臺中市烏日區光明路４７巷９弄１０號,63.76,都市：其他:農業區,,,1110606,土地4建物1車位0,全,四層,透天厝,住家用,鋼筋混凝土造,1150423,145.08,4,2,3,有,有,15300000,105466,,0.0,0,本案於民國112年03月08日讓渡第三人讓渡，讓渡金額為1600萬元整；本案於民國115年02月04日讓渡，讓渡金額為1650萬元整。預售屋、或土地及建物分件登記案件；,RPQOMLRJRHLGFIB56DA,141.24,0.0,3.56,無,
西屯區,房地(土地+建物)+車位,臺中市西屯區青海路二段７號八樓之５,6.8,都市：其他:第三種商業區,,,1110403,土地1建物1車位1,八層,二十四層,住宅大樓(11層含以上有電梯),住家用,鋼骨鋼筋混凝土造,1141103,87.21000000000001,2,2,1,有,有,14030000,165244,坡道機械,9.87,1250000,轉售價格新台幣1380萬元整含車位，轉售日期民國112年3月28日。預售屋、或土地及建物分件登記案件；,RPWTNLOKRHLGFCB96DA,45.49,0.0,5.14,有,
西屯區,房地(土地+建物)+車位,臺中市西屯區青海路二段５號十六樓之７,7.48,都市：其他:第三種商業區,,,1110329,土地1建物1車位1,十六層,二十四層,住宅大樓(11層含以上有電梯),住家用,鋼骨鋼筋混凝土造,1141103,112.18,2,2,1,有,有,17340000,174814,坡道平面,27.29,2500000,預售屋、或土地及建物分件登記案件；,RPUTNLOKRHLGFCB76DA,49.69,0.0,5.88,有,
西屯區,房地(土地+建物)+車位,臺中市西屯區青海路二段７號三樓之１,7.48,都市：其他:第三種商業區,,,1110320,土地1建物1車位1,三層,二十四層,住宅大樓(11層含以上有電梯),辦公用,鋼骨鋼筋混凝土造,1141103,112.32,0,0,1,有,有,15720000,164883,坡道平面,27.29,1700000,預售屋、或土地及建物分件登記案件；,RPVTNLOKRHLGFCB86DA,49.98,0.0,5.73,有,
西屯區,房地(土地+建物)+車位,臺中市西屯區市政路３８９號十九樓之２,22.03,都市：其他:第四種住宅區,,,1101003,土地1建物2車位2,十九層,二十四層,住宅大樓(11層含以上有電梯),住家用,鋼筋混凝土造,1150423,251.95000000000002,3,2,2,有,有,38560000,182130,坡道平面,70.98,5600000,預售屋、或土地及建物分件登記案件；,RPXNMLLJRHLGFCB58DA,106.1,0.0,11.02,有,
西屯區,房地(土地+建物),臺中市西屯區市政路３８９號四樓之１,20.63,都市：其他:第四種住宅區,,,1100930,土地1建物2車位0,四層,二十四層,住宅大樓(11層含以上有電梯),住家用,鋼筋混凝土造,1150423,231.75,3,2,2,有,有,38070000,164272,,0.0,0,預售屋、或土地及建物分件登記案件；,RPUQMLLMQHLGFCB78DA,126.2,0.0,23.8,有,
西屯區,房地(土地+建物)+車位,臺中市西屯區市政路３８９號四樓之２,24.45,都市：其他:第四種住宅區,,,1100926,土地1建物2車位2,四層,二十四層,住宅大樓(11層含以上有電梯),住家用,鋼筋混凝土造,1150423,280.27,3,2,2,有,有,36420000,158956,坡道平面,79.46,4500000,預售屋、或土地及建物分件登記案件；,RPVQMLLMQHLGFCB88DA,106.1,0.0,23.86,有,
西屯區,房地(土地+建物)+車位,臺中市西屯區市政路３８９號二十樓之２,23.15,都市：其他:第四種住宅區,,,1100912,土地1建物2車位2,二十層,二十四層,住宅大樓(11層含以上有電梯),住家用,鋼筋混凝土造,1150423,266.08000000000004,3,2,2,有,有,39230000,183632,坡道平面,85.12,6000000,預售屋、或土地及建物分件登記案件；,RPPOMLLJRHLGFCB87DA,106.1,0.0,11.02,有,
西屯區,房地(土地+建物)+車位,臺中市西屯區市政路３８９號二十四樓之２,19.07,都市：其他:第四種住宅區,,,1100923,土地1建物2車位1,二十四層,二十四層,住宅大樓(11層含以上有電梯),住家用,鋼筋混凝土造,1150423,216.46,3,2,2,有,有,37200000,190639,坡道平面,35.49,2700000,預售屋、或土地及建物分件登記案件；,RPWOMLLJRHLGFCB58DA,106.1,0.0,11.02,有,
西屯區,房地(土地+建物)+車位,臺中市西屯區臺灣大道三段７６１號二十九樓之５,7.54,都市：其他:第四之一種商業區,,,1100919,土地1建物1車位1,二十九層,三十六層,住宅大樓(11層含以上有電梯),住家用,鋼骨造,1141028,137.4,3,2,2,有,有,13500000,114189,坡道平面,30.56,1300000,預售屋、或土地及建物分件登記案件；,RPUPMLMJRHLGFCB58DA,62.09,2.96,4.96,有,
西屯區,房地(土地+建物)+車位,臺中市西屯區臺灣大道三段７６１號三十六樓之６,5.68,都市：其他:第四之一種商業區,,,1100919,土地1建物1車位1,三十六層,三十六層,住宅大樓(11層含以上有電梯),住家用,鋼骨造,1141028,91.81,2,2,1,有,有,10070000,115727,坡道機械,12.14,850000,預售屋、或土地及建物分件登記案件；,RPOQMLMJRHLGFCB08DA,45.59,2.13,4.47,有,
西屯區,房地(土地+建物)+車位,臺中市西屯區市政路３８９號十三樓之１,21.84,都市：其他:第四種住宅區,,,1100730,土地1建物2車位1,十三層,二十四層,住宅大樓(11層含以上有電梯),住家用,鋼筋混凝土造,1150423,247.5,3,2,2,有,有,39990000,177775,坡道平面,35.49,2300000,預售屋、或土地及建物分件登記案件；,RPWSMLLMQHLGFCB56DA,126.2,0.0,11.02,有,
西屯區,房地(土地+建物),臺中市西屯區市政路３８９號二十三樓之５,18.36,都市：其他:第四種住宅區,,,1100723,土地1建物2車位0,二十三層,二十四層,住宅大樓(11層含以上有電梯),住家用,鋼筋混凝土造,1150423,206.34,3,2,2,有,有,39980000,193758,,0.0,0,預售屋、或土地及建物分件登記案件；,RPTOMLLJRHLGFCB28DA,122.51,0.0,11.02,有,
西屯區,房地(土地+建物)+車位,臺中市西屯區市政路３８９號十五樓之２,19.16,都市：其他:第四種住宅區,,,1100728,土地1建物2車位1,十五層,二十四層,住宅大樓(11層含以上有電梯),住家用,鋼筋混凝土造,1150423,217.95,3,2,2,有,有,33520000,175564,坡道平面,36.99,1750000,預售屋、或土地及建物分件登記案件；,RPWOMLMJRHLGFCB68DA,106.1,0.0,11.02,有,
西屯區,房地(土地+建物)+車位,臺中市西屯區臺灣大道三段７６３號三十樓之３,5.35,都市：其他:第四之一種商業區,,,1100703,土地1建物1車位1,三十層,三十六層,住宅大樓(11層含以上有電梯),住家用,鋼骨造,1141028,87.82,2,2,1,有,有,8990000,108219,坡道機械,12.14,800000,預售屋、或土地及建物分件登記案件；,RPQQMLSJRHLGFCB88DA,43.32,1.93,4.34,有,
西屯區,房地(土地+建物)+車位,臺中市西屯區臺灣大道三段７６３號七樓之７,5.68,都市：其他:第四之一種商業區,,,1100518,土地1建物1車位1,七層,三十六層,住宅大樓(11層含以上有電梯),住家用,鋼骨造,1141028,93.07,2,2,1,有,有,9020000,101569,坡道機械,12.14,800000,預售屋、或土地及建物分件登記案件；,RPXQMLMJRHLGFCB98DA,47.1,1.43,4.5,有,
西屯區,房地(土地+建物)+車位,臺中市西屯區臺灣大道三段７６１號三十一樓之２,7.22,都市：其他:第四之一種商業區,,,1100424,土地1建物1車位1,三十一層,三十六層,住宅大樓(11層含以上有電梯),住家用,鋼骨造,1141028,132.85,3,2,2,有,有,12100000,107635,坡道平面,30.56,1090000,預售屋、或土地及建物分件登記案件；,RPWNMLNJRHLGFCB68DA,62.24,0.0,4.76,有,
西屯區,房地(土地+建物)+車位,臺中市西屯區臺灣大道三段７６５號十五樓之１７,5.76,都市：其他:第四之一種商業區,,,1100309,土地1建物1車位1,十五層,三十六層,住宅大樓(11層含以上有電梯),住家用,鋼骨造,1141028,93.77000000000001,2,2,1,有,有,9400000,105353,坡道機械,12.14,800000,1.讓渡日期:113年2月19日2.此申報總價為950萬元預售屋、或土地及建物分件登記案件；,RPSOMLTJPHLGFCB78DA,47.17,1.85,4.43,有,
西屯區,房地(土地+建物)+車位,臺中市西屯區臺灣大道三段７６３號二十一樓之５,5.51,都市：其他:第四之一種商業區,,,1100309,土地1建物1車位1,二十一層,三十六層,住宅大樓(11層含以上有電梯),住家用,鋼骨造,1141028,90.09,2,2,1,有,有,9180000,107505,坡道機械,12.14,800000,1.讓渡日期:112年12月20日2.此申報總價為1000萬元預售屋、或土地及建物分件登記案件；,RPQNMLNJRHLGFCB08DA,45.06,1.65,4.31,有,
西屯區,房地(土地+建物)+車位,臺中市西屯區臺灣大道三段７６３號三十二樓之１,5.92,都市：其他:第四之一種商業區,,,1100316,土地1建物1車位1,三十二層,三十六層,住宅大樓(11層含以上有電梯),住家用,鋼骨造,1141028,114.74,2,2,1,有,有,10980000,110834,坡道平面,30.56,1650000,預售屋、或土地及建物分件登記案件；,RPWNMLOJRHLGFCB78DA,47.86,3.15,4.15,有,
西屯區,房地(土地+建物)+車位,臺中市西屯區市政路３８９號十七樓之１,21.84,都市：其他:第四種住宅區,,,1100224,土地1建物2車位1,十七層,二十四層,住宅大樓(11層含以上有電梯),住家用,鋼筋混凝土造,1150423,247.5,3,2,2,有,有,42380000,188104,坡道平面,35.49,2500000,預售屋、或土地及建物分件登記案件；,RPTNMLLJRHLGFCB18DA,126.2,0.0,11.02,有,
西屯區,房地(土地+建物)+車位,臺中市西屯區臺灣大道三段７６３號五樓之６,6.65,都市：其他:第四之一種商業區,,,1100104,土地1建物1車位1,五層,三十六層,住宅大樓(11層含以上有電梯),住家用,鋼骨造,1141028,124.00999999999999,3,2,1,有,有,11200000,102194,坡道平面,30.56,1650000,預售屋、或土地及建物分件登記案件；,RPVQMLMJRHLGFCB78DA,54.06,3.01,4.16,有,
西屯區,房地(土地+建物)+車位,臺中市西屯區臺灣大道三段７６３號十六樓之５,5.51,都市：其他:第四之一種商業區,,,1091213,土地1建物1車位1,十六層,三十六層,住宅大樓(11層含以上有電梯),住家用,鋼骨造,1141028,90.09,2,2,1,有,有,9050000,105196,坡道機械,12.14,850000,預售屋、或土地及建物分件登記案件；,RPVRMLMJRHLGFCB88DA,45.06,1.65,4.31,有,
西屯區,房地(土地+建物)+車位,臺中市西屯區臺灣大道三段７６３號二十六樓之６,6.65,都市：其他:第四之一種商業區,,,1091213,土地1建物1車位1,二十六層,三十六層,住宅大樓(11層含以上有電梯),住家用,鋼骨造,1141028,124.00999999999999,3,2,1,有,有,11730000,109470,坡道平面,30.56,1500000,預售屋、或土地及建物分件登記案件；,RPUNMLNJRHLGFCB48DA,54.06,3.01,4.16,有,
西屯區,房地(土地+建物)+車位,臺中市西屯區市政路３８９號十六樓之２,22.12,都市：其他:第四種住宅區,,,1091129,土地1建物2車位2,十六層,二十四層,住宅大樓(11層含以上有電梯),住家用,鋼筋混凝土造,1150423,253.45000000000002,3,2,2,有,有,36600000,176272,坡道平面,72.48,4700000,預售屋、或土地及建物分件登記案件；,RPRTMLLMQHLGFCB78DA,106.1,0.0,11.02,有,
西屯區,房地(土地+建物)+車位,臺中市西屯區臺灣大道三段７６５號二十七樓之８,5.51,都市：其他:第四之一種商業區,,,1091111,土地1建物1車位1,二十七層,三十六層,住宅大樓(11層含以上有電梯),住家用,鋼骨造,1141028,108.31,2,2,1,有,有,10200000,113183,坡道平面,30.56,1400000,預售屋、或土地及建物分件登記案件；,RPUPMLNKQHLGFCB68DA,45.03,1.67,4.27,有,
西屯區,房地(土地+建物)+車位,臺中市西屯區臺灣大道三段７６１號二十七樓之７,5.35,都市：其他:第四之一種商業區,,,1091126,土地1建物1車位1,二十七層,三十六層,住宅大樓(11層含以上有電梯),住家用,鋼骨造,1141028,106.83000000000001,2,2,1,有,有,9980000,114184,坡道平面,31.25,1350000,預售屋、或土地及建物分件登記案件；,RPSPMLMJRHLGFCB38DA,43.39,1.82,4.28,有,
西屯區,房地(土地+建物)+車位,臺中市西屯區臺灣大道三段７６５號三十二樓之８,5.51,都市：其他:第四之一種商業區,,,1091111,土地1建物1車位1,三十二層,三十六層,住宅大樓(11層含以上有電梯),住家用,鋼骨造,1141028,108.31,2,2,1,有,有,10250000,113826,坡道平面,30.56,1400000,1.讓渡日期:114/2/222.此申報總價為1030萬元預售屋、或土地及建物分件登記案件；,RPVPMLMJRHLGFCB68DA,45.03,1.67,4.27,有,
西屯區,房地(土地+建物)+車位,臺中市西屯區臺灣大道三段７６１號七樓之５,7.54,都市：其他:第四之一種商業區,,,1091107,土地1建物1車位1,七層,三十六層,住宅大樓(11層含以上有電梯),住家用,鋼骨造,1141028,137.32,3,2,2,有,有,13200000,108187,坡道平面,30.56,1650000,預售屋、或土地及建物分件登記案件；,RPXPMLNKQHLGFCB98DA,62.01,2.96,4.96,有,
西屯區,房地(土地+建物)+車位,臺中市西屯區臺灣大道三段７６５號二十樓之７,7.62,都市：其他:第四之一種商業區,,,1091121,土地1建物1車位1,二十層,三十六層,住宅大樓(11層含以上有電梯),住家用,鋼骨造,1141028,138.79000000000002,3,2,2,有,有,13900000,113185,坡道平面,30.56,1650000,1.讓渡日期:112年11月24日2.此申報總價為1425萬元預售屋、或土地及建物分件登記案件；,RPPNMLNJRHLGFCB97DA,63.71,1.94,5.19,有,
西屯區,房地(土地+建物)+車位,臺中市西屯區臺灣大道三段７６５號二十六樓之１１,8.03,都市：其他:第四之一種商業區,,,1091117,土地1建物1車位1,二十六層,三十六層,住宅大樓(11層含以上有電梯),住家用,鋼骨造,1141028,143.65,3,2,2,有,有,14550000,114068,坡道平面,30.56,1650000,預售屋、或土地及建物分件登記案件；,RPSNMLNJRHLGFCB28DA,64.86,3.7,5.47,有,
西屯區,房地(土地+建物)+車位,臺中市西屯區臺灣大道三段７６１號三十六樓之８,5.51,都市：其他:第四之一種商業區,,,1091101,土地1建物1車位1,三十六層,三十六層,住宅大樓(11層含以上有電梯),住家用,鋼骨造,1141028,106.71000000000001,2,2,1,有,有,9900000,109708,坡道平面,28.32,1300000,1.讓渡日期:112年12月13日2.此申報總價為1088萬元預售屋、或土地及建物分件登記案件；,RPSOMLNJRHLGFCB38DA,45.21,1.96,4.15,有,
西屯區,房地(土地+建物)+車位,臺中市西屯區市政路３８９號七樓之３,25.37,都市：其他:第四種住宅區,,,1091012,土地1建物2車位2,七層,二十四層,住宅大樓(11層含以上有電梯),住家用,鋼筋混凝土造,1150423,291.13,3,2,2,有,有,38800000,168924,坡道平面,85.12,4000000,預售屋、或土地及建物分件登記案件；,RPURMLLMQHLGFCB88DA,122.3,0.0,11.02,有,
西屯區,房地(土地+建物)+車位,臺中市西屯區市政路３８９號九樓之２,22.2,都市：其他:第四種住宅區,,,1091014,土地1建物2車位2,九層,二十四層,住宅大樓(11層含以上有電梯),住家用,鋼筋混凝土造,1150423,254.94,3,2,2,有,有,34780000,166225,坡道平面,73.98,4700000,預售屋、或土地及建物分件登記案件；,RPXRMLLMQHLGFCB56DA,106.1,0.0,11.02,有,
西屯區,房地(土地+建物)+車位,臺中市西屯區市政路３８９號十九樓之１,24.79,都市：其他:第四種住宅區,,,1091003,土地1建物2車位2,十九層,二十四層,住宅大樓(11層含以上有電梯),住家用,鋼筋混凝土造,1150423,283.0,3,2,2,有,有,43000000,187246,坡道平面,70.98,3300000,1.有轉讓合約，轉讓日期:113年12月15日，轉讓金額:4438萬元整。2.配偶轉讓，轉讓日期:115年6月13日，轉讓金額不變。預售屋、或土地及建物分件登記案件；,RPVNMLLJRHLGFCB38DA,126.2,0.0,11.02,有,
西屯區,房地(土地+建物),臺中市西屯區市政路３８９號二十樓之５,18.36,都市：其他:第四種住宅區,,,1091003,土地1建物2車位0,二十層,二十四層,住宅大樓(11層含以上有電梯),住家用,鋼筋混凝土造,1150423,206.34,3,2,2,有,有,38390000,186052,,0.0,0,預售屋、或土地及建物分件登記案件；,RPROMLLJRHLGFCB08DA,122.51,0.0,11.02,有,
西屯區,房地(土地+建物)+車位,臺中市西屯區臺灣大道三段７６１號四樓之５,7.22,都市：其他:第四之一種商業區,,,1091025,土地1建物1車位1,四層,三十六層,住宅大樓(11層含以上有電梯),住家用,鋼骨造,1141028,132.82,3,2,2,有,有,12280000,105418,坡道平面,30.56,1500000,1.讓渡日期:111/2/62.此申報總價為1255萬元預售屋、或土地及建物分件登記案件；,RPUOMLMJRHLGFCB48DA,62.01,0.0,4.96,有,
西屯區,房地(土地+建物)+車位,臺中市西屯區臺灣大道三段７６１號十二樓之８,5.51,都市：其他:第四之一種商業區,,,1091022,土地1建物1車位1,十二層,三十六層,住宅大樓(11層含以上有電梯),住家用,鋼骨造,1141028,90.53,2,2,1,有,有,9180000,106264,坡道機械,12.14,850000,預售屋、或土地及建物分件登記案件；,RPVPMLNJRHLGFCB78DA,45.21,1.96,4.15,有,
西屯區,房地(土地+建物)+車位,臺中市西屯區臺灣大道三段７６３號五樓之１３,6.08,都市：其他:第四之一種商業區,,,1091018,土地1建物1車位1,五層,三十六層,住宅大樓(11層含以上有電梯),住家用,鋼骨造,1141028,115.95,2,2,1,有,有,10380000,103993,坡道平面,30.56,1500000,1.讓渡日期:115/06/25   2.此申報總價為1038萬元預售屋、或土地及建物分件登記案件；,RPORMLMJRHLGFCB18DA,49.04,3.0,3.92,有,
西屯區,房地(土地+建物)+車位,臺中市西屯區市政路３８９號五樓之５,21.32,都市：其他:第四種住宅區,,,1090917,土地1建物2車位1,五層,二十四層,住宅大樓(11層含以上有電梯),住家用,鋼筋混凝土造,1150423,241.82999999999998,3,2,2,有,有,35000000,161626,坡道平面,35.49,1650000,預售屋、或土地及建物分件登記案件；,RPORMLLMQHLGFCB28DA,122.51,0.0,11.02,有,
西屯區,房地(土地+建物)+車位,臺中市西屯區市政路３８９號九樓之３,24.25,都市：其他:第四種住宅區,,,1090905,土地1建物2車位2,九層,二十四層,住宅大樓(11層含以上有電梯),住家用,鋼筋混凝土造,1150423,277.0,3,2,2,有,有,39330000,170517,坡道平面,70.98,4200000,預售屋、或土地及建物分件登記案件；,RPPSMLLMQHLGFCB48DA,122.3,0.0,11.02,有,
西屯區,房地(土地+建物)+車位,臺中市西屯區市政路３８９號二十樓之３,25.37,都市：其他:第四種住宅區,,,1090919,土地1建物2車位2,二十層,二十四層,住宅大樓(11層含以上有電梯),住家用,鋼筋混凝土造,1150423,291.13,3,2,2,有,有,44210000,187903,坡道平面,85.12,5500000,有轉讓合約，轉讓日期:111年6月5日，轉讓金額:4566萬元整。預售屋、或土地及建物分件登記案件；,RPRNMLMJRHLGFCB08DA,122.3,0.0,11.02,有,
西屯區,房地(土地+建物)+車位,臺中市西屯區臺灣大道三段７６１號九樓之９,5.92,都市：其他:第四之一種商業區,,,1090916,土地1建物1車位1,九層,三十六層,住宅大樓(11層含以上有電梯),住家用,鋼骨造,1141028,114.65,2,2,1,有,有,10150000,102866,坡道平面,30.56,1500000,預售屋、或土地及建物分件登記案件；,RPOPMLNKQHLGFCB08DA,47.86,3.06,4.15,有,
西屯區,房地(土地+建物)+車位,臺中市西屯區臺灣大道三段７６１號十六樓之５,7.54,都市：其他:第四之一種商業區,,,1090916,土地1建物1車位1,十六層,三十六層,住宅大樓(11層含以上有電梯),住家用,鋼骨造,1141028,137.32,3,2,2,有,有,13450000,111933,坡道平面,30.56,1500000,預售屋、或土地及建物分件登記案件；,RPQPMLNKQHLGFCB28DA,62.01,2.96,4.96,有,
西屯區,房地(土地+建物)+車位,臺中市西屯區市政路３８９號六樓之２,22.03,都市：其他:第四種住宅區,,,1090804,土地1建物2車位2,六層,二十四層,住宅大樓(11層含以上有電梯),住家用,鋼筋混凝土造,1150423,251.95000000000002,3,2,2,有,有,32520000,161463,坡道平面,70.98,3300000,1.有轉讓合約，轉讓日期:113年5月11日，轉讓金額:3650萬元整。2.配偶轉讓，轉讓日期:115年5月22日，轉讓金額不變。預售屋、或土地及建物分件登記案件；,RPQRMLLMQHLGFCB48DA,106.1,0.0,11.02,有,
西屯區,房地(土地+建物)+車位,臺中市西屯區市政路３８９號七樓之５,24.27,都市：其他:第四種住宅區,,,1090816,土地1建物2車位2,七層,二十四層,住宅大樓(11層含以上有電梯),住家用,鋼筋混凝土造,1150423,277.33000000000004,3,2,2,有,有,37380000,165156,坡道平面,70.98,3300000,預售屋、或土地及建物分件登記案件；,RPVRMLLMQHLGFCB98DA,122.51,0.0,11.02,有,
西屯區,房地(土地+建物)+車位,臺中市西屯區市政路３８９號十一樓之２,22.03,都市：其他:第四種住宅區,,,1090818,土地1建物2車位2,十一層,二十四層,住宅大樓(11層含以上有電梯),住家用,鋼筋混凝土造,1150423,251.95000000000002,3,2,2,有,有,35100000,168536,坡道平面,70.98,4600000,預售屋、或土地及建物分件登記案件；,RPSSMLLMQHLGFCB78DA,106.1,0.0,11.02,有,
西屯區,房地(土地+建物)+車位,臺中市西屯區市政路３８９號十一樓之５,24.27,都市：其他:第四種住宅區,,,1090817,土地1建物2車位2,十一層,二十四層,住宅大樓(11層含以上有電梯),住家用,鋼筋混凝土造,1150423,277.33000000000004,3,2,2,有,有,39880000,170972,坡道平面,70.98,4600000,預售屋、或土地及建物分件登記案件；,RPUSMLLMQHLGFCB98DA,122.51,0.0,11.02,有,
西屯區,房地(土地+建物),臺中市西屯區市政路３８９號十六樓之１,18.88,都市：其他:第四種住宅區,,,1090818,土地1建物2車位0,十六層,二十四層,住宅大樓(11層含以上有電梯),住家用,鋼筋混凝土造,1150423,212.01,3,2,2,有,有,38700000,182539,,0.0,0,預售屋、或土地及建物分件登記案件；,RPQTMLLMQHLGFCB68DA,126.2,0.0,11.02,有,
西屯區,房地(土地+建物)+車位,臺中市西屯區市政路３８９號十六樓之３,25.37,都市：其他:第四種住宅區,,,1090818,土地1建物2車位2,十六層,二十四層,住宅大樓(11層含以上有電梯),住家用,鋼筋混凝土造,1150423,291.13,3,2,2,有,有,42970000,181884,坡道平面,85.12,5500000,預售屋、或土地及建物分件登記案件；,RPSTMLLMQHLGFCB88DA,122.3,0.0,11.02,有,
西屯區,房地(土地+建物)+車位,臺中市西屯區市政路３８９號十八樓之２,22.2,都市：其他:第四種住宅區,,,1090809,土地1建物2車位2,十八層,二十四層,住宅大樓(11層含以上有電梯),住家用,鋼筋混凝土造,1150423,254.94,3,2,2,有,有,37500000,178492,坡道平面,73.98,5200000,預售屋、或土地及建物分件登記案件；,RPUNMLLJRHLGFCB28DA,106.1,0.0,11.02,有,
西屯區,房地(土地+建物),臺中市西屯區市政路３８９號十九樓之３,18.34,都市：其他:第四種住宅區,,,1090809,土地1建物2車位0,十九層,二十四層,住宅大樓(11層含以上有電梯),住家用,鋼筋混凝土造,1150423,206.01,3,2,2,有,有,38400000,186399,,0.0,0,預售屋、或土地及建物分件登記案件；,RPOOMLLJRHLGFCB77DA,122.3,0.0,11.02,有,
西屯區,房地(土地+建物)+車位,臺中市西屯區市政路３８９號十五樓之３,24.25,都市：其他:第四種住宅區,,,1090818,土地1建物2車位2,十五層,二十四層,住宅大樓(11層含以上有電梯),住家用,鋼筋混凝土造,1150423,277.0,3,2,2,有,有,41630000,180711,坡道平面,70.98,4400000,預售屋、或土地及建物分件登記案件；,RPQNMLMJRHLGFCB97DA,122.3,0.0,11.02,有,
西屯區,房地(土地+建物)+車位,臺中市西屯區市政路３８９號六樓之１,28.31,都市：其他:第四種住宅區,,,1090827,土地1建物2車位3,六層,二十四層,住宅大樓(11層含以上有電梯),住家用,鋼筋混凝土造,1150423,325.56,3,2,2,有,有,41450000,168145,坡道平面,113.54,5800000,預售屋、或土地及建物分件登記案件；,RPVOMLMJRHLGFCB58DA,126.2,0.0,11.02,有,
西屯區,房地(土地+建物)+車位,臺中市西屯區臺灣大道三段７６３號十二樓之１,5.92,都市：其他:第四之一種商業區,,,1090825,土地1建物1車位1,十二層,三十六層,住宅大樓(11層含以上有電梯),住家用,鋼骨造,1141028,114.74,2,2,1,有,有,10200000,104538,坡道平面,30.56,1400000,1.讓渡日期:112/4/102.此申報總價為1068萬元預售屋、或土地及建物分件登記案件；,RPQPMLMJRHLGFCB18DA,47.86,3.15,4.15,有,
西屯區,房地(土地+建物)+車位,臺中市西屯區臺灣大道三段７６１號二十七樓之１１,5.68,都市：其他:第四之一種商業區,,,1090806,土地1建物1車位1,二十七層,三十六層,住宅大樓(11層含以上有電梯),住家用,鋼骨造,1141028,91.85,2,2,1,有,有,9930000,112658,坡道機械,12.14,950000,預售屋、或土地及建物分件登記案件；,RPSRMLMJRHLGFCB58DA,46.59,1.53,4.11,有,
西屯區,房地(土地+建物)+車位,臺中市西屯區臺灣大道三段７６３號九樓之３,5.35,都市：其他:第四之一種商業區,,,1090822,土地1建物1車位1,九層,三十六層,住宅大樓(11層含以上有電梯),住家用,鋼骨造,1141028,87.82,2,2,1,有,有,8770000,104651,坡道機械,12.14,850000,1.讓渡日期:111/04/272.此申報總價為892萬元預售屋、或土地及建物分件登記案件；,RPOOMLOJRHLGFCB08DA,43.32,1.93,4.34,有,
西屯區,房地(土地+建物)+車位,臺中市西屯區臺灣大道三段７６１號二十五樓之５,7.54,都市：其他:第四之一種商業區,,,1090801,土地1建物1車位1,二十五層,三十六層,住宅大樓(11層含以上有電梯),住家用,鋼骨造,1141028,137.4,3,2,2,有,有,13500000,114189,坡道平面,30.56,1300000,預售屋、或土地及建物分件登記案件；,RPRNMLNJRHLGFCB18DA,62.09,2.96,4.96,有,
西屯區,房地(土地+建物)+車位,臺中市西屯區臺灣大道三段７６１號二十六樓之５,7.54,都市：其他:第四之一種商業區,,,1090801,土地1建物1車位1,二十六層,三十六層,住宅大樓(11層含以上有電梯),住家用,鋼骨造,1141028,137.4,3,2,2,有,有,13500000,114189,坡道平面,30.56,1300000,預售屋、或土地及建物分件登記案件；,RPTNMLNJRHLGFCB38DA,62.09,2.96,4.96,有,
西屯區,房地(土地+建物)+車位,臺中市西屯區臺灣大道三段７６１號三十樓之２,7.46,都市：其他:第四之一種商業區,,,1090809,土地1建物1車位1,三十層,三十六層,住宅大樓(11層含以上有電梯),住家用,鋼骨造,1141028,135.72,3,2,2,有,有,13350000,111259,坡道平面,30.56,1650000,1.讓渡日期:113年12月6日2.此申報總價為1360萬元預售屋、或土地及建物分件登記案件；,RPVNMLNJRHLGFCB58DA,62.24,1.89,4.76,有,
西屯區,房地(土地+建物)+車位,臺中市西屯區臺灣大道三段７６５號五樓之１６,5.59,都市：其他:第四之一種商業區,,,1090802,土地1建物1車位1,五層,三十六層,住宅大樓(11層含以上有電梯),住家用,鋼骨造,1141028,90.87,2,2,1,有,有,8880000,101994,坡道機械,12.14,850000,預售屋、或土地及建物分件登記案件；,RPUPMLNJRHLGFCB68DA,45.34,2.0,4.18,有,
西屯區,房地(土地+建物)+車位,臺中市西屯區市政路３８９號四樓之３,23.06,都市：其他:第四種住宅區,,,1090730,土地1建物2車位1,四層,二十四層,住宅大樓(11層含以上有電梯),住家用,鋼筋混凝土造,1150423,261.38,3,2,2,有,有,38150000,160476,坡道平面,35.49,1900000,預售屋、或土地及建物分件登記案件；,RPWQMLLMQHLGFCB98DA,122.3,0.0,23.86,有,
西屯區,房地(土地+建物)+車位,臺中市西屯區市政路３８９號五樓之２,19.07,都市：其他:第四種住宅區,,,1090725,土地1建物2車位1,五層,二十四層,住宅大樓(11層含以上有電梯),住家用,鋼筋混凝土造,1150423,216.46,3,2,2,有,有,30690000,160469,坡道平面,35.49,1650000,預售屋、或土地及建物分件登記案件；,RPXQMLLMQHLGFCB09DA,106.1,0.0,11.02,有,
西屯區,房地(土地+建物)+車位,臺中市西屯區市政路３８９號七樓之１,24.79,都市：其他:第四種住宅區,,,1090725,土地1建物2車位2,七層,二十四層,住宅大樓(11層含以上有電梯),住家用,鋼筋混凝土造,1150423,283.0,3,2,2,有,有,39120000,168946,坡道平面,70.98,3300000,預售屋、或土地及建物分件登記案件；,RPSRMLLMQHLGFCB68DA,126.2,0.0,11.02,有,
西屯區,房地(土地+建物)+車位,臺中市西屯區市政路３８９號七樓之２,21.55,都市：其他:第四種住宅區,,,1090731,土地1建物2車位2,七層,二十四層,住宅大樓(11層含以上有電梯),住家用,鋼筋混凝土造,1150423,245.97,3,2,2,有,有,32750000,163287,坡道平面,65.0,3200000,預售屋、或土地及建物分件登記案件；,RPTRMLLMQHLGFCB78DA,106.1,0.0,11.02,有,
西屯區,房地(土地+建物)+車位,臺中市西屯區市政路３８９號八樓之５,24.27,都市：其他:第四種住宅區,,,1090730,土地1建物2車位2,八層,二十四層,住宅大樓(11層含以上有電梯),住家用,鋼筋混凝土造,1150423,277.33000000000004,3,2,2,有,有,38450000,167192,坡道平面,70.98,3950000,預售屋、或土地及建物分件登記案件；,RPWRMLLMQHLGFCB09DA,122.51,0.0,11.02,有,
西屯區,房地(土地+建物)+車位,臺中市西屯區市政路３８９號九樓之５,24.27,都市：其他:第四種住宅區,,,1090728,土地1建物2車位2,九層,二十四層,住宅大樓(11層含以上有電梯),住家用,鋼筋混凝土造,1150423,277.33000000000004,3,2,2,有,有,38750000,168646,坡道平面,70.98,3950000,預售屋、或土地及建物分件登記案件；,RPQSMLLMQHLGFCB58DA,122.51,0.0,11.02,有,
西屯區,房地(土地+建物)+車位,臺中市西屯區市政路３８９號十一樓之３,24.25,都市：其他:第四種住宅區,,,1090726,土地1建物2車位2,十一層,二十四層,住宅大樓(11層含以上有電梯),住家用,鋼筋混凝土造,1150423,277.0,3,2,2,有,有,39140000,170809,坡道平面,70.98,3950000,預售屋、或土地及建物分件登記案件；,RPTSMLLMQHLGFCB88DA,122.3,0.0,11.02,有,
西屯區,房地(土地+建物)+車位,臺中市西屯區市政路３８９號十二樓之５,21.64,都市：其他:第四種住宅區,,,1090730,土地1建物2車位1,十二層,二十四層,住宅大樓(11層含以上有電梯),住家用,鋼筋混凝土造,1150423,246.07,3,2,2,有,有,38550000,173258,坡道平面,39.73,2800000,預售屋、或土地及建物分件登記案件；,RPVSMLLMQHLGFCB09DA,122.51,0.0,11.02,有,
西屯區,房地(土地+建物)+車位,臺中市西屯區市政路３８９號二十二樓之３,24.25,都市：其他:第四種住宅區,,,1090731,土地1建物2車位2,二十二層,二十四層,住宅大樓(11層含以上有電梯),住家用,鋼筋混凝土造,1150423,277.0,3,2,2,有,有,43850000,188089,坡道平面,70.98,5100000,預售屋、或土地及建物分件登記案件；,RPSOMLLJRHLGFCB18DA,122.3,0.0,11.02,有,
西屯區,房地(土地+建物)+車位,臺中市西屯區市政路３８９號二十四樓之１,24.88,都市：其他:第四種住宅區,,,1090731,土地1建物2車位2,二十四層,二十四層,住宅大樓(11層含以上有電梯),住家用,鋼筋混凝土造,1150423,284.49,3,2,2,有,有,46850000,196453,坡道平面,72.48,5200000,預售屋、或土地及建物分件登記案件；,RPUOMLLJRHLGFCB38DA,126.2,0.0,11.02,有,
沙鹿區,土地,慶安段919地號,595.74,都市：其他:保護區,,,1090709,土地3建物0車位0,,,其他,,,,0.0,0,0,0,無,無,1500000,2518,,0.0,0,親友、員工、共有人或其他特殊關係間之交易；,SPUNMLTJRHLGFFB86DA,0.0,0.0,0.0,無,0149
西屯區,房地(土地+建物)+車位,臺中市西屯區市政路３８９號十樓之５,24.27,都市：其他:第四種住宅區,,,1090727,土地1建物2車位2,十層,二十四層,住宅大樓(11層含以上有電梯),住家用,鋼筋混凝土造,1150423,277.33000000000004,3,2,2,有,有,39700000,170099,坡道平面,70.98,4600000,,RPWPMLNJRHLGFCB88DA,122.51,0.0,11.02,有,
西屯區,房地(土地+建物)+車位,臺中市西屯區臺灣大道三段７６５號二十四樓之２,5.59,都市：其他:第四之一種商業區,,,1090702,土地1建物1車位1,二十四層,三十六層,住宅大樓(11層含以上有電梯),住家用,鋼骨造,1141028,109.28,2,2,1,有,有,9630000,105818,坡道平面,30.56,1300000,預售屋、或土地及建物分件登記案件；,RPSPMLNKQHLGFCB48DA,45.34,2.0,4.18,有,
西屯區,房地(土地+建物)+車位,臺中市西屯區臺灣大道三段７６３號十三樓之１３,6.08,都市：其他:第四之一種商業區,,,1090722,土地1建物1車位1,十三層,三十六層,住宅大樓(11層含以上有電梯),住家用,鋼骨造,1141028,115.95,2,2,1,有,有,10700000,107741,坡道平面,30.56,1500000,預售屋、或土地及建物分件登記案件；,RPRPMLMJRHLGFCB28DA,49.04,3.0,3.92,有,
西屯區,房地(土地+建物)+車位,臺中市西屯區臺灣大道三段７６１號十七樓之３,7.54,都市：其他:第四之一種商業區,,,1090704,土地1建物1車位1,十七層,三十六層,住宅大樓(11層含以上有電梯),住家用,鋼骨造,1141028,136.94,3,2,2,有,有,13120000,109231,坡道平面,30.56,1500000,預售屋、或土地及建物分件登記案件；,RPRRMLMJRHLGFCB48DA,63.52,2.16,4.01,有,
西屯區,房地(土地+建物)+車位,臺中市西屯區臺灣大道三段７６５號三樓之６,7.78,都市：其他:第四之一種商業區,,,1090701,土地1建物1車位1,三層,三十六層,住宅大樓(11層含以上有電梯),辦公用,鋼骨造,1141028,140.99,0,0,0,無,有,13290000,106764,坡道平面,30.56,1500000,預售屋、或土地及建物分件登記案件；,RPUQMLMJRHLGFCB68DA,67.85,0.0,4.5,有,
西屯區,房地(土地+建物)+車位,臺中市西屯區臺灣大道三段７６３號十樓之１２,5.76,都市：其他:第四之一種商業區,,,1090706,土地1建物1車位1,十層,三十六層,住宅大樓(11層含以上有電梯),住家用,鋼骨造,1141028,93.36,2,2,1,有,有,9560000,107240,坡道機械,12.14,850000,預售屋、或土地及建物分件登記案件；,RPURMLMJRHLGFCB78DA,47.45,1.53,4.2,有,
西屯區,房地(土地+建物)+車位,臺中市西屯區臺灣大道三段７６５號三十二樓之３,7.54,都市：其他:第四之一種商業區,,,1090710,土地1建物1車位1,三十二層,三十六層,住宅大樓(11層含以上有電梯),住家用,鋼骨造,1141028,138.59,3,2,2,有,有,13600000,110617,坡道平面,30.56,1650000,1.讓渡日期:112年10月17日2.此申報總價為1397萬元預售屋、或土地及建物分件登記案件；,RPOOMLNJRHLGFCB97DA,64.84,1.84,4.1,有,
西屯區,房地(土地+建物)+車位,臺中市西屯區臺灣大道三段７６１號三十五樓之２,7.46,都市：其他:第四之一種商業區,,,1090715,土地1建物1車位1,三十五層,三十六層,住宅大樓(11層含以上有電梯),住家用,鋼骨造,1141028,135.72,3,2,2,有,有,13480000,111544,坡道平面,30.56,1750000,預售屋、或土地及建物分件登記案件；,RPQOMLNJRHLGFCB18DA,62.24,1.89,4.76,有,
西屯區,房地(土地+建物)+車位,臺中市西屯區臺灣大道三段７６１號三十五樓之３,7.54,都市：其他:第四之一種商業區,,,1090630,土地1建物1車位1,三十五層,三十六層,住宅大樓(11層含以上有電梯),住家用,鋼骨造,1141028,137.37,3,2,2,有,有,13580000,111694,坡道平面,30.56,1650000,預售屋、或土地及建物分件登記案件；,RPROMLNJRHLGFCB28DA,63.81,2.16,4.01,有,
沙鹿區,土地,慶安段919地號,595.74,都市：其他:保護區,,,1081129,土地3建物0車位0,,,其他,,,,0.0,0,0,0,無,無,1500000,2518,,0.0,0,親友、員工、共有人或其他特殊關係間之交易；,RPUNMLTJRHLGFFB76DA,0.0,0.0,0.0,無,0149
